<?xml version="1.0" encoding="UTF-8"?>

<Bundle xmlns="http://hl7.org/fhir">
  <id value="73555263-3ab4-44a8-88af-13f60f750f31"/>
  <meta>
    <lastUpdated value="2023-06-13T14:37:26.508-05:00"/>
  </meta>
  <type value="collection"/>
  <entry>
    <fullUrl value="https://johnmoehrke.github.io/MHV-PHR/ValueSet/AllergyCategoryVS"/>
    <resource>
      <ValueSet>
        <text>
          <status value="generated"/>
          <div xmlns="http://www.w3.org/1999/xhtml">
            <p>This value set contains 3 concepts</p>
            <p style="border: black 1px dotted; background-color: #EEEEEE; padding: 8px; margin-bottom: 8px">Expansion based on 
              <a href="http://hl7.org/fhir/R4/codesystem-allergy-intolerance-category.html">AllergyIntoleranceCategory v4.0.1 (CodeSystem)</a>
            </p>
            <table class="codes">
              <tr>
                <td style="white-space:nowrap">
                  <b>Code</b>
                </td>
                <td>
                  <b>System</b>
                </td>
                <td>
                  <b>Display</b>
                </td>
                <td>
                  <b>Definition</b>
                </td>
              </tr>
              <tr>
                <td style="white-space:nowrap">
                  <a name="http---hl7.org-fhir-allergy-intolerance-category-food"> </a>  
                  <a href="http://hl7.org/fhir/R4/codesystem-allergy-intolerance-category.html#allergy-intolerance-category-food">food</a>
                </td>
                <td>http://hl7.org/fhir/allergy-intolerance-category</td>
                <td>Food</td>
                <td>
                  <div>
                    <p>Any substance consumed to provide nutritional support for the body.</p>

                  </div>
                </td>
              </tr>
              <tr>
                <td style="white-space:nowrap">
                  <a name="http---hl7.org-fhir-allergy-intolerance-category-medication"> </a>  
                  <a href="http://hl7.org/fhir/R4/codesystem-allergy-intolerance-category.html#allergy-intolerance-category-medication">medication</a>
                </td>
                <td>http://hl7.org/fhir/allergy-intolerance-category</td>
                <td>Medication</td>
                <td>
                  <div>
                    <p>Substances administered to achieve a physiological effect.</p>

                  </div>
                </td>
              </tr>
              <tr>
                <td style="white-space:nowrap">
                  <a name="http---hl7.org-fhir-allergy-intolerance-category-environment"> </a>  
                  <a href="http://hl7.org/fhir/R4/codesystem-allergy-intolerance-category.html#allergy-intolerance-category-environment">environment</a>
                </td>
                <td>http://hl7.org/fhir/allergy-intolerance-category</td>
                <td>Environment</td>
                <td>
                  <div>
                    <p>Any substances that are encountered in the environment, including any substance not already classified as food, medication, or biologic.</p>

                  </div>
                </td>
              </tr>
            </table>
          </div>
        </text>
        <url value="https://johnmoehrke.github.io/MHV-PHR/ValueSet/AllergyCategoryVS"/>
        <version value="0.1.16-beta"/>
        <name value="AllergyCategoryVS"/>
        <title value="Subset of allergy intolerance category"/>
        <status value="active"/>
        <experimental value="false"/>
        <date value="2023-06-13T14:37:26-05:00"/>
        <jurisdiction>
          <coding>
            <system value="urn:iso:std:iso:3166"/>
            <code value="US"/>
          </coding>
        </jurisdiction>
        <expansion>
          <identifier value="urn:uuid:42137ed3-5553-4c05-be6f-5f14a328c59d"/>
          <timestamp value="2023-06-13T14:40:13-05:00"/>
          <total value="3"/>
          <parameter>
            <name value="excludeNested"/>
            <valueBoolean value="false"/>
          </parameter>
          <parameter>
            <name value="version"/>
            <valueUri value="http://hl7.org/fhir/allergy-intolerance-category|4.0.1"/>
          </parameter>
          <contains>
            <system value="http://hl7.org/fhir/allergy-intolerance-category"/>
            <code value="food"/>
            <display value="Food"/>
          </contains>
          <contains>
            <system value="http://hl7.org/fhir/allergy-intolerance-category"/>
            <code value="medication"/>
            <display value="Medication"/>
          </contains>
          <contains>
            <system value="http://hl7.org/fhir/allergy-intolerance-category"/>
            <code value="environment"/>
            <display value="Environment"/>
          </contains>
        </expansion>
      </ValueSet>
    </resource>
  </entry>
  <entry>
    <fullUrl value="https://johnmoehrke.github.io/MHV-PHR/ValueSet/ConditionVerificationVS"/>
    <resource>
      <ValueSet>
        <text>
          <status value="generated"/>
          <div xmlns="http://www.w3.org/1999/xhtml">
            <p>This value set contains 2 concepts</p>
            <p style="border: black 1px dotted; background-color: #EEEEEE; padding: 8px; margin-bottom: 8px">Expansion based on 
              <a href="http://terminology.hl7.org/3.1.0/CodeSystem-condition-ver-status.html">ConditionVerificationStatus v0.5.0 (CodeSystem)</a>
            </p>
            <table class="codes">
              <tr>
                <td style="white-space:nowrap">
                  <b>Code</b>
                </td>
                <td>
                  <b>System</b>
                </td>
                <td>
                  <b>Display</b>
                </td>
                <td>
                  <b>Definition</b>
                </td>
              </tr>
              <tr>
                <td style="white-space:nowrap">
                  <a name="http---terminology.hl7.org-CodeSystem-condition-ver-status-confirmed"> </a>  
                  <a href="http://terminology.hl7.org/3.1.0/CodeSystem-condition-ver-status.html#condition-ver-status-confirmed">confirmed</a>
                </td>
                <td>http://terminology.hl7.org/CodeSystem/condition-ver-status</td>
                <td>Confirmed</td>
                <td>
                  <div>
                    <p>There is sufficient diagnostic and/or clinical evidence to treat this as a confirmed condition.</p>

                  </div>
                </td>
              </tr>
              <tr>
                <td style="white-space:nowrap">
                  <a name="http---terminology.hl7.org-CodeSystem-condition-ver-status-unconfirmed"> </a>  
                  <a href="http://terminology.hl7.org/3.1.0/CodeSystem-condition-ver-status.html#condition-ver-status-unconfirmed">unconfirmed</a>
                </td>
                <td>http://terminology.hl7.org/CodeSystem/condition-ver-status</td>
                <td>Unconfirmed</td>
                <td>
                  <div>
                    <p>There is not sufficient diagnostic and/or clinical evidence to treat this as a confirmed condition.</p>

                  </div>
                </td>
              </tr>
            </table>
          </div>
        </text>
        <url value="https://johnmoehrke.github.io/MHV-PHR/ValueSet/ConditionVerificationVS"/>
        <version value="0.1.16-beta"/>
        <name value="ConditionVerificationVS"/>
        <title value="Subset of condition verification status"/>
        <status value="active"/>
        <experimental value="false"/>
        <date value="2023-06-13T14:37:26-05:00"/>
        <jurisdiction>
          <coding>
            <system value="urn:iso:std:iso:3166"/>
            <code value="US"/>
          </coding>
        </jurisdiction>
        <expansion>
          <identifier value="urn:uuid:ab5746f0-24f3-4690-999d-06a5812c8f91"/>
          <timestamp value="2023-06-13T14:40:13-05:00"/>
          <total value="2"/>
          <parameter>
            <name value="excludeNested"/>
            <valueBoolean value="false"/>
          </parameter>
          <parameter>
            <name value="version"/>
            <valueUri value="http://terminology.hl7.org/CodeSystem/condition-ver-status|0.5.0"/>
          </parameter>
          <contains>
            <system value="http://terminology.hl7.org/CodeSystem/condition-ver-status"/>
            <code value="confirmed"/>
            <display value="Confirmed"/>
          </contains>
          <contains>
            <system value="http://terminology.hl7.org/CodeSystem/condition-ver-status"/>
            <code value="unconfirmed"/>
            <display value="Unconfirmed"/>
          </contains>
        </expansion>
      </ValueSet>
    </resource>
  </entry>
  <entry>
    <fullUrl value="https://johnmoehrke.github.io/MHV-PHR/ValueSet/DocumentReferenceTypeVS"/>
    <resource>
      <ValueSet>
        <text>
          <status value="generated"/>
          <div xmlns="http://www.w3.org/1999/xhtml">
            <p>This value set contains 4 concepts</p>
            <div style="border: black 1px dotted; background-color: #EEEEEE; padding: 8px; margin-bottom: 8px">
              <p>Expansion based on: </p>
              <ul>
                <li>
                  <a href="ValueSet-NoteTypeVS.html">Known Note types v0.1.16-beta (ValueSet)</a>
                </li>
                <li>Loinc v2.74</li>
              </ul>
            </div>
            <table class="codes">
              <tr>
                <td style="white-space:nowrap">
                  <b>Code</b>
                </td>
                <td>
                  <b>System</b>
                </td>
                <td>
                  <b>Display</b>
                </td>
              </tr>
              <tr>
                <td style="white-space:nowrap">
                  <a name="http---loinc.org-11505-5"> </a>  
                  <a href="https://loinc.org/11505-5/">11505-5</a>
                </td>
                <td>http://loinc.org</td>
                <td>Physician procedure note</td>
              </tr>
              <tr>
                <td style="white-space:nowrap">
                  <a name="http---loinc.org-18842-5"> </a>  
                  <a href="https://loinc.org/18842-5/">18842-5</a>
                </td>
                <td>http://loinc.org</td>
                <td>Discharge summary</td>
              </tr>
              <tr>
                <td style="white-space:nowrap">
                  <a name="http---loinc.org-11524-6"> </a>  
                  <a href="https://loinc.org/11524-6/">11524-6</a>
                </td>
                <td>http://loinc.org</td>
                <td>EKG study</td>
              </tr>
              <tr>
                <td style="white-space:nowrap">
                  <a name="http---loinc.org-18748-4"> </a>  
                  <a href="https://loinc.org/18748-4/">18748-4</a>
                </td>
                <td>http://loinc.org</td>
                <td>Diagnostic imaging study</td>
              </tr>
            </table>
          </div>
        </text>
        <url value="https://johnmoehrke.github.io/MHV-PHR/ValueSet/DocumentReferenceTypeVS"/>
        <version value="0.1.16-beta"/>
        <name value="DocumentReferenceTypeVS"/>
        <title value="Known DocumentReference types"/>
        <status value="active"/>
        <experimental value="false"/>
        <date value="2023-06-13T14:37:26-05:00"/>
        <jurisdiction>
          <coding>
            <system value="urn:iso:std:iso:3166"/>
            <code value="US"/>
          </coding>
        </jurisdiction>
        <expansion>
          <identifier value="urn:uuid:2c401326-6852-4ead-a85c-97e249e26b7b"/>
          <timestamp value="2023-06-13T14:40:14-05:00"/>
          <total value="4"/>
          <parameter>
            <name value="excludeNested"/>
            <valueBoolean value="false"/>
          </parameter>
          <parameter>
            <name value="version"/>
            <valueUri value="https://johnmoehrke.github.io/MHV-PHR/ValueSet/NoteTypeVS|0.1.16-beta"/>
          </parameter>
          <parameter>
            <name value="limitedExpansion"/>
            <valueBoolean value="true"/>
          </parameter>
          <parameter>
            <name value="version"/>
            <valueUri value="http://loinc.org|2.74"/>
          </parameter>
          <parameter>
            <name value="excludeNested"/>
            <valueBoolean value="true"/>
          </parameter>
          <contains>
            <system value="http://loinc.org"/>
            <code value="11505-5"/>
            <display value="Physician procedure note"/>
          </contains>
          <contains>
            <system value="http://loinc.org"/>
            <code value="18842-5"/>
            <display value="Discharge summary"/>
          </contains>
          <contains>
            <system value="http://loinc.org"/>
            <code value="11524-6"/>
            <display value="EKG study"/>
          </contains>
          <contains>
            <system value="http://loinc.org"/>
            <code value="18748-4"/>
            <display value="Diagnostic imaging study"/>
          </contains>
        </expansion>
      </ValueSet>
    </resource>
  </entry>
  <entry>
    <fullUrl value="https://johnmoehrke.github.io/MHV-PHR/ValueSet/LabReportVS"/>
    <resource>
      <ValueSet>
        <text>
          <status value="generated"/>
          <div xmlns="http://www.w3.org/1999/xhtml">
            <p>This value set contains 2 concepts</p>
            <p style="border: black 1px dotted; background-color: #EEEEEE; padding: 8px; margin-bottom: 8px">Expansion based on Loinc v2.74</p>
            <table class="codes">
              <tr>
                <td style="white-space:nowrap">
                  <b>Code</b>
                </td>
                <td>
                  <b>System</b>
                </td>
                <td>
                  <b>Display</b>
                </td>
              </tr>
              <tr>
                <td style="white-space:nowrap">
                  <a name="http---loinc.org-79381-0"> </a>  
                  <a href="https://loinc.org/79381-0/">79381-0</a>
                </td>
                <td>http://loinc.org</td>
                <td>Gastrointestinal pathogens panel - Stool by NAA with probe detection</td>
              </tr>
              <tr>
                <td style="white-space:nowrap">
                  <a name="http---loinc.org-60567-5"> </a>  
                  <a href="https://loinc.org/60567-5/">60567-5</a>
                </td>
                <td>http://loinc.org</td>
                <td>Comprehensive pathology report panel</td>
              </tr>
            </table>
          </div>
        </text>
        <url value="https://johnmoehrke.github.io/MHV-PHR/ValueSet/LabReportVS"/>
        <version value="0.1.16-beta"/>
        <name value="LabReportVS"/>
        <title value="Known Lab Report types"/>
        <status value="active"/>
        <experimental value="false"/>
        <date value="2023-06-13T14:37:26-05:00"/>
        <jurisdiction>
          <coding>
            <system value="urn:iso:std:iso:3166"/>
            <code value="US"/>
          </coding>
        </jurisdiction>
        <expansion>
          <identifier value="urn:uuid:3cd2e84f-c8be-4b85-b2ba-7d5af1df9b6f"/>
          <timestamp value="2023-06-13T14:40:14-05:00"/>
          <total value="2"/>
          <parameter>
            <name value="excludeNested"/>
            <valueBoolean value="false"/>
          </parameter>
          <parameter>
            <name value="limitedExpansion"/>
            <valueBoolean value="true"/>
          </parameter>
          <parameter>
            <name value="version"/>
            <valueUri value="http://loinc.org|2.74"/>
          </parameter>
          <contains>
            <system value="http://loinc.org"/>
            <code value="79381-0"/>
            <display value="Gastrointestinal pathogens panel - Stool by NAA with probe detection"/>
          </contains>
          <contains>
            <system value="http://loinc.org"/>
            <code value="60567-5"/>
            <display value="Comprehensive pathology report panel"/>
          </contains>
        </expansion>
      </ValueSet>
    </resource>
  </entry>
  <entry>
    <fullUrl value="https://johnmoehrke.github.io/MHV-PHR/ValueSet/NoteTypeVS"/>
    <resource>
      <ValueSet>
        <text>
          <status value="generated"/>
          <div xmlns="http://www.w3.org/1999/xhtml">
            <p>This value set contains 2 concepts</p>
            <p style="border: black 1px dotted; background-color: #EEEEEE; padding: 8px; margin-bottom: 8px">Expansion based on Loinc v2.74</p>
            <table class="codes">
              <tr>
                <td style="white-space:nowrap">
                  <b>Code</b>
                </td>
                <td>
                  <b>System</b>
                </td>
                <td>
                  <b>Display</b>
                </td>
              </tr>
              <tr>
                <td style="white-space:nowrap">
                  <a name="http---loinc.org-11505-5"> </a>  
                  <a href="https://loinc.org/11505-5/">11505-5</a>
                </td>
                <td>http://loinc.org</td>
                <td>Physician procedure note</td>
              </tr>
              <tr>
                <td style="white-space:nowrap">
                  <a name="http---loinc.org-18842-5"> </a>  
                  <a href="https://loinc.org/18842-5/">18842-5</a>
                </td>
                <td>http://loinc.org</td>
                <td>Discharge summary</td>
              </tr>
            </table>
          </div>
        </text>
        <url value="https://johnmoehrke.github.io/MHV-PHR/ValueSet/NoteTypeVS"/>
        <version value="0.1.16-beta"/>
        <name value="NoteTypeVS"/>
        <title value="Known Note types"/>
        <status value="active"/>
        <experimental value="false"/>
        <date value="2023-06-13T14:37:26-05:00"/>
        <jurisdiction>
          <coding>
            <system value="urn:iso:std:iso:3166"/>
            <code value="US"/>
          </coding>
        </jurisdiction>
        <expansion>
          <identifier value="urn:uuid:bf67143e-e2ba-4305-80b4-e5aa4c76b7ec"/>
          <timestamp value="2023-06-13T14:40:14-05:00"/>
          <total value="2"/>
          <parameter>
            <name value="excludeNested"/>
            <valueBoolean value="false"/>
          </parameter>
          <parameter>
            <name value="limitedExpansion"/>
            <valueBoolean value="true"/>
          </parameter>
          <parameter>
            <name value="version"/>
            <valueUri value="http://loinc.org|2.74"/>
          </parameter>
          <contains>
            <system value="http://loinc.org"/>
            <code value="11505-5"/>
            <display value="Physician procedure note"/>
          </contains>
          <contains>
            <system value="http://loinc.org"/>
            <code value="18842-5"/>
            <display value="Discharge summary"/>
          </contains>
        </expansion>
      </ValueSet>
    </resource>
  </entry>
</Bundle>