<?xml version="1.0" encoding="UTF-8"?>

<Bundle xmlns="http://hl7.org/fhir">
  <id value="db4c5291-72e9-481f-8e53-cfb3c1eae2a3"/>
  <meta>
    <lastUpdated value="2023-10-20T10:16:33.025-05:00"/>
  </meta>
  <type value="collection"/>
  <entry>
    <fullUrl value="https://department-of-veterans-affairs.github.io/mhv-fhir-phr-mapping/ValueSet/AllergyCategoryVS"/>
    <resource>
      <ValueSet>
        <text>
          <status value="generated"/>
          <div xmlns="http://www.w3.org/1999/xhtml">
            <p>This value set contains 3 concepts</p>
            <p style="border: black 1px dotted; background-color: #EEEEEE; padding: 8px; margin-bottom: 8px">Expansion based on 
              <a href="http://hl7.org/fhir/R4/codesystem-allergy-intolerance-category.html">codesystem AllergyIntoleranceCategory v4.0.1 (CodeSystem)</a>
            </p>
            <table class="codes">
              <tr>
                <td style="white-space:nowrap">
                  <b>Code</b>
                </td>
                <td>
                  <b>System</b>
                </td>
                <td>
                  <b>Display</b>
                </td>
                <td>
                  <b>Definition</b>
                </td>
              </tr>
              <tr>
                <td style="white-space:nowrap">
                  <a name="http---hl7.org-fhir-allergy-intolerance-category-food"> </a>  
                  <a href="http://hl7.org/fhir/R4/codesystem-allergy-intolerance-category.html#allergy-intolerance-category-food">food</a>
                </td>
                <td>http://hl7.org/fhir/allergy-intolerance-category</td>
                <td>Food</td>
                <td>
                  <div>
                    <p>Any substance consumed to provide nutritional support for the body.</p>

                  </div>
                </td>
              </tr>
              <tr>
                <td style="white-space:nowrap">
                  <a name="http---hl7.org-fhir-allergy-intolerance-category-medication"> </a>  
                  <a href="http://hl7.org/fhir/R4/codesystem-allergy-intolerance-category.html#allergy-intolerance-category-medication">medication</a>
                </td>
                <td>http://hl7.org/fhir/allergy-intolerance-category</td>
                <td>Medication</td>
                <td>
                  <div>
                    <p>Substances administered to achieve a physiological effect.</p>

                  </div>
                </td>
              </tr>
              <tr>
                <td style="white-space:nowrap">
                  <a name="http---hl7.org-fhir-allergy-intolerance-category-environment"> </a>  
                  <a href="http://hl7.org/fhir/R4/codesystem-allergy-intolerance-category.html#allergy-intolerance-category-environment">environment</a>
                </td>
                <td>http://hl7.org/fhir/allergy-intolerance-category</td>
                <td>Environment</td>
                <td>
                  <div>
                    <p>Any substances that are encountered in the environment, including any substance not already classified as food, medication, or biologic.</p>

                  </div>
                </td>
              </tr>
            </table>
          </div>
        </text>
        <url value="https://department-of-veterans-affairs.github.io/mhv-fhir-phr-mapping/ValueSet/AllergyCategoryVS"/>
        <version value="0.2.6"/>
        <name value="AllergyCategoryVS"/>
        <title value="Subset of allergy intolerance category"/>
        <status value="active"/>
        <experimental value="false"/>
        <date value="2023-10-20T10:16:33-05:00"/>
        <jurisdiction>
          <coding>
            <system value="urn:iso:std:iso:3166"/>
            <code value="US"/>
          </coding>
        </jurisdiction>
        <expansion>
          <identifier value="urn:uuid:dc040e3b-4099-4bcc-ba44-6bd7ca5d1c0c"/>
          <timestamp value="2023-10-20T10:19:46-05:00"/>
          <total value="3"/>
          <parameter>
            <name value="excludeNested"/>
            <valueBoolean value="false"/>
          </parameter>
          <parameter>
            <name value="warning-draft"/>
            <valueUri value="http://hl7.org/fhir/allergy-intolerance-category|4.0.1"/>
          </parameter>
          <parameter>
            <name value="used-codesystem"/>
            <valueUri value="http://hl7.org/fhir/allergy-intolerance-category|4.0.1"/>
          </parameter>
          <contains>
            <system value="http://hl7.org/fhir/allergy-intolerance-category"/>
            <code value="food"/>
            <display value="Food"/>
          </contains>
          <contains>
            <system value="http://hl7.org/fhir/allergy-intolerance-category"/>
            <code value="medication"/>
            <display value="Medication"/>
          </contains>
          <contains>
            <system value="http://hl7.org/fhir/allergy-intolerance-category"/>
            <code value="environment"/>
            <display value="Environment"/>
          </contains>
        </expansion>
      </ValueSet>
    </resource>
  </entry>
  <entry>
    <fullUrl value="https://department-of-veterans-affairs.github.io/mhv-fhir-phr-mapping/ValueSet/AllergyObservedHistoricVS"/>
    <resource>
      <ValueSet>
        <text>
          <status value="generated"/>
          <div xmlns="http://www.w3.org/1999/xhtml">
            <p>This value set contains 2 concepts</p>
            <p style="border: black 1px dotted; background-color: #EEEEEE; padding: 8px; margin-bottom: 8px">Expansion based on 
              <a href="CodeSystem-AllergyObservedHistoricCS.html">codesystem Allergy Observed vs Historic CodeSystem v0.2.6 (CodeSystem)</a>
            </p>
            <table class="codes">
              <tr>
                <td style="white-space:nowrap">
                  <b>Code</b>
                </td>
                <td>
                  <b>System</b>
                </td>
                <td>
                  <b>Display</b>
                </td>
                <td>
                  <b>Definition</b>
                </td>
              </tr>
              <tr>
                <td style="white-space:nowrap">
                  <a name="https---department-of-veterans-affairs.github.io-mhv-fhir-phr-mapping-CodeSystem-AllergyObservedHistoricCS-o"> </a>  
                  <a href="CodeSystem-AllergyObservedHistoricCS.html#AllergyObservedHistoricCS-o">o</a>
                </td>
                <td>https://department-of-veterans-affairs.github.io/mhv-fhir-phr-mapping/CodeSystem/AllergyObservedHistoricCS</td>
                <td>OBSERVED</td>
                <td>
                  <div>
                    <p>observed by some personnel</p>

                  </div>
                </td>
              </tr>
              <tr>
                <td style="white-space:nowrap">
                  <a name="https---department-of-veterans-affairs.github.io-mhv-fhir-phr-mapping-CodeSystem-AllergyObservedHistoricCS-h"> </a>  
                  <a href="CodeSystem-AllergyObservedHistoricCS.html#AllergyObservedHistoricCS-h">h</a>
                </td>
                <td>https://department-of-veterans-affairs.github.io/mhv-fhir-phr-mapping/CodeSystem/AllergyObservedHistoricCS</td>
                <td>HISTORICAL</td>
                <td>
                  <div>
                    <p>historical data gathered about the patient</p>

                  </div>
                </td>
              </tr>
            </table>
          </div>
        </text>
        <url value="https://department-of-veterans-affairs.github.io/mhv-fhir-phr-mapping/ValueSet/AllergyObservedHistoricVS"/>
        <version value="0.2.6"/>
        <name value="AllergyObservedHistoricVS"/>
        <title value="Allergy Observed vs Historic ValueSet"/>
        <status value="active"/>
        <experimental value="false"/>
        <date value="2023-10-20T10:16:33-05:00"/>
        <jurisdiction>
          <coding>
            <system value="urn:iso:std:iso:3166"/>
            <code value="US"/>
          </coding>
        </jurisdiction>
        <expansion>
          <identifier value="urn:uuid:fcb76276-a1eb-4681-9564-138a2d01e4d9"/>
          <timestamp value="2023-10-20T10:19:47-05:00"/>
          <total value="2"/>
          <parameter>
            <name value="excludeNested"/>
            <valueBoolean value="false"/>
          </parameter>
          <parameter>
            <name value="used-codesystem"/>
            <valueUri value="https://department-of-veterans-affairs.github.io/mhv-fhir-phr-mapping/CodeSystem/AllergyObservedHistoricCS|0.2.6"/>
          </parameter>
          <contains>
            <system value="https://department-of-veterans-affairs.github.io/mhv-fhir-phr-mapping/CodeSystem/AllergyObservedHistoricCS"/>
            <code value="o"/>
            <display value="OBSERVED"/>
          </contains>
          <contains>
            <system value="https://department-of-veterans-affairs.github.io/mhv-fhir-phr-mapping/CodeSystem/AllergyObservedHistoricCS"/>
            <code value="h"/>
            <display value="HISTORICAL"/>
          </contains>
        </expansion>
      </ValueSet>
    </resource>
  </entry>
  <entry>
    <fullUrl value="https://department-of-veterans-affairs.github.io/mhv-fhir-phr-mapping/ValueSet/ConditionVerificationVS"/>
    <resource>
      <ValueSet>
        <text>
          <status value="generated"/>
          <div xmlns="http://www.w3.org/1999/xhtml">
            <p>This value set contains 2 concepts</p>
            <p style="border: black 1px dotted; background-color: #EEEEEE; padding: 8px; margin-bottom: 8px">Expansion based on 
              <a href="http://terminology.hl7.org/5.3.0/CodeSystem-condition-ver-status.html">codesystem ConditionVerificationStatus v1.0.0 (CodeSystem)</a>
            </p>
            <table class="codes">
              <tr>
                <td style="white-space:nowrap">
                  <b>Code</b>
                </td>
                <td>
                  <b>System</b>
                </td>
                <td>
                  <b>Display</b>
                </td>
                <td>
                  <b>Definition</b>
                </td>
              </tr>
              <tr>
                <td style="white-space:nowrap">
                  <a name="http---terminology.hl7.org-CodeSystem-condition-ver-status-confirmed"> </a>  
                  <a href="http://terminology.hl7.org/5.3.0/CodeSystem-condition-ver-status.html#condition-ver-status-confirmed">confirmed</a>
                </td>
                <td>http://terminology.hl7.org/CodeSystem/condition-ver-status</td>
                <td>Confirmed</td>
                <td>
                  <div>
                    <p>There is sufficient evidence to assert the presence of the subject's condition.</p>

                  </div>
                </td>
              </tr>
              <tr>
                <td style="white-space:nowrap">
                  <a name="http---terminology.hl7.org-CodeSystem-condition-ver-status-unconfirmed"> </a>  
                  <a href="http://terminology.hl7.org/5.3.0/CodeSystem-condition-ver-status.html#condition-ver-status-unconfirmed">unconfirmed</a>
                </td>
                <td>http://terminology.hl7.org/CodeSystem/condition-ver-status</td>
                <td>Unconfirmed</td>
                <td>
                  <div>
                    <p>There is not sufficient evidence to assert the presence of the subject's condition.</p>

                  </div>
                </td>
              </tr>
            </table>
          </div>
        </text>
        <url value="https://department-of-veterans-affairs.github.io/mhv-fhir-phr-mapping/ValueSet/ConditionVerificationVS"/>
        <version value="0.2.6"/>
        <name value="ConditionVerificationVS"/>
        <title value="Subset of condition verification status"/>
        <status value="active"/>
        <experimental value="false"/>
        <date value="2023-10-20T10:16:33-05:00"/>
        <jurisdiction>
          <coding>
            <system value="urn:iso:std:iso:3166"/>
            <code value="US"/>
          </coding>
        </jurisdiction>
        <expansion>
          <identifier value="urn:uuid:ec404cb1-b481-4f6e-931b-6353ff6b9c36"/>
          <timestamp value="2023-10-20T10:19:47-05:00"/>
          <total value="2"/>
          <parameter>
            <name value="excludeNested"/>
            <valueBoolean value="false"/>
          </parameter>
          <parameter>
            <name value="warning-draft"/>
            <valueUri value="http://terminology.hl7.org/CodeSystem/condition-ver-status|1.0.0"/>
          </parameter>
          <parameter>
            <name value="used-codesystem"/>
            <valueUri value="http://terminology.hl7.org/CodeSystem/condition-ver-status|1.0.0"/>
          </parameter>
          <contains>
            <system value="http://terminology.hl7.org/CodeSystem/condition-ver-status"/>
            <code value="confirmed"/>
            <display value="Confirmed"/>
          </contains>
          <contains>
            <system value="http://terminology.hl7.org/CodeSystem/condition-ver-status"/>
            <code value="unconfirmed"/>
            <display value="Unconfirmed"/>
          </contains>
        </expansion>
      </ValueSet>
    </resource>
  </entry>
  <entry>
    <fullUrl value="https://department-of-veterans-affairs.github.io/mhv-fhir-phr-mapping/ValueSet/DocumentReferenceTypeVS"/>
    <resource>
      <ValueSet>
        <text>
          <status value="generated"/>
          <div xmlns="http://www.w3.org/1999/xhtml">
            <p>This value set contains 4 concepts</p>
            <div style="border: black 1px dotted; background-color: #EEEEEE; padding: 8px; margin-bottom: 8px">
              <p>Expansion based on: </p>
              <ul>
                <li>Loinc v2.74</li>
                <li>Loinc v2.74</li>
                <li>
                  <a href="ValueSet-NoteTypeVS.html">valueset Known Note types v0.2.6 (ValueSet)</a>
                </li>
              </ul>
            </div>
            <table class="codes">
              <tr>
                <td style="white-space:nowrap">
                  <b>Code</b>
                </td>
                <td>
                  <b>System</b>
                </td>
                <td>
                  <b>Display</b>
                </td>
              </tr>
              <tr>
                <td style="white-space:nowrap">
                  <a name="http---loinc.org-18842-5"> </a>  
                  <a href="https://loinc.org/18842-5/">18842-5</a>
                </td>
                <td>http://loinc.org</td>
                <td>Discharge summary</td>
              </tr>
              <tr>
                <td style="white-space:nowrap">
                  <a name="http---loinc.org-11506-3"> </a>  
                  <a href="https://loinc.org/11506-3/">11506-3</a>
                </td>
                <td>http://loinc.org</td>
                <td>Progress note</td>
              </tr>
              <tr>
                <td style="white-space:nowrap">
                  <a name="http---loinc.org-11524-6"> </a>  
                  <a href="https://loinc.org/11524-6/">11524-6</a>
                </td>
                <td>http://loinc.org</td>
                <td>EKG study</td>
              </tr>
              <tr>
                <td style="white-space:nowrap">
                  <a name="http---loinc.org-18748-4"> </a>  
                  <a href="https://loinc.org/18748-4/">18748-4</a>
                </td>
                <td>http://loinc.org</td>
                <td>Diagnostic imaging study</td>
              </tr>
            </table>
          </div>
        </text>
        <url value="https://department-of-veterans-affairs.github.io/mhv-fhir-phr-mapping/ValueSet/DocumentReferenceTypeVS"/>
        <version value="0.2.6"/>
        <name value="DocumentReferenceTypeVS"/>
        <title value="Known DocumentReference types"/>
        <status value="active"/>
        <experimental value="false"/>
        <date value="2023-10-20T10:16:33-05:00"/>
        <jurisdiction>
          <coding>
            <system value="urn:iso:std:iso:3166"/>
            <code value="US"/>
          </coding>
        </jurisdiction>
        <expansion>
          <identifier value="urn:uuid:0f1463cc-4cd0-429b-b523-d753af0ce2e5"/>
          <timestamp value="2023-10-20T10:19:47-05:00"/>
          <total value="4"/>
          <parameter>
            <name value="excludeNested"/>
            <valueBoolean value="false"/>
          </parameter>
          <parameter>
            <name value="used-valueset"/>
            <valueUri value="https://department-of-veterans-affairs.github.io/mhv-fhir-phr-mapping/ValueSet/NoteTypeVS|0.2.6"/>
          </parameter>
          <parameter>
            <name value="used-valueset"/>
            <valueUri value="null"/>
          </parameter>
          <parameter>
            <name value="limitedExpansion"/>
            <valueBoolean value="true"/>
          </parameter>
          <parameter>
            <name value="used-codesystem"/>
            <valueUri value="http://loinc.org|2.74"/>
          </parameter>
          <parameter>
            <name value="version"/>
            <valueUri value="http://loinc.org|2.74"/>
          </parameter>
          <parameter>
            <name value="excludeNested"/>
            <valueBoolean value="true"/>
          </parameter>
          <contains>
            <system value="http://loinc.org"/>
            <code value="18842-5"/>
            <display value="Discharge summary"/>
          </contains>
          <contains>
            <system value="http://loinc.org"/>
            <code value="11506-3"/>
            <display value="Progress note"/>
          </contains>
          <contains>
            <system value="http://loinc.org"/>
            <code value="11524-6"/>
            <display value="EKG study"/>
          </contains>
          <contains>
            <system value="http://loinc.org"/>
            <code value="18748-4"/>
            <display value="Diagnostic imaging study"/>
          </contains>
        </expansion>
      </ValueSet>
    </resource>
  </entry>
  <entry>
    <fullUrl value="https://department-of-veterans-affairs.github.io/mhv-fhir-phr-mapping/ValueSet/LabReportVS"/>
    <resource>
      <ValueSet>
        <text>
          <status value="generated"/>
          <div xmlns="http://www.w3.org/1999/xhtml">
            <p>This value set contains 2 concepts</p>
            <div style="border: black 1px dotted; background-color: #EEEEEE; padding: 8px; margin-bottom: 8px">
              <p>Expansion based on: </p>
              <ul>
                <li>Loinc v2.74</li>
                <li>Loinc v2.74</li>
              </ul>
            </div>
            <table class="codes">
              <tr>
                <td style="white-space:nowrap">
                  <b>Code</b>
                </td>
                <td>
                  <b>System</b>
                </td>
                <td>
                  <b>Display</b>
                </td>
              </tr>
              <tr>
                <td style="white-space:nowrap">
                  <a name="http---loinc.org-79381-0"> </a>  
                  <a href="https://loinc.org/79381-0/">79381-0</a>
                </td>
                <td>http://loinc.org</td>
                <td>Gastrointestinal pathogens panel - Stool by NAA with probe detection</td>
              </tr>
              <tr>
                <td style="white-space:nowrap">
                  <a name="http---loinc.org-60567-5"> </a>  
                  <a href="https://loinc.org/60567-5/">60567-5</a>
                </td>
                <td>http://loinc.org</td>
                <td>Comprehensive pathology report panel</td>
              </tr>
            </table>
          </div>
        </text>
        <url value="https://department-of-veterans-affairs.github.io/mhv-fhir-phr-mapping/ValueSet/LabReportVS"/>
        <version value="0.2.6"/>
        <name value="LabReportVS"/>
        <title value="Known Lab Report types"/>
        <status value="active"/>
        <experimental value="false"/>
        <date value="2023-10-20T10:16:33-05:00"/>
        <jurisdiction>
          <coding>
            <system value="urn:iso:std:iso:3166"/>
            <code value="US"/>
          </coding>
        </jurisdiction>
        <expansion>
          <identifier value="urn:uuid:c8b0de86-3b21-47c0-b6af-1020fb85b212"/>
          <timestamp value="2023-10-20T10:19:48-05:00"/>
          <total value="2"/>
          <parameter>
            <name value="excludeNested"/>
            <valueBoolean value="false"/>
          </parameter>
          <parameter>
            <name value="used-valueset"/>
            <valueUri value="null"/>
          </parameter>
          <parameter>
            <name value="limitedExpansion"/>
            <valueBoolean value="true"/>
          </parameter>
          <parameter>
            <name value="used-codesystem"/>
            <valueUri value="http://loinc.org|2.74"/>
          </parameter>
          <parameter>
            <name value="version"/>
            <valueUri value="http://loinc.org|2.74"/>
          </parameter>
          <contains>
            <system value="http://loinc.org"/>
            <code value="79381-0"/>
            <display value="Gastrointestinal pathogens panel - Stool by NAA with probe detection"/>
          </contains>
          <contains>
            <system value="http://loinc.org"/>
            <code value="60567-5"/>
            <display value="Comprehensive pathology report panel"/>
          </contains>
        </expansion>
      </ValueSet>
    </resource>
  </entry>
  <entry>
    <fullUrl value="https://department-of-veterans-affairs.github.io/mhv-fhir-phr-mapping/ValueSet/NoteTypeVS"/>
    <resource>
      <ValueSet>
        <text>
          <status value="generated"/>
          <div xmlns="http://www.w3.org/1999/xhtml">
            <p>This value set contains 2 concepts</p>
            <div style="border: black 1px dotted; background-color: #EEEEEE; padding: 8px; margin-bottom: 8px">
              <p>Expansion based on: </p>
              <ul>
                <li>Loinc v2.74</li>
                <li>Loinc v2.74</li>
              </ul>
            </div>
            <table class="codes">
              <tr>
                <td style="white-space:nowrap">
                  <b>Code</b>
                </td>
                <td>
                  <b>System</b>
                </td>
                <td>
                  <b>Display</b>
                </td>
              </tr>
              <tr>
                <td style="white-space:nowrap">
                  <a name="http---loinc.org-18842-5"> </a>  
                  <a href="https://loinc.org/18842-5/">18842-5</a>
                </td>
                <td>http://loinc.org</td>
                <td>Discharge summary</td>
              </tr>
              <tr>
                <td style="white-space:nowrap">
                  <a name="http---loinc.org-11506-3"> </a>  
                  <a href="https://loinc.org/11506-3/">11506-3</a>
                </td>
                <td>http://loinc.org</td>
                <td>Progress note</td>
              </tr>
            </table>
          </div>
        </text>
        <url value="https://department-of-veterans-affairs.github.io/mhv-fhir-phr-mapping/ValueSet/NoteTypeVS"/>
        <version value="0.2.6"/>
        <name value="NoteTypeVS"/>
        <title value="Known Note types"/>
        <status value="active"/>
        <experimental value="false"/>
        <date value="2023-10-20T10:16:33-05:00"/>
        <jurisdiction>
          <coding>
            <system value="urn:iso:std:iso:3166"/>
            <code value="US"/>
          </coding>
        </jurisdiction>
        <expansion>
          <identifier value="urn:uuid:c4b9360c-805c-4142-80ba-dc783f447f4a"/>
          <timestamp value="2023-10-20T10:19:48-05:00"/>
          <total value="2"/>
          <parameter>
            <name value="excludeNested"/>
            <valueBoolean value="false"/>
          </parameter>
          <parameter>
            <name value="used-valueset"/>
            <valueUri value="null"/>
          </parameter>
          <parameter>
            <name value="limitedExpansion"/>
            <valueBoolean value="true"/>
          </parameter>
          <parameter>
            <name value="used-codesystem"/>
            <valueUri value="http://loinc.org|2.74"/>
          </parameter>
          <parameter>
            <name value="version"/>
            <valueUri value="http://loinc.org|2.74"/>
          </parameter>
          <contains>
            <system value="http://loinc.org"/>
            <code value="18842-5"/>
            <display value="Discharge summary"/>
          </contains>
          <contains>
            <system value="http://loinc.org"/>
            <code value="11506-3"/>
            <display value="Progress note"/>
          </contains>
        </expansion>
      </ValueSet>
    </resource>
  </entry>
</Bundle>