{"resourceType":"CapabilityStatement","id":"MHVcapabilities","text":{"status":"extensions","div":"<div xmlns=\"http://www.w3.org/1999/xhtml\"><h2>MHV_PHR</h2><div><p>CapabilityStatement prototype for MHV as a FHIR Server exposing PHR data</p>\n</div><table><tr><td>Mode</td><td>SERVER</td></tr><tr><td>Description</td><td><div><p>MHV supports queries to PHR.</p>\n</div></td></tr><tr><td>Transaction</td><td></td></tr><tr><td>System History</td><td></td></tr><tr><td>System Search</td><td>y</td></tr></table><table><tr><th><b>Resource Type</b></th><th><b>Profile</b></th><th><b title=\"GET a resource (read interaction)\">Read</b></th><th><b title=\"GET all set of resources of the type (search interaction)\">Search</b></th><th><b title=\"PUT a new resource version (update interaction)\">Update</b></th><th><b title=\"POST a new resource (create interaction)\">Create</b></th></tr><tr><td>AllergyIntolerance</td><td>Supported profiles:<br/>\u00a0\u00a0<a href=\"StructureDefinition-VA.MHV.PHR.allergyIntolerance.html\">VA MHV PHR Allergy and Intolerance</a></td><td>y</td><td>y</td><td></td><td></td></tr><tr><td>Condition</td><td>Supported profiles:<br/>\u00a0\u00a0<a href=\"StructureDefinition-VA.MHV.PHR.condition.html\">VA MHV PHR problems</a></td><td>y</td><td>y</td><td></td><td></td></tr><tr><td>Observation</td><td>Supported profiles:<br/>\u00a0\u00a0<a href=\"StructureDefinition-VA.MHV.PHR.vitals.html\">VA MHV PHR Vital-Signs</a><br/>\u00a0\u00a0<a href=\"StructureDefinition-VA.MHV.PHR.vitalsBP.html\">VA MHV PHR Vital-Signs for Blood Pressure</a><br/>\u00a0\u00a0<a href=\"StructureDefinition-VA.MHV.PHR.vitalsPain.html\">VA MHV PHR Vital-Signs for PAIN</a></td><td>y</td><td>y</td><td></td><td></td></tr><tr><td>Immunization</td><td>Supported profiles:<br/>\u00a0\u00a0<a href=\"StructureDefinition-VA.MHV.PHR.immunization.html\">VA MHV PHR Immunization</a></td><td>y</td><td>y</td><td></td><td></td></tr><tr><td>DocumentReference</td><td>Supported profiles:<br/>\u00a0\u00a0<a href=\"StructureDefinition-VA.MHV.PHR.documentReference.html\">VA MHV All DocumentReference</a><br/>\u00a0\u00a0<a href=\"StructureDefinition-VA.MHV.PHR.note.html\">VA MHV PHR Notes</a><br/>\u00a0\u00a0<a href=\"StructureDefinition-VA.MHV.PHR.imaging.html\">VA MHV PHR Radiology</a><br/>\u00a0\u00a0<a href=\"StructureDefinition-VA.MHV.PHR.ecg.html\">VA MHV PHR ECG</a></td><td>y</td><td>y</td><td></td><td></td></tr><tr><td>DiagnosticReport</td><td>Supported profiles:<br/>\u00a0\u00a0<a href=\"https://johnmoehrke.github.io/MHV-PHR/StructureDefinition/VA.MHV.diagnosticReport\">https://johnmoehrke.github.io/MHV-PHR/StructureDefinition/VA.MHV.diagnosticReport</a><br/>\u00a0\u00a0<a href=\"StructureDefinition-VA.MHV.PHR.chReport.html\">VA MHV PHR HDR Chem-Hem Report</a><br/>\u00a0\u00a0<a href=\"StructureDefinition-VA.MHV.PHR.labReport.html\">VA MHV PHR Lab Report</a></td><td>y</td><td>y</td><td></td><td></td></tr><tr><td>Organization</td><td>\u00a0</td><td>y</td><td>y</td><td></td><td></td></tr><tr><td>Location</td><td>\u00a0</td><td>y</td><td>y</td><td></td><td></td></tr><tr><td>Practitioner</td><td>\u00a0</td><td>y</td><td>y</td><td></td><td></td></tr><tr><td>Patient</td><td>\u00a0</td><td>y</td><td>y</td><td></td><td></td></tr></table></div>"},"extension":[{"url":"http://hl7.org/fhir/StructureDefinition/structuredefinition-fmm","valueInteger":1,"_valueInteger":{"extension":[{"url":"http://hl7.org/fhir/StructureDefinition/structuredefinition-conformance-derivedFrom","valueCanonical":"https://johnmoehrke.github.io/MHV-PHR/ImplementationGuide/va.mhv.phr.example"}]}},{"url":"http://hl7.org/fhir/StructureDefinition/structuredefinition-standards-status","valueCode":"trial-use","_valueCode":{"extension":[{"url":"http://hl7.org/fhir/StructureDefinition/structuredefinition-conformance-derivedFrom","valueCanonical":"https://johnmoehrke.github.io/MHV-PHR/ImplementationGuide/va.mhv.phr.example"}]}}],"url":"https://johnmoehrke.github.io/MHV-PHR/CapabilityStatement/MHVcapabilities","version":"0.1.18-beta","name":"MHV_PHR","title":"This indicates how MHV exposes PHR using FHIR","status":"active","experimental":false,"date":"2022-12-22","publisher":"John Moehrke (himself)","contact":[{"name":"John Moehrke (himself)","telecom":[{"system":"url","value":"http://healthcaresecprivacy.blogspot.com"},{"system":"email","value":"JohnMoehrke@gmail.com"}]},{"name":"John Moehrke (himself)","telecom":[{"system":"email","value":"JohnMoehrke@gmail.com"}]}],"description":"CapabilityStatement prototype for MHV as a FHIR Server exposing PHR data","jurisdiction":[{"coding":[{"system":"urn:iso:std:iso:3166","code":"US"}]}],"kind":"instance","implementation":{"description":"MyHealtheVet","url":"https://www.myhealth.va.gov/"},"fhirVersion":"4.0.1","format":["application/fhir+json","application/fhir+xml"],"rest":[{"mode":"server","documentation":"MHV supports queries to PHR.","security":{"cors":false,"description":"Security is system level, PGHD presumes MHV properly handles user (as patient) rights"},"resource":[{"type":"AllergyIntolerance","supportedProfile":["https://johnmoehrke.github.io/MHV-PHR/StructureDefinition/VA.MHV.PHR.allergyIntolerance"],"documentation":"MHV [PGHD use](https://johnmoehrke.github.io/MHV-PHR/index.html)","interaction":[{"code":"search-type"},{"code":"read"}],"searchParam":[{"name":"identifier","type":"token"},{"name":"_id","type":"token"},{"name":"clinical-status","type":"token"},{"name":"patient","type":"token"},{"name":"patient.identifier","type":"token"},{"name":"category","type":"token"},{"name":"code","type":"token"},{"name":"date","type":"token"}]},{"type":"Condition","supportedProfile":["https://johnmoehrke.github.io/MHV-PHR/StructureDefinition/VA.MHV.PHR.condition"],"documentation":"MHV [PGHD use](https://johnmoehrke.github.io/MHV-PHR/index.html)","interaction":[{"code":"search-type"},{"code":"read"}],"searchParam":[{"name":"identifier","type":"token"},{"name":"_id","type":"token"},{"name":"clinical-status","type":"token"},{"name":"patient","type":"token"},{"name":"patient.identifier","type":"token"},{"name":"category","type":"token"},{"name":"code","type":"token"},{"name":"recorded-date","type":"token"}]},{"type":"Observation","supportedProfile":["https://johnmoehrke.github.io/MHV-PHR/StructureDefinition/VA.MHV.PHR.vitals","https://johnmoehrke.github.io/MHV-PHR/StructureDefinition/VA.MHV.PHR.vitalsBP","https://johnmoehrke.github.io/MHV-PHR/StructureDefinition/VA.MHV.PHR.vitalsPain"],"documentation":"MHV [PGHD use](https://johnmoehrke.github.io/MHV-PHR/index.html)","interaction":[{"code":"search-type"},{"code":"read"}],"searchParam":[{"name":"identifier","type":"token"},{"name":"_id","type":"token"},{"name":"status","type":"token"},{"name":"patient","type":"token"},{"name":"patient.identifier","type":"token"},{"name":"date","type":"token"},{"name":"category","type":"token"},{"name":"code","type":"token"}]},{"type":"Immunization","supportedProfile":["https://johnmoehrke.github.io/MHV-PHR/StructureDefinition/VA.MHV.PHR.immunization"],"documentation":"MHV [PGHD use](https://johnmoehrke.github.io/MHV-PHR/index.html)","interaction":[{"code":"search-type"},{"code":"read"}],"searchParam":[{"name":"identifier","type":"token"},{"name":"_id","type":"token"},{"name":"status","type":"token"},{"name":"patient","type":"token"},{"name":"patient.identifier","type":"token"},{"name":"date","type":"token"}]},{"type":"DocumentReference","supportedProfile":["https://johnmoehrke.github.io/MHV-PHR/StructureDefinition/VA.MHV.PHR.documentReference","https://johnmoehrke.github.io/MHV-PHR/StructureDefinition/VA.MHV.PHR.note","https://johnmoehrke.github.io/MHV-PHR/StructureDefinition/VA.MHV.PHR.imaging","https://johnmoehrke.github.io/MHV-PHR/StructureDefinition/VA.MHV.PHR.ecg"],"documentation":"MHV [PGHD use](https://johnmoehrke.github.io/MHV-PHR/index.html)","interaction":[{"code":"search-type"},{"code":"read"}],"searchParam":[{"name":"identifier","type":"token"},{"name":"_id","type":"token"},{"name":"status","type":"token"},{"name":"patient","type":"token"},{"name":"patient.identifier","type":"token"},{"name":"category","type":"token"},{"name":"type","type":"token"},{"name":"date","type":"token"},{"name":"period","type":"token"}]},{"type":"DiagnosticReport","supportedProfile":["https://johnmoehrke.github.io/MHV-PHR/StructureDefinition/VA.MHV.diagnosticReport","https://johnmoehrke.github.io/MHV-PHR/StructureDefinition/VA.MHV.PHR.chReport","https://johnmoehrke.github.io/MHV-PHR/StructureDefinition/VA.MHV.PHR.labReport"],"documentation":"MHV [PGHD use](https://johnmoehrke.github.io/MHV-PHR/index.html)","interaction":[{"code":"search-type"},{"code":"read"}],"searchParam":[{"name":"identifier","type":"token"},{"name":"_id","type":"token"},{"name":"category","type":"token"},{"name":"patient","type":"token"},{"name":"patient.identifier","type":"token"},{"name":"code","type":"token"},{"name":"status","type":"token"},{"name":"date","type":"token"}]},{"type":"Organization","interaction":[{"code":"search-type"},{"code":"read"}],"searchParam":[{"name":"identifier","type":"token"}]},{"type":"Location","interaction":[{"code":"search-type"},{"code":"read"}],"searchParam":[{"name":"identifier","type":"token"}]},{"type":"Practitioner","interaction":[{"code":"search-type"},{"code":"read"}],"searchParam":[{"name":"identifier","type":"token"}]},{"type":"Patient","interaction":[{"code":"search-type"},{"code":"read"}],"searchParam":[{"name":"identifier","type":"token"}]}],"interaction":[{"code":"search-system"}]}]}