{"resourceType":"CapabilityStatement","id":"MHVcapabilities","text":{"status":"extensions","div":"<div xmlns=\"http://www.w3.org/1999/xhtml\"><h2>MHV_PHR</h2><div><p>CapabilityStatement prototype for MHV as a FHIR Server exposing PHR data</p>\n</div><table><tr><td>Mode</td><td>SERVER</td></tr><tr><td>Description</td><td><div><p>MHV supports queries to PHR.</p>\n</div></td></tr><tr><td>Transaction</td><td></td></tr><tr><td>System History</td><td></td></tr><tr><td>System Search</td><td>y</td></tr></table><table><tr><th><b>Resource Type</b></th><th><b>Profile</b></th><th><b title=\"GET a resource (read interaction)\">Read</b></th><th><b title=\"GET all set of resources of the type (search interaction)\">Search</b></th><th><b title=\"PUT a new resource version (update interaction)\">Update</b></th><th><b title=\"POST a new resource (create interaction)\">Create</b></th></tr><tr><td>Observation</td><td>Supported profiles:<br/>\u00a0\u00a0<a href=\"https://johnmoehrke.github.io/MHV-PHR/StructureDefinition/VA.MHV.lab\">https://johnmoehrke.github.io/MHV-PHR/StructureDefinition/VA.MHV.lab</a></td><td>y</td><td>y</td><td></td><td></td></tr><tr><td>Immunization</td><td>Supported profiles:<br/>\u00a0\u00a0<a href=\"https://johnmoehrke.github.io/MHV-PHR/StructureDefinition/VA.MHV.immunization\">https://johnmoehrke.github.io/MHV-PHR/StructureDefinition/VA.MHV.immunization</a></td><td>y</td><td>y</td><td></td><td></td></tr><tr><td>DocumentReference</td><td>Supported profiles:<br/>\u00a0\u00a0<a href=\"https://johnmoehrke.github.io/MHV-PHR/StructureDefinition/VA.MHV.note\">https://johnmoehrke.github.io/MHV-PHR/StructureDefinition/VA.MHV.note</a><br/>\u00a0\u00a0<a href=\"https://johnmoehrke.github.io/MHV-PHR/StructureDefinition/VA.MHV.imaging\">https://johnmoehrke.github.io/MHV-PHR/StructureDefinition/VA.MHV.imaging</a></td><td>y</td><td>y</td><td></td><td></td></tr><tr><td>Condition</td><td>Supported profiles:<br/>\u00a0\u00a0<a href=\"https://johnmoehrke.github.io/MHV-PHR/StructureDefinition/VA.MHV.condition\">https://johnmoehrke.github.io/MHV-PHR/StructureDefinition/VA.MHV.condition</a></td><td>y</td><td>y</td><td></td><td></td></tr><tr><td>Organization</td><td>\u00a0</td><td>y</td><td>y</td><td></td><td></td></tr><tr><td>Location</td><td>\u00a0</td><td>y</td><td>y</td><td></td><td></td></tr><tr><td>Practitioner</td><td>\u00a0</td><td>y</td><td>y</td><td></td><td></td></tr><tr><td>Patient</td><td>\u00a0</td><td>y</td><td>y</td><td></td><td></td></tr></table></div>"},"extension":[{"url":"http://hl7.org/fhir/StructureDefinition/structuredefinition-fmm","valueInteger":0,"_valueInteger":{"extension":[{"url":"http://hl7.org/fhir/StructureDefinition/structuredefinition-conformance-derivedFrom","valueCanonical":"https://johnmoehrke.github.io/MHV-PHR/ImplementationGuide/va.mhv.phr.example"}]}},{"url":"http://hl7.org/fhir/StructureDefinition/structuredefinition-standards-status","valueCode":"trial-use","_valueCode":{"extension":[{"url":"http://hl7.org/fhir/StructureDefinition/structuredefinition-conformance-derivedFrom","valueCanonical":"https://johnmoehrke.github.io/MHV-PHR/ImplementationGuide/va.mhv.phr.example"}]}}],"url":"https://johnmoehrke.github.io/MHV-PHR/CapabilityStatement/MHVcapabilities","version":"0.1.12-beta","name":"MHV_PHR","title":"This indicates how MHV exposes PHR using FHIR","status":"active","experimental":false,"date":"2022-12-22","publisher":"John Moehrke (himself)","contact":[{"name":"John Moehrke (himself)","telecom":[{"system":"url","value":"http://healthcaresecprivacy.blogspot.com"},{"system":"email","value":"JohnMoehrke@gmail.com"}]},{"name":"John Moehrke (himself)","telecom":[{"system":"email","value":"JohnMoehrke@gmail.com"}]}],"description":"CapabilityStatement prototype for MHV as a FHIR Server exposing PHR data","jurisdiction":[{"coding":[{"system":"urn:iso:std:iso:3166","code":"US"}]}],"kind":"instance","implementation":{"description":"MyHealtheVet","url":"https://www.myhealth.va.gov/"},"fhirVersion":"4.0.1","format":["application/fhir+json","application/fhir+xml"],"rest":[{"mode":"server","documentation":"MHV supports queries to PHR.","security":{"cors":false,"description":"Security is system level, PGHD presumes MHV properly handles user (as patient) rights"},"resource":[{"type":"Observation","supportedProfile":["https://johnmoehrke.github.io/MHV-PHR/StructureDefinition/VA.MHV.lab"],"documentation":"MHV [PGHD use](https://johnmoehrke.github.io/MHV-PHR/index.html)","interaction":[{"code":"search-type"},{"code":"read"}],"searchParam":[{"name":"identifier","type":"token"},{"name":"_id","type":"token"},{"name":"status","type":"token"},{"name":"patient","type":"token"},{"name":"date","type":"token"},{"name":"category","type":"token"},{"name":"code","type":"token"}]},{"type":"Immunization","supportedProfile":["https://johnmoehrke.github.io/MHV-PHR/StructureDefinition/VA.MHV.immunization"],"documentation":"MHV [PGHD use](https://johnmoehrke.github.io/MHV-PHR/index.html)","interaction":[{"code":"search-type"},{"code":"read"}],"searchParam":[{"name":"identifier","type":"token"},{"name":"_id","type":"token"},{"name":"status","type":"token"},{"name":"patient","type":"token"},{"name":"date","type":"token"}]},{"type":"DocumentReference","supportedProfile":["https://johnmoehrke.github.io/MHV-PHR/StructureDefinition/VA.MHV.note","https://johnmoehrke.github.io/MHV-PHR/StructureDefinition/VA.MHV.imaging"],"documentation":"MHV [PGHD use](https://johnmoehrke.github.io/MHV-PHR/index.html)","interaction":[{"code":"search-type"},{"code":"read"}],"searchParam":[{"name":"identifier","type":"token"},{"name":"_id","type":"token"},{"name":"status","type":"token"},{"name":"patient","type":"token"},{"name":"category","type":"token"},{"name":"type","type":"token"},{"name":"date","type":"token"},{"name":"period","type":"token"}]},{"type":"Condition","supportedProfile":["https://johnmoehrke.github.io/MHV-PHR/StructureDefinition/VA.MHV.condition"],"documentation":"MHV [PGHD use](https://johnmoehrke.github.io/MHV-PHR/index.html)","interaction":[{"code":"search-type"},{"code":"read"}],"searchParam":[{"name":"identifier","type":"token"},{"name":"_id","type":"token"},{"name":"clinical-status","type":"token"},{"name":"patient","type":"token"},{"name":"category","type":"token"},{"name":"code","type":"token"},{"name":"recorded-date","type":"token"}]},{"type":"Organization","interaction":[{"code":"search-type"},{"code":"read"}],"searchParam":[{"name":"identifier","type":"token"}]},{"type":"Location","interaction":[{"code":"search-type"},{"code":"read"}],"searchParam":[{"name":"identifier","type":"token"}]},{"type":"Practitioner","interaction":[{"code":"search-type"},{"code":"read"}],"searchParam":[{"name":"identifier","type":"token"}]},{"type":"Patient","interaction":[{"code":"search-type"},{"code":"read"}],"searchParam":[{"name":"identifier","type":"token"}]}],"interaction":[{"code":"search-system"}]}]}