{"resourceType":"CodeSystem","id":"AllergyObservedHistoricCS","text":{"status":"generated","div":"<div xmlns=\"http://www.w3.org/1999/xhtml\"><p>This case-sensitive code system <code>https://department-of-veterans-affairs.github.io/mhv-fhir-phr-mapping/CodeSystem/AllergyObservedHistoricCS</code> defines the following codes:</p><table class=\"codes\"><tr><td style=\"white-space:nowrap\"><b>Code</b></td><td><b>Display</b></td><td><b>Definition</b></td></tr><tr><td style=\"white-space:nowrap\">o<a name=\"AllergyObservedHistoricCS-o\"> </a></td><td>OBSERVED</td><td>observed by some personnel</td></tr><tr><td style=\"white-space:nowrap\">h<a name=\"AllergyObservedHistoricCS-h\"> </a></td><td>HISTORICAL</td><td>historical data gathered about the patient</td></tr></table></div>"},"extension":[{"url":"http://hl7.org/fhir/StructureDefinition/structuredefinition-fmm","valueInteger":1,"_valueInteger":{"extension":[{"url":"http://hl7.org/fhir/StructureDefinition/structuredefinition-conformance-derivedFrom","valueCanonical":"https://department-of-veterans-affairs.github.io/mhv-fhir-phr-mapping/ImplementationGuide/va.mhv.fhir.phr"}]}},{"url":"http://hl7.org/fhir/StructureDefinition/structuredefinition-standards-status","valueCode":"trial-use","_valueCode":{"extension":[{"url":"http://hl7.org/fhir/StructureDefinition/structuredefinition-conformance-derivedFrom","valueCanonical":"https://department-of-veterans-affairs.github.io/mhv-fhir-phr-mapping/ImplementationGuide/va.mhv.fhir.phr"}]}}],"url":"https://department-of-veterans-affairs.github.io/mhv-fhir-phr-mapping/CodeSystem/AllergyObservedHistoricCS","version":"0.3.6","name":"AllergyObservedHistoricCS","title":"Allergy Observed vs Historic CodeSystem","status":"active","experimental":false,"date":"2024-05-18T11:51:10-05:00","publisher":"VA Digital Services","contact":[{"name":"VA Digital Services","telecom":[{"system":"url","value":"http://va.gov"}]},{"name":"John Moehrke (himself)","telecom":[{"system":"email","value":"John.Moehrke@va.gov"}]}],"description":"The codes for Allergy Observed vs Historic","jurisdiction":[{"coding":[{"system":"urn:iso:std:iso:3166","code":"US"}]}],"caseSensitive":true,"content":"complete","count":2,"concept":[{"code":"o","display":"OBSERVED","definition":"observed by some personnel"},{"code":"h","display":"HISTORICAL","definition":"historical data gathered about the patient"}]}