{"resourceType":"ConceptMap","id":"VF-VitalsMethod","text":{"status":"extensions","div":"<div xmlns=\"http://www.w3.org/1999/xhtml\"><p>Mapping from (not specified) to (not specified)</p><p>ACTIVE. Published on 2023-12-15 by VA Digital Services  (VA Digital Services: <a href=\"http://va.gov\">http://va.gov</a>, John Moehrke (himself): <a href=\"mailto:John.Moehrke@va.gov\">John.Moehrke@va.gov</a>). </p><div><p>Map between VitalSignTO.qualifier VUID/string and SNOMED code for Observation.method</p>\n</div><br/><p><b>Group 1 </b>Mapping from <code>urn:oid:2.16.840.1.113883.6.233</code> to <a href=\"http://hl7.org/fhir/R4/codesystem-snomedct.html\">SNOMED CT (all versions)</a></p><table class=\"grid\"><tr><td><b>Source Code</b></td><td><b>Relationship</b></td><td><b>Target Code</b></td><td><b>Comment</b></td></tr><tr><td>4688634 (ACTUAL)</td><td><a href=\"http://hl7.org/fhir/R4/codesystem-concept-map-equivalence.html#equal\" title=\"equal\">is equal to</a></td><td>258104002 (Measured)</td><td/></tr><tr><td>4688702 (AFTER EXERCISE)</td><td><a href=\"http://hl7.org/fhir/R4/codesystem-concept-map-equivalence.html#equal\" title=\"equal\">is equal to</a></td><td>255214003 (After exercise)</td><td/></tr><tr><td>4688697 (AT REST)</td><td><a href=\"http://hl7.org/fhir/R4/codesystem-concept-map-equivalence.html#equal\" title=\"equal\">is equal to</a></td><td>263678003 (At rest)</td><td/></tr><tr><td>4688639 (AUSCULTATE)</td><td><a href=\"http://hl7.org/fhir/R4/codesystem-concept-map-equivalence.html#equal\" title=\"equal\">is equal to</a></td><td>37931006 (Auscultation)</td><td/></tr><tr><td>4537031 (CALCULATED)</td><td><a href=\"http://hl7.org/fhir/R4/codesystem-concept-map-equivalence.html#equal\" title=\"equal\">is equal to</a></td><td>258090004 (Calculated)</td><td/></tr><tr><td>4688652 (DRY)</td><td><a href=\"http://hl7.org/fhir/R4/codesystem-concept-map-equivalence.html#equal\" title=\"equal\">is equal to</a></td><td>445541000 (Dry body weight)</td><td>OE, not method</td></tr><tr><td>4688653 (ESTIMATED)</td><td><a href=\"http://hl7.org/fhir/R4/codesystem-concept-map-equivalence.html#equal\" title=\"equal\">is equal to</a></td><td>414135002 (Estimated)</td><td/></tr><tr><td>4691085 (ESTIMATED BY ARM SPAN)</td><td><a href=\"http://hl7.org/fhir/R4/codesystem-concept-map-equivalence.html#equal\" title=\"equal\">is equal to</a></td><td>414135002 (Estimated)</td><td/></tr><tr><td>4688700 (INVASIVE)</td><td><a href=\"http://hl7.org/fhir/R4/codesystem-concept-map-equivalence.html#equal\" title=\"equal\">is equal to</a></td><td>386341005 (Invasive hemodynamic monitoring)</td><td/></tr><tr><td>4688668 (NON-INVASIVE)</td><td><a href=\"http://hl7.org/fhir/R4/codesystem-concept-map-equivalence.html#equal\" title=\"equal\">is equal to</a></td><td>704042003 (Non-invasive cardiac output monitoring)</td><td/></tr><tr><td>4688669 (PALPATED)</td><td><a href=\"http://hl7.org/fhir/R4/codesystem-concept-map-equivalence.html#equal\" title=\"equal\">is equal to</a></td><td>113011001 (Palpation)</td><td/></tr><tr><td>4688681 (ROOM AIR)</td><td><a href=\"http://hl7.org/fhir/R4/codesystem-concept-map-equivalence.html#equal\" title=\"equal\">is equal to</a></td><td>15158005 (Air)</td><td/></tr><tr><td>4688706 (SPONTANEOUS)</td><td><a href=\"http://hl7.org/fhir/R4/codesystem-concept-map-equivalence.html#equal\" title=\"equal\">is equal to</a></td><td>241700002 (Spontaneous respiration)</td><td/></tr><tr><td>4688692 (STATED)</td><td><a href=\"http://hl7.org/fhir/R4/codesystem-concept-map-equivalence.html#equal\" title=\"equal\">is equal to</a></td><td>418799008 (Finding reported by subject or history provider)</td><td/></tr><tr><td>4688683 (TRANSTRACHEAL)</td><td><a href=\"http://hl7.org/fhir/R4/codesystem-concept-map-equivalence.html#equal\" title=\"equal\">is equal to</a></td><td>426129001 (Transtracheal oxygen catheter)</td><td/></tr><tr><td>4688699 (WITH ACTIVITY)</td><td><a href=\"http://hl7.org/fhir/R4/codesystem-concept-map-equivalence.html#equal\" title=\"equal\">is equal to</a></td><td>309604004 (During exercise)</td><td/></tr><tr><td>4536421 (WITH AMBULATION)</td><td><a href=\"http://hl7.org/fhir/R4/codesystem-concept-map-equivalence.html#equal\" title=\"equal\">is equal to</a></td><td>129006008 (OE, not method)</td><td/></tr><tr><td>4500992 (WITH CAST OR BRACE)</td><td><a href=\"http://hl7.org/fhir/R4/codesystem-concept-map-equivalence.html#equal\" title=\"equal\">is equal to</a></td><td>303474004 (Does not remove prosthesis)</td><td/></tr><tr><td>4500993 (WITH PROSTHESIS)</td><td><a href=\"http://hl7.org/fhir/R4/codesystem-concept-map-equivalence.html#equal\" title=\"equal\">is equal to</a></td><td>303474004 (Does not remove prosthesis)</td><td/></tr><tr><td>4500994 (WITHOUT PROSTHESIS)</td><td><a href=\"http://hl7.org/fhir/R4/codesystem-concept-map-equivalence.html#equal\" title=\"equal\">is equal to</a></td><td>303473005 (Does remove prosthesis)</td><td/></tr><tr><td>4688702 (AFTER EXERCISE)</td><td><a href=\"http://hl7.org/fhir/R4/codesystem-concept-map-equivalence.html#equal\" title=\"equal\">is equal to</a></td><td>255214003 (After exercise)</td><td/></tr><tr><td>4688697 (AT REST)</td><td><a href=\"http://hl7.org/fhir/R4/codesystem-concept-map-equivalence.html#equal\" title=\"equal\">is equal to</a></td><td>263678003 (At rest)</td><td/></tr></table></div>"},"extension":[{"url":"http://hl7.org/fhir/StructureDefinition/structuredefinition-fmm","valueInteger":1,"_valueInteger":{"extension":[{"url":"http://hl7.org/fhir/StructureDefinition/structuredefinition-conformance-derivedFrom","valueCanonical":"https://department-of-veterans-affairs.github.io/mhv-fhir-phr-mapping/ImplementationGuide/va.mhv.fhir.phr"}]}},{"url":"http://hl7.org/fhir/StructureDefinition/structuredefinition-standards-status","valueCode":"trial-use","_valueCode":{"extension":[{"url":"http://hl7.org/fhir/StructureDefinition/structuredefinition-conformance-derivedFrom","valueCanonical":"https://department-of-veterans-affairs.github.io/mhv-fhir-phr-mapping/ImplementationGuide/va.mhv.fhir.phr"}]}}],"url":"https://department-of-veterans-affairs.github.io/mhv-fhir-phr-mapping/ConceptMap/VF-VitalsMethod","version":"0.3.6","name":"VF_VitalsMethod","title":"Vitals Method used to SNOMED code","status":"active","experimental":false,"date":"2023-12-15","publisher":"VA Digital Services","contact":[{"name":"VA Digital Services","telecom":[{"system":"url","value":"http://va.gov"}]},{"name":"John Moehrke (himself)","telecom":[{"system":"email","value":"John.Moehrke@va.gov"}]}],"description":"Map between VitalSignTO.qualifier VUID/string and SNOMED code for Observation.method","jurisdiction":[{"coding":[{"system":"urn:iso:std:iso:3166","code":"US"}]}],"purpose":"VF_VitalsMethod","group":[{"source":"urn:oid:2.16.840.1.113883.6.233","target":"http://snomed.info/sct","element":[{"code":"4688634","display":"ACTUAL","target":[{"modifierExtension":[{"url":"http://hl7.org/fhir/1.0/StructureDefinition/extension-ConceptMap.element.target.equivalence","valueCode":"equal"}],"code":"258104002","display":"Measured","equivalence":"equal"}]},{"code":"4688702","display":"AFTER EXERCISE","target":[{"modifierExtension":[{"url":"http://hl7.org/fhir/1.0/StructureDefinition/extension-ConceptMap.element.target.equivalence","valueCode":"equal"}],"code":"255214003","display":"After exercise","equivalence":"equal"}]},{"code":"4688697","display":"AT REST","target":[{"modifierExtension":[{"url":"http://hl7.org/fhir/1.0/StructureDefinition/extension-ConceptMap.element.target.equivalence","valueCode":"equal"}],"code":"263678003","display":"At rest","equivalence":"equal"}]},{"code":"4688639","display":"AUSCULTATE","target":[{"modifierExtension":[{"url":"http://hl7.org/fhir/1.0/StructureDefinition/extension-ConceptMap.element.target.equivalence","valueCode":"equal"}],"code":"37931006","display":"Auscultation","equivalence":"equal"}]},{"code":"4537031","display":"CALCULATED","target":[{"modifierExtension":[{"url":"http://hl7.org/fhir/1.0/StructureDefinition/extension-ConceptMap.element.target.equivalence","valueCode":"equal"}],"code":"258090004","display":"Calculated","equivalence":"equal"}]},{"code":"4688652","display":"DRY","target":[{"modifierExtension":[{"url":"http://hl7.org/fhir/1.0/StructureDefinition/extension-ConceptMap.element.target.equivalence","valueCode":"equal"}],"code":"445541000","display":"Dry body weight","equivalence":"equal","comment":"OE, not method"}]},{"code":"4688653","display":"ESTIMATED","target":[{"modifierExtension":[{"url":"http://hl7.org/fhir/1.0/StructureDefinition/extension-ConceptMap.element.target.equivalence","valueCode":"equal"}],"code":"414135002","display":"Estimated","equivalence":"equal"}]},{"code":"4691085","display":"ESTIMATED BY ARM SPAN","target":[{"modifierExtension":[{"url":"http://hl7.org/fhir/1.0/StructureDefinition/extension-ConceptMap.element.target.equivalence","valueCode":"equal"}],"code":"414135002","display":"Estimated","equivalence":"equal"}]},{"code":"4688700","display":"INVASIVE","target":[{"modifierExtension":[{"url":"http://hl7.org/fhir/1.0/StructureDefinition/extension-ConceptMap.element.target.equivalence","valueCode":"equal"}],"code":"386341005","display":"Invasive hemodynamic monitoring","equivalence":"equal"}]},{"code":"4688668","display":"NON-INVASIVE","target":[{"modifierExtension":[{"url":"http://hl7.org/fhir/1.0/StructureDefinition/extension-ConceptMap.element.target.equivalence","valueCode":"equal"}],"code":"704042003","display":"Non-invasive cardiac output monitoring","equivalence":"equal"}]},{"code":"4688669","display":"PALPATED","target":[{"modifierExtension":[{"url":"http://hl7.org/fhir/1.0/StructureDefinition/extension-ConceptMap.element.target.equivalence","valueCode":"equal"}],"code":"113011001","display":"Palpation","equivalence":"equal"}]},{"code":"4688681","display":"ROOM AIR","target":[{"modifierExtension":[{"url":"http://hl7.org/fhir/1.0/StructureDefinition/extension-ConceptMap.element.target.equivalence","valueCode":"equal"}],"code":"15158005","display":"Air","equivalence":"equal"}]},{"code":"4688706","display":"SPONTANEOUS","target":[{"modifierExtension":[{"url":"http://hl7.org/fhir/1.0/StructureDefinition/extension-ConceptMap.element.target.equivalence","valueCode":"equal"}],"code":"241700002","display":"Spontaneous respiration","equivalence":"equal"}]},{"code":"4688692","display":"STATED","target":[{"modifierExtension":[{"url":"http://hl7.org/fhir/1.0/StructureDefinition/extension-ConceptMap.element.target.equivalence","valueCode":"equal"}],"code":"418799008","display":"Finding reported by subject or history provider","equivalence":"equal"}]},{"code":"4688683","display":"TRANSTRACHEAL","target":[{"modifierExtension":[{"url":"http://hl7.org/fhir/1.0/StructureDefinition/extension-ConceptMap.element.target.equivalence","valueCode":"equal"}],"code":"426129001","display":"Transtracheal oxygen catheter","equivalence":"equal"}]},{"code":"4688699","display":"WITH ACTIVITY","target":[{"modifierExtension":[{"url":"http://hl7.org/fhir/1.0/StructureDefinition/extension-ConceptMap.element.target.equivalence","valueCode":"equal"}],"code":"309604004","display":"During exercise","equivalence":"equal"}]},{"code":"4536421","display":"WITH AMBULATION","target":[{"modifierExtension":[{"url":"http://hl7.org/fhir/1.0/StructureDefinition/extension-ConceptMap.element.target.equivalence","valueCode":"equal"}],"code":"129006008","display":"OE, not method","equivalence":"equal"}]},{"code":"4500992","display":"WITH CAST OR BRACE","target":[{"modifierExtension":[{"url":"http://hl7.org/fhir/1.0/StructureDefinition/extension-ConceptMap.element.target.equivalence","valueCode":"equal"}],"code":"303474004","display":"Does not remove prosthesis","equivalence":"equal"}]},{"code":"4500993","display":"WITH PROSTHESIS","target":[{"modifierExtension":[{"url":"http://hl7.org/fhir/1.0/StructureDefinition/extension-ConceptMap.element.target.equivalence","valueCode":"equal"}],"code":"303474004","display":"Does not remove prosthesis","equivalence":"equal"}]},{"code":"4500994","display":"WITHOUT PROSTHESIS","target":[{"modifierExtension":[{"url":"http://hl7.org/fhir/1.0/StructureDefinition/extension-ConceptMap.element.target.equivalence","valueCode":"equal"}],"code":"303473005","display":"Does remove prosthesis","equivalence":"equal"}]},{"code":"4688702","display":"AFTER EXERCISE","target":[{"modifierExtension":[{"url":"http://hl7.org/fhir/1.0/StructureDefinition/extension-ConceptMap.element.target.equivalence","valueCode":"equal"}],"code":"255214003","display":"After exercise","equivalence":"equal"}]},{"code":"4688697","display":"AT REST","target":[{"modifierExtension":[{"url":"http://hl7.org/fhir/1.0/StructureDefinition/extension-ConceptMap.element.target.equivalence","valueCode":"equal"}],"code":"263678003","display":"At rest","equivalence":"equal"}]}]}]}