{"resourceType":"ConceptMap","id":"LabUcumCodes","text":{"status":"extensions","div":"<div xmlns=\"http://www.w3.org/1999/xhtml\"><p>Mapping from (not specified) to (not specified)</p><p>ACTIVE. Published on 2023-12-15 by VA Digital Services (VA Digital Services: <a href=\"http://va.gov\">http://va.gov</a>, John Moehrke (himself): <a href=\"mailto:John.Moehrke@va.gov\">John.Moehrke@va.gov</a>). </p><div><p>Vista units are close but often not exactly correct. This map gives the proper formal UCUM code.</p>\n<ul>\n<li>LabUcum.csv - 11/08/2021, vhaislstewar, VHAT 325</li>\n</ul>\n</div><br/><p><b>Group 1</b>Mapping from <code>urn:oid:2.16.840.1.113883.6.233</code> to <a href=\"http://terminology.hl7.org/5.0.0/CodeSystem-v3-ucum.html\">Unified Code for Units of Measure (UCUM)</a></p><table class=\"grid\"><tr><td><b>Source Code</b></td><td><b>Relationship</b></td><td><b>Target Code</b></td></tr><tr><td>5337552 (&quot;%&quot;)</td><td><a href=\"http://hl7.org/fhir/R4/codesystem-concept-map-equivalence.html#null\"/></td><td>% (percent)</td></tr><tr><td>5337698 (&quot;/HPF&quot;)</td><td><a href=\"http://hl7.org/fhir/R4/codesystem-concept-map-equivalence.html#null\"/></td><td>/[HPF] (per high power field)</td></tr><tr><td>5337478 (#)</td><td><a href=\"http://hl7.org/fhir/R4/codesystem-concept-map-equivalence.html#null\"/></td><td>{#} (number)</td></tr><tr><td>5337794 (# K/ul)</td><td><a href=\"http://hl7.org/fhir/R4/codesystem-concept-map-equivalence.html#null\"/></td><td>10*3/uL (thousand per microliter)</td></tr><tr><td>5337536 (#/cmm)</td><td><a href=\"http://hl7.org/fhir/R4/codesystem-concept-map-equivalence.html#null\"/></td><td>{#}/uL (number per microliter)</td></tr><tr><td>5337546 (#/HPF)</td><td><a href=\"http://hl7.org/fhir/R4/codesystem-concept-map-equivalence.html#null\"/></td><td>{#}/[HPF] (number per high power field)</td></tr><tr><td>5337662 (#/LPF)</td><td><a href=\"http://hl7.org/fhir/R4/codesystem-concept-map-equivalence.html#null\"/></td><td>{#}/[LPF] (number per low power field)</td></tr><tr><td>5337504 (#x1000/uL)</td><td><a href=\"http://hl7.org/fhir/R4/codesystem-concept-map-equivalence.html#null\"/></td><td>10*3/uL (thousand per microliter)</td></tr><tr><td>5337400 (%)</td><td><a href=\"http://hl7.org/fhir/R4/codesystem-concept-map-equivalence.html#null\"/></td><td>% (percent)</td></tr><tr><td>5337712 (%  AUTO)</td><td><a href=\"http://hl7.org/fhir/R4/codesystem-concept-map-equivalence.html#null\"/></td><td>% (percent)</td></tr><tr><td>5337566 (%/WBC)</td><td><a href=\"http://hl7.org/fhir/R4/codesystem-concept-map-equivalence.html#null\"/></td><td>/100{WBCs} (per 100 white blood cells)</td></tr><tr><td>5337706 (%VOLUME)</td><td><a href=\"http://hl7.org/fhir/R4/codesystem-concept-map-equivalence.html#null\"/></td><td>%{vol} (percent by volume)</td></tr><tr><td>5337606 (/100 WBC)</td><td><a href=\"http://hl7.org/fhir/R4/codesystem-concept-map-equivalence.html#null\"/></td><td>/100{WBCs} (per 100 white blood cells)</td></tr><tr><td>5337572 (/100WBC)</td><td><a href=\"http://hl7.org/fhir/R4/codesystem-concept-map-equivalence.html#null\"/></td><td>/100{WBCs} (per 100 white blood cells)</td></tr><tr><td>5337608 (/cumm)</td><td><a href=\"http://hl7.org/fhir/R4/codesystem-concept-map-equivalence.html#null\"/></td><td>/uL (per microliter)</td></tr><tr><td>5337614 (/dL)</td><td><a href=\"http://hl7.org/fhir/R4/codesystem-concept-map-equivalence.html#null\"/></td><td>/dL (per deciliter)</td></tr><tr><td>5337422 (/HPF)</td><td><a href=\"http://hl7.org/fhir/R4/codesystem-concept-map-equivalence.html#null\"/></td><td>/[HPF] (per high power field)</td></tr><tr><td>5337686 (/HPF.)</td><td><a href=\"http://hl7.org/fhir/R4/codesystem-concept-map-equivalence.html#null\"/></td><td>/[HPF] (per high power field)</td></tr><tr><td>5337438 (/LPF)</td><td><a href=\"http://hl7.org/fhir/R4/codesystem-concept-map-equivalence.html#null\"/></td><td>/[LPF] (per low power field)</td></tr><tr><td>5337474 (/uL)</td><td><a href=\"http://hl7.org/fhir/R4/codesystem-concept-map-equivalence.html#null\"/></td><td>/uL (per microliter)</td></tr><tr><td>5337726 (10 3/uL)</td><td><a href=\"http://hl7.org/fhir/R4/codesystem-concept-map-equivalence.html#null\"/></td><td>10*3/uL (thousand per microliter)</td></tr><tr><td>5337664 (10(3)/ mcL)</td><td><a href=\"http://hl7.org/fhir/R4/codesystem-concept-map-equivalence.html#null\"/></td><td>10*3/uL (thousand per microliter)</td></tr><tr><td>5337492 (10(3)/mcL)</td><td><a href=\"http://hl7.org/fhir/R4/codesystem-concept-map-equivalence.html#null\"/></td><td>10*3/uL (thousand per microliter)</td></tr><tr><td>5337666 (10(6)/mcL)</td><td><a href=\"http://hl7.org/fhir/R4/codesystem-concept-map-equivalence.html#null\"/></td><td>10*6/uL (million per microliter)</td></tr><tr><td>5337518 (10000)</td><td><a href=\"http://hl7.org/fhir/R4/codesystem-concept-map-equivalence.html#null\"/></td><td>10*3 (thousand)</td></tr><tr><td>5337738 (10000000)</td><td><a href=\"http://hl7.org/fhir/R4/codesystem-concept-map-equivalence.html#null\"/></td><td>10*6 (million)</td></tr><tr><td>5337444 (10*3/uL)</td><td><a href=\"http://hl7.org/fhir/R4/codesystem-concept-map-equivalence.html#null\"/></td><td>10*3/uL (thousand per microliter)</td></tr><tr><td>5337554 (10*6/uL)</td><td><a href=\"http://hl7.org/fhir/R4/codesystem-concept-map-equivalence.html#null\"/></td><td>10*6/uL (million per microliter)</td></tr><tr><td>5337452 (10.e3/uL)</td><td><a href=\"http://hl7.org/fhir/R4/codesystem-concept-map-equivalence.html#null\"/></td><td>10*3/uL (thousand per microliter)</td></tr><tr><td>5337576 (10.e6/uL)</td><td><a href=\"http://hl7.org/fhir/R4/codesystem-concept-map-equivalence.html#null\"/></td><td>10*6/uL (million per microliter)</td></tr><tr><td>5337544 (1000/uL)</td><td><a href=\"http://hl7.org/fhir/R4/codesystem-concept-map-equivalence.html#null\"/></td><td>10*3/uL (thousand per microliter)</td></tr><tr><td>5337632 (10E12/L)</td><td><a href=\"http://hl7.org/fhir/R4/codesystem-concept-map-equivalence.html#null\"/></td><td>10*12/L (trillion per liter)</td></tr><tr><td>5337780 (10E3/mcL)</td><td><a href=\"http://hl7.org/fhir/R4/codesystem-concept-map-equivalence.html#null\"/></td><td>10*3/uL (thousand per microliter)</td></tr><tr><td>5337482 (10e3/uL)</td><td><a href=\"http://hl7.org/fhir/R4/codesystem-concept-map-equivalence.html#null\"/></td><td>10*3/uL (thousand per microliter)</td></tr><tr><td>5337782 (10E6/mcL)</td><td><a href=\"http://hl7.org/fhir/R4/codesystem-concept-map-equivalence.html#null\"/></td><td>10*6/uL (million per microliter)</td></tr><tr><td>5337584 (10e6/uL)</td><td><a href=\"http://hl7.org/fhir/R4/codesystem-concept-map-equivalence.html#null\"/></td><td>10*6/uL (million per microliter)</td></tr><tr><td>5337476 (10E9/L)</td><td><a href=\"http://hl7.org/fhir/R4/codesystem-concept-map-equivalence.html#null\"/></td><td>10*9/L (billion per liter)</td></tr><tr><td>5337564 (10x3/cmm)</td><td><a href=\"http://hl7.org/fhir/R4/codesystem-concept-map-equivalence.html#null\"/></td><td>10*3/uL (thousand per microliter)</td></tr><tr><td>5337640 (10x3cumm)</td><td><a href=\"http://hl7.org/fhir/R4/codesystem-concept-map-equivalence.html#null\"/></td><td>10*3/uL (thousand per microliter)</td></tr><tr><td>5337800 (10x6/cmm)</td><td><a href=\"http://hl7.org/fhir/R4/codesystem-concept-map-equivalence.html#null\"/></td><td>10*6/uL (million per microliter)</td></tr><tr><td>5337484 (BILL/L)</td><td><a href=\"http://hl7.org/fhir/R4/codesystem-concept-map-equivalence.html#null\"/></td><td>10*9/L (billion per liter)</td></tr><tr><td>5337736 (CELLS/HPF)</td><td><a href=\"http://hl7.org/fhir/R4/codesystem-concept-map-equivalence.html#null\"/></td><td>{cells}/[HPF] (cells per high power field)</td></tr><tr><td>5337718 (CELLS/uL)</td><td><a href=\"http://hl7.org/fhir/R4/codesystem-concept-map-equivalence.html#null\"/></td><td>{cells}/uL (cells per microliter)</td></tr><tr><td>5337470 (cmu)</td><td><a href=\"http://hl7.org/fhir/R4/codesystem-concept-map-equivalence.html#null\"/></td><td>fL (femtoliter)</td></tr><tr><td>5337688 (copies/mL)</td><td><a href=\"http://hl7.org/fhir/R4/codesystem-concept-map-equivalence.html#null\"/></td><td>{copies}/mL (copies per milliliter)</td></tr><tr><td>5337756 (cum)</td><td><a href=\"http://hl7.org/fhir/R4/codesystem-concept-map-equivalence.html#null\"/></td><td>fL (femtoliter)</td></tr><tr><td>5337734 (cumm)</td><td><a href=\"http://hl7.org/fhir/R4/codesystem-concept-map-equivalence.html#null\"/></td><td>uL (microliter)</td></tr><tr><td>5337658 (cuu)</td><td><a href=\"http://hl7.org/fhir/R4/codesystem-concept-map-equivalence.html#null\"/></td><td>fL (femtoliter)</td></tr><tr><td>5337730 (deg C)</td><td><a href=\"http://hl7.org/fhir/R4/codesystem-concept-map-equivalence.html#null\"/></td><td>Cel (degree Celsius)</td></tr><tr><td>5337788 (E.U.)</td><td><a href=\"http://hl7.org/fhir/R4/codesystem-concept-map-equivalence.html#null\"/></td><td>{Ehrlich'U} (Ehrlich unit)</td></tr><tr><td>5337516 (E.U./dl)</td><td><a href=\"http://hl7.org/fhir/R4/codesystem-concept-map-equivalence.html#null\"/></td><td>{Ehrlich'U}/dL (Ehrlich unit per deciliter)</td></tr><tr><td>5337722 (ERY/MCL)</td><td><a href=\"http://hl7.org/fhir/R4/codesystem-concept-map-equivalence.html#null\"/></td><td>{RBC}/uL (red blood cell per microliter)</td></tr><tr><td>5337650 (Ery/uL)</td><td><a href=\"http://hl7.org/fhir/R4/codesystem-concept-map-equivalence.html#null\"/></td><td>{RBC}/uL (red blood cell per microliter)</td></tr><tr><td>5337672 (EU)</td><td><a href=\"http://hl7.org/fhir/R4/codesystem-concept-map-equivalence.html#null\"/></td><td>{Ehrlich'U} (Ehrlich unit)</td></tr><tr><td>5337458 (EU/dl)</td><td><a href=\"http://hl7.org/fhir/R4/codesystem-concept-map-equivalence.html#null\"/></td><td>{Ehrlich'U}/dL (Ehrlich unit per deciliter)</td></tr><tr><td>5337720 (femtoliter)</td><td><a href=\"http://hl7.org/fhir/R4/codesystem-concept-map-equivalence.html#null\"/></td><td>fL (femtoliter)</td></tr><tr><td>5337410 (fL)</td><td><a href=\"http://hl7.org/fhir/R4/codesystem-concept-map-equivalence.html#null\"/></td><td>fL (femtoliter)</td></tr><tr><td>5337404 (g/dL)</td><td><a href=\"http://hl7.org/fhir/R4/codesystem-concept-map-equivalence.html#null\"/></td><td>g/dL (gram per deciliter)</td></tr><tr><td>5337804 (g/dl.)</td><td><a href=\"http://hl7.org/fhir/R4/codesystem-concept-map-equivalence.html#null\"/></td><td>g/dL (gram per deciliter)</td></tr><tr><td>5337480 (G/L)</td><td><a href=\"http://hl7.org/fhir/R4/codesystem-concept-map-equivalence.html#null\"/></td><td>g/L (gram per liter)</td></tr><tr><td>5337424 (gm/dL)</td><td><a href=\"http://hl7.org/fhir/R4/codesystem-concept-map-equivalence.html#null\"/></td><td>g/dL (gram per deciliter)</td></tr><tr><td>5337532 (HPF)</td><td><a href=\"http://hl7.org/fhir/R4/codesystem-concept-map-equivalence.html#null\"/></td><td>[HPF] (high power field)</td></tr><tr><td>5337604 (Index)</td><td><a href=\"http://hl7.org/fhir/R4/codesystem-concept-map-equivalence.html#null\"/></td><td>{index} (index value)</td></tr><tr><td>5337548 (INR)</td><td><a href=\"http://hl7.org/fhir/R4/codesystem-concept-map-equivalence.html#null\"/></td><td>{INR} (international normalized ratio)</td></tr><tr><td>5337622 (IntUnit/L)</td><td><a href=\"http://hl7.org/fhir/R4/codesystem-concept-map-equivalence.html#null\"/></td><td>[IU]/L (international unit per liter)</td></tr><tr><td>5337562 (IntUnits/L)</td><td><a href=\"http://hl7.org/fhir/R4/codesystem-concept-map-equivalence.html#null\"/></td><td>[IU]/L (international unit per liter)</td></tr><tr><td>5337418 (IU/L)</td><td><a href=\"http://hl7.org/fhir/R4/codesystem-concept-map-equivalence.html#null\"/></td><td>[IU]/L (international unit per liter)</td></tr><tr><td>5337498 (IU/mL)</td><td><a href=\"http://hl7.org/fhir/R4/codesystem-concept-map-equivalence.html#null\"/></td><td>[IU]/mL (international unit per milliliter)</td></tr><tr><td>5337750 (K)</td><td><a href=\"http://hl7.org/fhir/R4/codesystem-concept-map-equivalence.html#null\"/></td><td>10*3 (thousand)</td></tr><tr><td>5337740 (K/ccm)</td><td><a href=\"http://hl7.org/fhir/R4/codesystem-concept-map-equivalence.html#null\"/></td><td>10*3/mL (thousand per milliliter)</td></tr><tr><td>5337406 (K/cmm)</td><td><a href=\"http://hl7.org/fhir/R4/codesystem-concept-map-equivalence.html#null\"/></td><td>10*3/uL (thousand per microliter)</td></tr><tr><td>5337714 (K/cmm AUTO)</td><td><a href=\"http://hl7.org/fhir/R4/codesystem-concept-map-equivalence.html#null\"/></td><td>10*3/uL (thousand per microliter)</td></tr><tr><td>5337462 (K/cu mm)</td><td><a href=\"http://hl7.org/fhir/R4/codesystem-concept-map-equivalence.html#null\"/></td><td>10*3/uL (thousand per microliter)</td></tr><tr><td>5337446 (K/cumm)</td><td><a href=\"http://hl7.org/fhir/R4/codesystem-concept-map-equivalence.html#null\"/></td><td>10*3/uL (thousand per microliter)</td></tr><tr><td>5337468 (K/mcL)</td><td><a href=\"http://hl7.org/fhir/R4/codesystem-concept-map-equivalence.html#null\"/></td><td>10*3/uL (thousand per microliter)</td></tr><tr><td>5337682 (K/mm-3)</td><td><a href=\"http://hl7.org/fhir/R4/codesystem-concept-map-equivalence.html#null\"/></td><td>10*3/uL (thousand per microliter)</td></tr><tr><td>5337434 (K/mm3)</td><td><a href=\"http://hl7.org/fhir/R4/codesystem-concept-map-equivalence.html#null\"/></td><td>10*3/uL (thousand per microliter)</td></tr><tr><td>5337414 (K/ul)</td><td><a href=\"http://hl7.org/fhir/R4/codesystem-concept-map-equivalence.html#null\"/></td><td>10*3/uL (thousand per microliter)</td></tr><tr><td>5337600 (kU/L)</td><td><a href=\"http://hl7.org/fhir/R4/codesystem-concept-map-equivalence.html#null\"/></td><td>kU/L (kilo enzyme unit per liter)</td></tr><tr><td>5337696 (LPF)</td><td><a href=\"http://hl7.org/fhir/R4/codesystem-concept-map-equivalence.html#null\"/></td><td>[LPF] (low power field)</td></tr><tr><td>5337426 (M/cmm)</td><td><a href=\"http://hl7.org/fhir/R4/codesystem-concept-map-equivalence.html#null\"/></td><td>10*6/uL (million per microliter)</td></tr><tr><td>5337616 (M/cu mm)</td><td><a href=\"http://hl7.org/fhir/R4/codesystem-concept-map-equivalence.html#null\"/></td><td>10*6/uL (million per microliter)</td></tr><tr><td>5337586 (M/cumm)</td><td><a href=\"http://hl7.org/fhir/R4/codesystem-concept-map-equivalence.html#null\"/></td><td>10*6/uL (million per microliter)</td></tr><tr><td>5337644 (M/mcL)</td><td><a href=\"http://hl7.org/fhir/R4/codesystem-concept-map-equivalence.html#null\"/></td><td>10*6/uL (million per microliter)</td></tr><tr><td>5337502 (M/mm3)</td><td><a href=\"http://hl7.org/fhir/R4/codesystem-concept-map-equivalence.html#null\"/></td><td>10*6/uL (million per microliter)</td></tr><tr><td>5337436 (M/ul)</td><td><a href=\"http://hl7.org/fhir/R4/codesystem-concept-map-equivalence.html#null\"/></td><td>10*6/uL (million per microliter)</td></tr><tr><td>5337710 (mcg)</td><td><a href=\"http://hl7.org/fhir/R4/codesystem-concept-map-equivalence.html#null\"/></td><td>ug (microgram)</td></tr><tr><td>5337524 (mcg/dL)</td><td><a href=\"http://hl7.org/fhir/R4/codesystem-concept-map-equivalence.html#null\"/></td><td>ug/dL (microgram per deciliter)</td></tr><tr><td>5337754 (mcg/L)</td><td><a href=\"http://hl7.org/fhir/R4/codesystem-concept-map-equivalence.html#null\"/></td><td>ug/L (microgram per liter)</td></tr><tr><td>5337778 (mcg/mg)</td><td><a href=\"http://hl7.org/fhir/R4/codesystem-concept-map-equivalence.html#null\"/></td><td>ug/mg (microgram per milligram)</td></tr><tr><td>5337764 (mcg/mg CR)</td><td><a href=\"http://hl7.org/fhir/R4/codesystem-concept-map-equivalence.html#null\"/></td><td>ug/mg{creat} (microgram per milligram of creatinine)</td></tr><tr><td>5337582 (mcg/ml)</td><td><a href=\"http://hl7.org/fhir/R4/codesystem-concept-map-equivalence.html#null\"/></td><td>ug/mL (microgram per milliliter)</td></tr><tr><td>5337598 (mcIU/mL)</td><td><a href=\"http://hl7.org/fhir/R4/codesystem-concept-map-equivalence.html#null\"/></td><td>u[IU]/mL (micro international unit per milliliter)</td></tr><tr><td>5337786 (mcmol/L)</td><td><a href=\"http://hl7.org/fhir/R4/codesystem-concept-map-equivalence.html#null\"/></td><td>umol/L (micromole per liter)</td></tr><tr><td>5337638 (mcU/mL)</td><td><a href=\"http://hl7.org/fhir/R4/codesystem-concept-map-equivalence.html#null\"/></td><td>uU/mL (micro enzyme unit per milliliter)</td></tr><tr><td>5337540 (mEq./L.)</td><td><a href=\"http://hl7.org/fhir/R4/codesystem-concept-map-equivalence.html#null\"/></td><td>meq/L (milliequivalent per liter)</td></tr><tr><td>5337412 (mEq/l)</td><td><a href=\"http://hl7.org/fhir/R4/codesystem-concept-map-equivalence.html#null\"/></td><td>meq/L (milliequivalent per liter)</td></tr><tr><td>5337790 (mg/24hr)</td><td><a href=\"http://hl7.org/fhir/R4/codesystem-concept-map-equivalence.html#null\"/></td><td>mg/(24.h) (milligram per 24 hour)</td></tr><tr><td>5337398 (MG/DL)</td><td><a href=\"http://hl7.org/fhir/R4/codesystem-concept-map-equivalence.html#null\"/></td><td>mg/dL (milligram per deciliter)</td></tr><tr><td>5337642 (mg/dL.)</td><td><a href=\"http://hl7.org/fhir/R4/codesystem-concept-map-equivalence.html#null\"/></td><td>mg/dL (milligram per deciliter)</td></tr><tr><td>5337528 (mg/G)</td><td><a href=\"http://hl7.org/fhir/R4/codesystem-concept-map-equivalence.html#null\"/></td><td>mg/g (milligram per gram)</td></tr><tr><td>5337746 (mg/g cr)</td><td><a href=\"http://hl7.org/fhir/R4/codesystem-concept-map-equivalence.html#null\"/></td><td>mg/g{creat} (milligram per gram of creatinine)</td></tr><tr><td>5337602 (mg/g creat)</td><td><a href=\"http://hl7.org/fhir/R4/codesystem-concept-map-equivalence.html#null\"/></td><td>mg/g{creat} (milligram per gram of creatinine)</td></tr><tr><td>5337766 (mg/gm)</td><td><a href=\"http://hl7.org/fhir/R4/codesystem-concept-map-equivalence.html#null\"/></td><td>mg/g (milligram per gram)</td></tr><tr><td>5337488 (mg/L)</td><td><a href=\"http://hl7.org/fhir/R4/codesystem-concept-map-equivalence.html#null\"/></td><td>mg/L (milligram per liter)</td></tr><tr><td>5337752 (mg/ml)</td><td><a href=\"http://hl7.org/fhir/R4/codesystem-concept-map-equivalence.html#null\"/></td><td>mg/mL (milligram per milliliter)</td></tr><tr><td>5337526 (Mil/cmm)</td><td><a href=\"http://hl7.org/fhir/R4/codesystem-concept-map-equivalence.html#null\"/></td><td>10*6/uL (million per microliter)</td></tr><tr><td>5337684 (MIL/CUMM)</td><td><a href=\"http://hl7.org/fhir/R4/codesystem-concept-map-equivalence.html#null\"/></td><td>10*6/uL (million per microliter)</td></tr><tr><td>5337596 (Mil/uL)</td><td><a href=\"http://hl7.org/fhir/R4/codesystem-concept-map-equivalence.html#null\"/></td><td>10*6/uL (million per microliter)</td></tr><tr><td>5337700 (Milion/cmm)</td><td><a href=\"http://hl7.org/fhir/R4/codesystem-concept-map-equivalence.html#null\"/></td><td>10*6/uL (million per microliter)</td></tr><tr><td>5337660 (mill'n/cmm)</td><td><a href=\"http://hl7.org/fhir/R4/codesystem-concept-map-equivalence.html#null\"/></td><td>10*6/uL (million per microliter)</td></tr><tr><td>5337728 (mill./mm3)</td><td><a href=\"http://hl7.org/fhir/R4/codesystem-concept-map-equivalence.html#null\"/></td><td>10*6/uL (million per microliter)</td></tr><tr><td>5337762 (mill/cumm)</td><td><a href=\"http://hl7.org/fhir/R4/codesystem-concept-map-equivalence.html#null\"/></td><td>10*6/uL (million per microliter)</td></tr><tr><td>5337626 (million/uL)</td><td><a href=\"http://hl7.org/fhir/R4/codesystem-concept-map-equivalence.html#null\"/></td><td>10*6/uL (million per microliter)</td></tr><tr><td>5337538 (mIU/L)</td><td><a href=\"http://hl7.org/fhir/R4/codesystem-concept-map-equivalence.html#null\"/></td><td>m[IU]/L (milli international unit per liter)</td></tr><tr><td>5337508 (mIU/ml)</td><td><a href=\"http://hl7.org/fhir/R4/codesystem-concept-map-equivalence.html#null\"/></td><td>m[IU]/mL (milli  international unit per milliliter)</td></tr><tr><td>5337648 (mL)</td><td><a href=\"http://hl7.org/fhir/R4/codesystem-concept-map-equivalence.html#null\"/></td><td>mL (milliliter)</td></tr><tr><td>5337758 (mL/dL)</td><td><a href=\"http://hl7.org/fhir/R4/codesystem-concept-map-equivalence.html#null\"/></td><td>mL/dL (milliliter per deciliter)</td></tr><tr><td>5337428 (mL/min)</td><td><a href=\"http://hl7.org/fhir/R4/codesystem-concept-map-equivalence.html#null\"/></td><td>mL/min (milliliter per minute)</td></tr><tr><td>5337732 (mL/min.)</td><td><a href=\"http://hl7.org/fhir/R4/codesystem-concept-map-equivalence.html#null\"/></td><td>mL/min (milliliter per minute)</td></tr><tr><td>5337704 (mL/min/1.7)</td><td><a href=\"http://hl7.org/fhir/R4/codesystem-concept-map-equivalence.html#null\"/></td><td>mL/min/{1.73_m2} (milliliter per minute per 1.73 square meter)</td></tr><tr><td>5337708 (mL/min/1.73/m2)</td><td><a href=\"http://hl7.org/fhir/R4/codesystem-concept-map-equivalence.html#null\"/></td><td>mL/min/{1.73_m2} (milliliter per minute per 1.73 square meter)</td></tr><tr><td>5337570 (mL/min/1.73m2)</td><td><a href=\"http://hl7.org/fhir/R4/codesystem-concept-map-equivalence.html#null\"/></td><td>mL/min/{1.73_m2} (milliliter per minute per 1.73 square meter)</td></tr><tr><td>5337808 (mL/min/BSA)</td><td><a href=\"http://hl7.org/fhir/R4/codesystem-concept-map-equivalence.html#null\"/></td><td>mL/min/{1.73_m2} (milliliter per minute per 1.73 square meter)</td></tr><tr><td>5337612 (mL/min/m2*)</td><td><a href=\"http://hl7.org/fhir/R4/codesystem-concept-map-equivalence.html#null\"/></td><td>mL/min/m2 (milliliter per minute per square meter)</td></tr><tr><td>5337674 (mL/min/SA)</td><td><a href=\"http://hl7.org/fhir/R4/codesystem-concept-map-equivalence.html#null\"/></td><td>mL/min/{1.73_m2} (milliliter per minute per 1.73 square meter)</td></tr><tr><td>5337568 (mL/mn/1.73)</td><td><a href=\"http://hl7.org/fhir/R4/codesystem-concept-map-equivalence.html#null\"/></td><td>mL/min/{1.73_m2} (milliliter per minute per 1.73 square meter)</td></tr><tr><td>5337742 (ml/mn/1.7m)</td><td><a href=\"http://hl7.org/fhir/R4/codesystem-concept-map-equivalence.html#null\"/></td><td>mL/min/{1.73_m2} (milliliter per minute per 1.73 square meter)</td></tr><tr><td>5337542 (mm Hg)</td><td><a href=\"http://hl7.org/fhir/R4/codesystem-concept-map-equivalence.html#null\"/></td><td>mm[Hg] (millimeter Mercury column)</td></tr><tr><td>5337680 (mm/Hg)</td><td><a href=\"http://hl7.org/fhir/R4/codesystem-concept-map-equivalence.html#null\"/></td><td>mm[Hg] (millimeter Mercury column)</td></tr><tr><td>5337510 (MM/HR)</td><td><a href=\"http://hl7.org/fhir/R4/codesystem-concept-map-equivalence.html#null\"/></td><td>mm/h (millimeter per hour)</td></tr><tr><td>5337774 (mm/Hr.)</td><td><a href=\"http://hl7.org/fhir/R4/codesystem-concept-map-equivalence.html#null\"/></td><td>mm/h (millimeter per hour)</td></tr><tr><td>5337590 (mM/L)</td><td><a href=\"http://hl7.org/fhir/R4/codesystem-concept-map-equivalence.html#null\"/></td><td>mmol/L (millimole per liter)</td></tr><tr><td>5337466 (mmHg)</td><td><a href=\"http://hl7.org/fhir/R4/codesystem-concept-map-equivalence.html#null\"/></td><td>mm[Hg] (millimeter Mercury column)</td></tr><tr><td>5337402 (mmol/L)</td><td><a href=\"http://hl7.org/fhir/R4/codesystem-concept-map-equivalence.html#null\"/></td><td>mmol/L (millimole per liter)</td></tr><tr><td>5337592 (mmole/L)</td><td><a href=\"http://hl7.org/fhir/R4/codesystem-concept-map-equivalence.html#null\"/></td><td>mmol/L (millimole per liter)</td></tr><tr><td>5337496 (mosm/kg)</td><td><a href=\"http://hl7.org/fhir/R4/codesystem-concept-map-equivalence.html#null\"/></td><td>mosm/kg (milliosmole per kilogram)</td></tr><tr><td>5337558 (mOsm/L)</td><td><a href=\"http://hl7.org/fhir/R4/codesystem-concept-map-equivalence.html#null\"/></td><td>mosm/L (milliosmole per liter)</td></tr><tr><td>5337744 (mu/3)</td><td><a href=\"http://hl7.org/fhir/R4/codesystem-concept-map-equivalence.html#null\"/></td><td>fL (femtoliter)</td></tr><tr><td>5337490 (mu3)</td><td><a href=\"http://hl7.org/fhir/R4/codesystem-concept-map-equivalence.html#null\"/></td><td>fL (femtoliter)</td></tr><tr><td>5337460 (ng/dL)</td><td><a href=\"http://hl7.org/fhir/R4/codesystem-concept-map-equivalence.html#null\"/></td><td>ng/dL (nanogram per deciliter)</td></tr><tr><td>5337416 (ng/mL)</td><td><a href=\"http://hl7.org/fhir/R4/codesystem-concept-map-equivalence.html#null\"/></td><td>ng/mL (nanogram per milliliter)</td></tr><tr><td>5337748 (ng/mL.)</td><td><a href=\"http://hl7.org/fhir/R4/codesystem-concept-map-equivalence.html#null\"/></td><td>ng/mL (nanogram per milliliter)</td></tr><tr><td>5337694 (nmol/L)</td><td><a href=\"http://hl7.org/fhir/R4/codesystem-concept-map-equivalence.html#null\"/></td><td>nmol/L (nanomole per liter)</td></tr><tr><td>5337618 (per hpf)</td><td><a href=\"http://hl7.org/fhir/R4/codesystem-concept-map-equivalence.html#null\"/></td><td>/[HPF] (per high power field)</td></tr><tr><td>5337760 (per lpf)</td><td><a href=\"http://hl7.org/fhir/R4/codesystem-concept-map-equivalence.html#null\"/></td><td>/[LPF] (per low power field)</td></tr><tr><td>5337520 (PERCENT)</td><td><a href=\"http://hl7.org/fhir/R4/codesystem-concept-map-equivalence.html#null\"/></td><td>% (percent)</td></tr><tr><td>5337420 (pg)</td><td><a href=\"http://hl7.org/fhir/R4/codesystem-concept-map-equivalence.html#null\"/></td><td>pg (picogram)</td></tr><tr><td>5337784 (pg/cell)</td><td><a href=\"http://hl7.org/fhir/R4/codesystem-concept-map-equivalence.html#null\"/></td><td>pg/{cell} (picogram per cell)</td></tr><tr><td>5337442 (pg/mL)</td><td><a href=\"http://hl7.org/fhir/R4/codesystem-concept-map-equivalence.html#null\"/></td><td>pg/mL (picogram per milliliter)</td></tr><tr><td>5337796 (pg/mL.)</td><td><a href=\"http://hl7.org/fhir/R4/codesystem-concept-map-equivalence.html#null\"/></td><td>pg/mL (picogram per milliliter)</td></tr><tr><td>5337610 (pH)</td><td><a href=\"http://hl7.org/fhir/R4/codesystem-concept-map-equivalence.html#null\"/></td><td>[pH] (pH)</td></tr><tr><td>5337668 (pH UNIT)</td><td><a href=\"http://hl7.org/fhir/R4/codesystem-concept-map-equivalence.html#null\"/></td><td>[pH] (pH)</td></tr><tr><td>5337578 (PH units)</td><td><a href=\"http://hl7.org/fhir/R4/codesystem-concept-map-equivalence.html#null\"/></td><td>[pH] (pH)</td></tr><tr><td>5337772 (pHunits)</td><td><a href=\"http://hl7.org/fhir/R4/codesystem-concept-map-equivalence.html#null\"/></td><td>[pH] (pH)</td></tr><tr><td>5337440 (Ratio)</td><td><a href=\"http://hl7.org/fhir/R4/codesystem-concept-map-equivalence.html#null\"/></td><td>{ratio} (ratio)</td></tr><tr><td>5337430 (sec)</td><td><a href=\"http://hl7.org/fhir/R4/codesystem-concept-map-equivalence.html#null\"/></td><td>s (second)</td></tr><tr><td>5337486 (sec.)</td><td><a href=\"http://hl7.org/fhir/R4/codesystem-concept-map-equivalence.html#null\"/></td><td>s (second)</td></tr><tr><td>5337454 (seconds)</td><td><a href=\"http://hl7.org/fhir/R4/codesystem-concept-map-equivalence.html#null\"/></td><td>s (second)</td></tr><tr><td>5337514 (secs)</td><td><a href=\"http://hl7.org/fhir/R4/codesystem-concept-map-equivalence.html#null\"/></td><td>s (second)</td></tr><tr><td>5337620 (Secs.)</td><td><a href=\"http://hl7.org/fhir/R4/codesystem-concept-map-equivalence.html#null\"/></td><td>s (second)</td></tr><tr><td>5337506 (t/cmm)</td><td><a href=\"http://hl7.org/fhir/R4/codesystem-concept-map-equivalence.html#null\"/></td><td>10*3/uL (thousand per microliter)</td></tr><tr><td>5337792 (T/CUMM)</td><td><a href=\"http://hl7.org/fhir/R4/codesystem-concept-map-equivalence.html#null\"/></td><td>10*3/uL (thousand per microliter)</td></tr><tr><td>5337634 (T/L)</td><td><a href=\"http://hl7.org/fhir/R4/codesystem-concept-map-equivalence.html#null\"/></td><td>10*3/L (thousand per liter)</td></tr><tr><td>5337678 (thou)</td><td><a href=\"http://hl7.org/fhir/R4/codesystem-concept-map-equivalence.html#null\"/></td><td>10*3 (thousand)</td></tr><tr><td>5337534 (THOU/CUMM)</td><td><a href=\"http://hl7.org/fhir/R4/codesystem-concept-map-equivalence.html#null\"/></td><td>10*3/uL (thousand per microliter)</td></tr><tr><td>5337550 (thou/ul)</td><td><a href=\"http://hl7.org/fhir/R4/codesystem-concept-map-equivalence.html#null\"/></td><td>10*3/uL (thousand per microliter)</td></tr><tr><td>5337580 (Thous./cmm)</td><td><a href=\"http://hl7.org/fhir/R4/codesystem-concept-map-equivalence.html#null\"/></td><td>10*3/uL (thousand per microliter)</td></tr><tr><td>5337522 (thous./mm3)</td><td><a href=\"http://hl7.org/fhir/R4/codesystem-concept-map-equivalence.html#null\"/></td><td>10*3/uL (thousand per microliter)</td></tr><tr><td>5337574 (Thous./ul)</td><td><a href=\"http://hl7.org/fhir/R4/codesystem-concept-map-equivalence.html#null\"/></td><td>10*3/uL (thousand per microliter)</td></tr><tr><td>5337776 (THOUS/CMM)</td><td><a href=\"http://hl7.org/fhir/R4/codesystem-concept-map-equivalence.html#null\"/></td><td>10*3/uL (thousand per microliter)</td></tr><tr><td>5337500 (thousand)</td><td><a href=\"http://hl7.org/fhir/R4/codesystem-concept-map-equivalence.html#null\"/></td><td>10*3 (thousand)</td></tr><tr><td>5337670 (TITER)</td><td><a href=\"http://hl7.org/fhir/R4/codesystem-concept-map-equivalence.html#null\"/></td><td>{titer} (titer)</td></tr><tr><td>5337802 (TORR)</td><td><a href=\"http://hl7.org/fhir/R4/codesystem-concept-map-equivalence.html#null\"/></td><td>Torr</td></tr><tr><td>5337624 (TRIL/L)</td><td><a href=\"http://hl7.org/fhir/R4/codesystem-concept-map-equivalence.html#null\"/></td><td>10*12/L (trillion per liter)</td></tr><tr><td>5337408 (U/L)</td><td><a href=\"http://hl7.org/fhir/R4/codesystem-concept-map-equivalence.html#null\"/></td><td>U/L (enzyme unit per liter)</td></tr><tr><td>5337588 (u3)</td><td><a href=\"http://hl7.org/fhir/R4/codesystem-concept-map-equivalence.html#null\"/></td><td>fL (femtoliter)</td></tr><tr><td>5337464 (ug/dL)</td><td><a href=\"http://hl7.org/fhir/R4/codesystem-concept-map-equivalence.html#null\"/></td><td>ug/dL (microgram per deciliter)</td></tr><tr><td>5337702 (ug/mg)</td><td><a href=\"http://hl7.org/fhir/R4/codesystem-concept-map-equivalence.html#null\"/></td><td>ug/mg (microgram per milligram)</td></tr><tr><td>5337716 (ug/mg crea)</td><td><a href=\"http://hl7.org/fhir/R4/codesystem-concept-map-equivalence.html#null\"/></td><td>ug/mg{creat} (microgram per milligram of creatinine)</td></tr><tr><td>5337512 (ug/mL)</td><td><a href=\"http://hl7.org/fhir/R4/codesystem-concept-map-equivalence.html#null\"/></td><td>ug/mL (microgram per milliliter)</td></tr><tr><td>5337432 (UIU/ML)</td><td><a href=\"http://hl7.org/fhir/R4/codesystem-concept-map-equivalence.html#null\"/></td><td>u[IU]/mL (micro international unit per milliliter)</td></tr><tr><td>5337690 (uIUnits/mL)</td><td><a href=\"http://hl7.org/fhir/R4/codesystem-concept-map-equivalence.html#null\"/></td><td>u[IU]/mL (micro international unit per milliliter)</td></tr><tr><td>5337770 (uL)</td><td><a href=\"http://hl7.org/fhir/R4/codesystem-concept-map-equivalence.html#null\"/></td><td>uL (microliter)</td></tr><tr><td>5337798 (ulU/ml)</td><td><a href=\"http://hl7.org/fhir/R4/codesystem-concept-map-equivalence.html#null\"/></td><td>u[IU]/mL (micro international unit per milliliter)</td></tr><tr><td>5337472 (um3)</td><td><a href=\"http://hl7.org/fhir/R4/codesystem-concept-map-equivalence.html#null\"/></td><td>fL (femtoliter)</td></tr><tr><td>5337646 (UMOL/L)</td><td><a href=\"http://hl7.org/fhir/R4/codesystem-concept-map-equivalence.html#null\"/></td><td>umol/L (micromole per liter)</td></tr><tr><td>5337594 (Unit/L.)</td><td><a href=\"http://hl7.org/fhir/R4/codesystem-concept-map-equivalence.html#null\"/></td><td>U/L (enzyme unit per liter)</td></tr><tr><td>5337656 (uU/ml)</td><td><a href=\"http://hl7.org/fhir/R4/codesystem-concept-map-equivalence.html#null\"/></td><td>uU/mL (micro enzyme unit per milliliter)</td></tr><tr><td>5337450 (uug)</td><td><a href=\"http://hl7.org/fhir/R4/codesystem-concept-map-equivalence.html#null\"/></td><td>pg (picogram)</td></tr><tr><td>5337560 (vol%)</td><td><a href=\"http://hl7.org/fhir/R4/codesystem-concept-map-equivalence.html#null\"/></td><td>%{vol} (percent by volume)</td></tr><tr><td>5337494 (X 10-3)</td><td><a href=\"http://hl7.org/fhir/R4/codesystem-concept-map-equivalence.html#null\"/></td><td>10*3 (thousand)</td></tr><tr><td>5337724 (X 10-3/uL)</td><td><a href=\"http://hl7.org/fhir/R4/codesystem-concept-map-equivalence.html#null\"/></td><td>10*3/uL (thousand per microliter)</td></tr><tr><td>5337628 (x 1000)</td><td><a href=\"http://hl7.org/fhir/R4/codesystem-concept-map-equivalence.html#null\"/></td><td>10*3 (thousand)</td></tr><tr><td>5337806 (X(10)3)</td><td><a href=\"http://hl7.org/fhir/R4/codesystem-concept-map-equivalence.html#null\"/></td><td>10*3 (thousand)</td></tr><tr><td>5337692 (x10 3)</td><td><a href=\"http://hl7.org/fhir/R4/codesystem-concept-map-equivalence.html#null\"/></td><td>10*3 (thousand)</td></tr><tr><td>5337652 (X10 3/UL)</td><td><a href=\"http://hl7.org/fhir/R4/codesystem-concept-map-equivalence.html#null\"/></td><td>10*3/uL (thousand per microliter)</td></tr><tr><td>5337768 (x10 6)</td><td><a href=\"http://hl7.org/fhir/R4/codesystem-concept-map-equivalence.html#null\"/></td><td>10*6 (million)</td></tr><tr><td>5337630 (x10*3/uL)</td><td><a href=\"http://hl7.org/fhir/R4/codesystem-concept-map-equivalence.html#null\"/></td><td>10*3/uL (thousand per microliter)</td></tr><tr><td>5337530 (X10-3)</td><td><a href=\"http://hl7.org/fhir/R4/codesystem-concept-map-equivalence.html#null\"/></td><td>10*3 (thousand)</td></tr><tr><td>5337448 (x10-3/uL)</td><td><a href=\"http://hl7.org/fhir/R4/codesystem-concept-map-equivalence.html#null\"/></td><td>10*3/uL (thousand per microliter)</td></tr><tr><td>5337636 (X10-6)</td><td><a href=\"http://hl7.org/fhir/R4/codesystem-concept-map-equivalence.html#null\"/></td><td>10*6 (million)</td></tr><tr><td>5337556 (x10-6/uL)</td><td><a href=\"http://hl7.org/fhir/R4/codesystem-concept-map-equivalence.html#null\"/></td><td>10*6/uL (million per microliter)</td></tr><tr><td>5337676 (X1000/cmm)</td><td><a href=\"http://hl7.org/fhir/R4/codesystem-concept-map-equivalence.html#null\"/></td><td>10*3/uL (thousand per microliter)</td></tr><tr><td>5337456 (x1000/uL)</td><td><a href=\"http://hl7.org/fhir/R4/codesystem-concept-map-equivalence.html#null\"/></td><td>10*3/uL (thousand per microliter)</td></tr><tr><td>5337654 (x10E3/uL)</td><td><a href=\"http://hl7.org/fhir/R4/codesystem-concept-map-equivalence.html#null\"/></td><td>10*3/uL (thousand per microliter)</td></tr></table></div>"},"extension":[{"url":"http://hl7.org/fhir/StructureDefinition/structuredefinition-fmm","valueInteger":1,"_valueInteger":{"extension":[{"url":"http://hl7.org/fhir/StructureDefinition/structuredefinition-conformance-derivedFrom","valueCanonical":"https://department-of-veterans-affairs.github.io/mhv-fhir-phr-mapping/ImplementationGuide/va.mhv.fhir.phr"}]}},{"url":"http://hl7.org/fhir/StructureDefinition/structuredefinition-standards-status","valueCode":"trial-use","_valueCode":{"extension":[{"url":"http://hl7.org/fhir/StructureDefinition/structuredefinition-conformance-derivedFrom","valueCanonical":"https://department-of-veterans-affairs.github.io/mhv-fhir-phr-mapping/ImplementationGuide/va.mhv.fhir.phr"}]}}],"url":"https://department-of-veterans-affairs.github.io/mhv-fhir-phr-mapping/ConceptMap/LabUcumCodes","version":"0.2.10","name":"LabTOucumCodes","title":"Mapping from Vista used lab units string to formal UCUM codes","status":"active","experimental":false,"date":"2023-12-15","publisher":"VA Digital Services","contact":[{"name":"VA Digital Services","telecom":[{"system":"url","value":"http://va.gov"}]},{"name":"John Moehrke (himself)","telecom":[{"system":"email","value":"John.Moehrke@va.gov"}]}],"description":"Vista units are close but often not exactly correct. This map gives the proper formal UCUM code.\n\n- LabUcum.csv - 11/08/2021, vhaislstewar, VHAT 325","jurisdiction":[{"coding":[{"system":"urn:iso:std:iso:3166","code":"US"}]}],"purpose":"To be able to use proper UCUM code in the FHIR Observation","group":[{"source":"urn:oid:2.16.840.1.113883.6.233","target":"http://unitsofmeasure.org","element":[{"code":"5337552","display":"\"%\"","target":[{"modifierExtension":[{"url":"http://hl7.org/fhir/1.0/StructureDefinition/extension-ConceptMap.element.target.equivalence","valueCode":"equal"}],"code":"%","display":"percent","equivalence":"equal"}]},{"code":"5337698","display":"\"/HPF\"","target":[{"modifierExtension":[{"url":"http://hl7.org/fhir/1.0/StructureDefinition/extension-ConceptMap.element.target.equivalence","valueCode":"equal"}],"code":"/[HPF]","display":"per high power field","equivalence":"equal"}]},{"code":"5337478","display":"#","target":[{"modifierExtension":[{"url":"http://hl7.org/fhir/1.0/StructureDefinition/extension-ConceptMap.element.target.equivalence","valueCode":"equal"}],"code":"{#}","display":"number","equivalence":"equal"}]},{"code":"5337794","display":"# K/ul","target":[{"modifierExtension":[{"url":"http://hl7.org/fhir/1.0/StructureDefinition/extension-ConceptMap.element.target.equivalence","valueCode":"equal"}],"code":"10*3/uL","display":"thousand per microliter","equivalence":"equal"}]},{"code":"5337536","display":"#/cmm","target":[{"modifierExtension":[{"url":"http://hl7.org/fhir/1.0/StructureDefinition/extension-ConceptMap.element.target.equivalence","valueCode":"equal"}],"code":"{#}/uL","display":"number per microliter","equivalence":"equal"}]},{"code":"5337546","display":"#/HPF","target":[{"modifierExtension":[{"url":"http://hl7.org/fhir/1.0/StructureDefinition/extension-ConceptMap.element.target.equivalence","valueCode":"equal"}],"code":"{#}/[HPF]","display":"number per high power field","equivalence":"equal"}]},{"code":"5337662","display":"#/LPF","target":[{"modifierExtension":[{"url":"http://hl7.org/fhir/1.0/StructureDefinition/extension-ConceptMap.element.target.equivalence","valueCode":"equal"}],"code":"{#}/[LPF]","display":"number per low power field","equivalence":"equal"}]},{"code":"5337504","display":"#x1000/uL","target":[{"modifierExtension":[{"url":"http://hl7.org/fhir/1.0/StructureDefinition/extension-ConceptMap.element.target.equivalence","valueCode":"equal"}],"code":"10*3/uL","display":"thousand per microliter","equivalence":"equal"}]},{"code":"5337400","display":"%","target":[{"modifierExtension":[{"url":"http://hl7.org/fhir/1.0/StructureDefinition/extension-ConceptMap.element.target.equivalence","valueCode":"equal"}],"code":"%","display":"percent","equivalence":"equal"}]},{"code":"5337712","display":"%  AUTO","target":[{"modifierExtension":[{"url":"http://hl7.org/fhir/1.0/StructureDefinition/extension-ConceptMap.element.target.equivalence","valueCode":"equal"}],"code":"%","display":"percent","equivalence":"equal"}]},{"code":"5337566","display":"%/WBC","target":[{"modifierExtension":[{"url":"http://hl7.org/fhir/1.0/StructureDefinition/extension-ConceptMap.element.target.equivalence","valueCode":"equal"}],"code":"/100{WBCs}","display":"per 100 white blood cells","equivalence":"equal"}]},{"code":"5337706","display":"%VOLUME","target":[{"modifierExtension":[{"url":"http://hl7.org/fhir/1.0/StructureDefinition/extension-ConceptMap.element.target.equivalence","valueCode":"equal"}],"code":"%{vol}","display":"percent by volume","equivalence":"equal"}]},{"code":"5337606","display":"/100 WBC","target":[{"modifierExtension":[{"url":"http://hl7.org/fhir/1.0/StructureDefinition/extension-ConceptMap.element.target.equivalence","valueCode":"equal"}],"code":"/100{WBCs}","display":"per 100 white blood cells","equivalence":"equal"}]},{"code":"5337572","display":"/100WBC","target":[{"modifierExtension":[{"url":"http://hl7.org/fhir/1.0/StructureDefinition/extension-ConceptMap.element.target.equivalence","valueCode":"equal"}],"code":"/100{WBCs}","display":"per 100 white blood cells","equivalence":"equal"}]},{"code":"5337608","display":"/cumm","target":[{"modifierExtension":[{"url":"http://hl7.org/fhir/1.0/StructureDefinition/extension-ConceptMap.element.target.equivalence","valueCode":"equal"}],"code":"/uL","display":"per microliter","equivalence":"equal"}]},{"code":"5337614","display":"/dL","target":[{"modifierExtension":[{"url":"http://hl7.org/fhir/1.0/StructureDefinition/extension-ConceptMap.element.target.equivalence","valueCode":"equal"}],"code":"/dL","display":"per deciliter","equivalence":"equal"}]},{"code":"5337422","display":"/HPF","target":[{"modifierExtension":[{"url":"http://hl7.org/fhir/1.0/StructureDefinition/extension-ConceptMap.element.target.equivalence","valueCode":"equal"}],"code":"/[HPF]","display":"per high power field","equivalence":"equal"}]},{"code":"5337686","display":"/HPF.","target":[{"modifierExtension":[{"url":"http://hl7.org/fhir/1.0/StructureDefinition/extension-ConceptMap.element.target.equivalence","valueCode":"equal"}],"code":"/[HPF]","display":"per high power field","equivalence":"equal"}]},{"code":"5337438","display":"/LPF","target":[{"modifierExtension":[{"url":"http://hl7.org/fhir/1.0/StructureDefinition/extension-ConceptMap.element.target.equivalence","valueCode":"equal"}],"code":"/[LPF]","display":"per low power field","equivalence":"equal"}]},{"code":"5337474","display":"/uL","target":[{"modifierExtension":[{"url":"http://hl7.org/fhir/1.0/StructureDefinition/extension-ConceptMap.element.target.equivalence","valueCode":"equal"}],"code":"/uL","display":"per microliter","equivalence":"equal"}]},{"code":"5337726","display":"10 3/uL","target":[{"modifierExtension":[{"url":"http://hl7.org/fhir/1.0/StructureDefinition/extension-ConceptMap.element.target.equivalence","valueCode":"equal"}],"code":"10*3/uL","display":"thousand per microliter","equivalence":"equal"}]},{"code":"5337664","display":"10(3)/ mcL","target":[{"modifierExtension":[{"url":"http://hl7.org/fhir/1.0/StructureDefinition/extension-ConceptMap.element.target.equivalence","valueCode":"equal"}],"code":"10*3/uL","display":"thousand per microliter","equivalence":"equal"}]},{"code":"5337492","display":"10(3)/mcL","target":[{"modifierExtension":[{"url":"http://hl7.org/fhir/1.0/StructureDefinition/extension-ConceptMap.element.target.equivalence","valueCode":"equal"}],"code":"10*3/uL","display":"thousand per microliter","equivalence":"equal"}]},{"code":"5337666","display":"10(6)/mcL","target":[{"modifierExtension":[{"url":"http://hl7.org/fhir/1.0/StructureDefinition/extension-ConceptMap.element.target.equivalence","valueCode":"equal"}],"code":"10*6/uL","display":"million per microliter","equivalence":"equal"}]},{"code":"5337518","display":"10000","target":[{"modifierExtension":[{"url":"http://hl7.org/fhir/1.0/StructureDefinition/extension-ConceptMap.element.target.equivalence","valueCode":"equal"}],"code":"10*3","display":"thousand","equivalence":"equal"}]},{"code":"5337738","display":"10000000","target":[{"modifierExtension":[{"url":"http://hl7.org/fhir/1.0/StructureDefinition/extension-ConceptMap.element.target.equivalence","valueCode":"equal"}],"code":"10*6","display":"million","equivalence":"equal"}]},{"code":"5337444","display":"10*3/uL","target":[{"modifierExtension":[{"url":"http://hl7.org/fhir/1.0/StructureDefinition/extension-ConceptMap.element.target.equivalence","valueCode":"equal"}],"code":"10*3/uL","display":"thousand per microliter","equivalence":"equal"}]},{"code":"5337554","display":"10*6/uL","target":[{"modifierExtension":[{"url":"http://hl7.org/fhir/1.0/StructureDefinition/extension-ConceptMap.element.target.equivalence","valueCode":"equal"}],"code":"10*6/uL","display":"million per microliter","equivalence":"equal"}]},{"code":"5337452","display":"10.e3/uL","target":[{"modifierExtension":[{"url":"http://hl7.org/fhir/1.0/StructureDefinition/extension-ConceptMap.element.target.equivalence","valueCode":"equal"}],"code":"10*3/uL","display":"thousand per microliter","equivalence":"equal"}]},{"code":"5337576","display":"10.e6/uL","target":[{"modifierExtension":[{"url":"http://hl7.org/fhir/1.0/StructureDefinition/extension-ConceptMap.element.target.equivalence","valueCode":"equal"}],"code":"10*6/uL","display":"million per microliter","equivalence":"equal"}]},{"code":"5337544","display":"1000/uL","target":[{"modifierExtension":[{"url":"http://hl7.org/fhir/1.0/StructureDefinition/extension-ConceptMap.element.target.equivalence","valueCode":"equal"}],"code":"10*3/uL","display":"thousand per microliter","equivalence":"equal"}]},{"code":"5337632","display":"10E12/L","target":[{"modifierExtension":[{"url":"http://hl7.org/fhir/1.0/StructureDefinition/extension-ConceptMap.element.target.equivalence","valueCode":"equal"}],"code":"10*12/L","display":"trillion per liter","equivalence":"equal"}]},{"code":"5337780","display":"10E3/mcL","target":[{"modifierExtension":[{"url":"http://hl7.org/fhir/1.0/StructureDefinition/extension-ConceptMap.element.target.equivalence","valueCode":"equal"}],"code":"10*3/uL","display":"thousand per microliter","equivalence":"equal"}]},{"code":"5337482","display":"10e3/uL","target":[{"modifierExtension":[{"url":"http://hl7.org/fhir/1.0/StructureDefinition/extension-ConceptMap.element.target.equivalence","valueCode":"equal"}],"code":"10*3/uL","display":"thousand per microliter","equivalence":"equal"}]},{"code":"5337782","display":"10E6/mcL","target":[{"modifierExtension":[{"url":"http://hl7.org/fhir/1.0/StructureDefinition/extension-ConceptMap.element.target.equivalence","valueCode":"equal"}],"code":"10*6/uL","display":"million per microliter","equivalence":"equal"}]},{"code":"5337584","display":"10e6/uL","target":[{"modifierExtension":[{"url":"http://hl7.org/fhir/1.0/StructureDefinition/extension-ConceptMap.element.target.equivalence","valueCode":"equal"}],"code":"10*6/uL","display":"million per microliter","equivalence":"equal"}]},{"code":"5337476","display":"10E9/L","target":[{"modifierExtension":[{"url":"http://hl7.org/fhir/1.0/StructureDefinition/extension-ConceptMap.element.target.equivalence","valueCode":"equal"}],"code":"10*9/L","display":"billion per liter","equivalence":"equal"}]},{"code":"5337564","display":"10x3/cmm","target":[{"modifierExtension":[{"url":"http://hl7.org/fhir/1.0/StructureDefinition/extension-ConceptMap.element.target.equivalence","valueCode":"equal"}],"code":"10*3/uL","display":"thousand per microliter","equivalence":"equal"}]},{"code":"5337640","display":"10x3cumm","target":[{"modifierExtension":[{"url":"http://hl7.org/fhir/1.0/StructureDefinition/extension-ConceptMap.element.target.equivalence","valueCode":"equal"}],"code":"10*3/uL","display":"thousand per microliter","equivalence":"equal"}]},{"code":"5337800","display":"10x6/cmm","target":[{"modifierExtension":[{"url":"http://hl7.org/fhir/1.0/StructureDefinition/extension-ConceptMap.element.target.equivalence","valueCode":"equal"}],"code":"10*6/uL","display":"million per microliter","equivalence":"equal"}]},{"code":"5337484","display":"BILL/L","target":[{"modifierExtension":[{"url":"http://hl7.org/fhir/1.0/StructureDefinition/extension-ConceptMap.element.target.equivalence","valueCode":"equal"}],"code":"10*9/L","display":"billion per liter","equivalence":"equal"}]},{"code":"5337736","display":"CELLS/HPF","target":[{"modifierExtension":[{"url":"http://hl7.org/fhir/1.0/StructureDefinition/extension-ConceptMap.element.target.equivalence","valueCode":"equal"}],"code":"{cells}/[HPF]","display":"cells per high power field","equivalence":"equal"}]},{"code":"5337718","display":"CELLS/uL","target":[{"modifierExtension":[{"url":"http://hl7.org/fhir/1.0/StructureDefinition/extension-ConceptMap.element.target.equivalence","valueCode":"equal"}],"code":"{cells}/uL","display":"cells per microliter","equivalence":"equal"}]},{"code":"5337470","display":"cmu","target":[{"modifierExtension":[{"url":"http://hl7.org/fhir/1.0/StructureDefinition/extension-ConceptMap.element.target.equivalence","valueCode":"equal"}],"code":"fL","display":"femtoliter","equivalence":"equal"}]},{"code":"5337688","display":"copies/mL","target":[{"modifierExtension":[{"url":"http://hl7.org/fhir/1.0/StructureDefinition/extension-ConceptMap.element.target.equivalence","valueCode":"equal"}],"code":"{copies}/mL","display":"copies per milliliter","equivalence":"equal"}]},{"code":"5337756","display":"cum","target":[{"modifierExtension":[{"url":"http://hl7.org/fhir/1.0/StructureDefinition/extension-ConceptMap.element.target.equivalence","valueCode":"equal"}],"code":"fL","display":"femtoliter","equivalence":"equal"}]},{"code":"5337734","display":"cumm","target":[{"modifierExtension":[{"url":"http://hl7.org/fhir/1.0/StructureDefinition/extension-ConceptMap.element.target.equivalence","valueCode":"equal"}],"code":"uL","display":"microliter","equivalence":"equal"}]},{"code":"5337658","display":"cuu","target":[{"modifierExtension":[{"url":"http://hl7.org/fhir/1.0/StructureDefinition/extension-ConceptMap.element.target.equivalence","valueCode":"equal"}],"code":"fL","display":"femtoliter","equivalence":"equal"}]},{"code":"5337730","display":"deg C","target":[{"modifierExtension":[{"url":"http://hl7.org/fhir/1.0/StructureDefinition/extension-ConceptMap.element.target.equivalence","valueCode":"equal"}],"code":"Cel","display":"degree Celsius","equivalence":"equal"}]},{"code":"5337788","display":"E.U.","target":[{"modifierExtension":[{"url":"http://hl7.org/fhir/1.0/StructureDefinition/extension-ConceptMap.element.target.equivalence","valueCode":"equal"}],"code":"{Ehrlich'U}","display":"Ehrlich unit","equivalence":"equal"}]},{"code":"5337516","display":"E.U./dl","target":[{"modifierExtension":[{"url":"http://hl7.org/fhir/1.0/StructureDefinition/extension-ConceptMap.element.target.equivalence","valueCode":"equal"}],"code":"{Ehrlich'U}/dL","display":"Ehrlich unit per deciliter","equivalence":"equal"}]},{"code":"5337722","display":"ERY/MCL","target":[{"modifierExtension":[{"url":"http://hl7.org/fhir/1.0/StructureDefinition/extension-ConceptMap.element.target.equivalence","valueCode":"equal"}],"code":"{RBC}/uL","display":"red blood cell per microliter","equivalence":"equal"}]},{"code":"5337650","display":"Ery/uL","target":[{"modifierExtension":[{"url":"http://hl7.org/fhir/1.0/StructureDefinition/extension-ConceptMap.element.target.equivalence","valueCode":"equal"}],"code":"{RBC}/uL","display":"red blood cell per microliter","equivalence":"equal"}]},{"code":"5337672","display":"EU","target":[{"modifierExtension":[{"url":"http://hl7.org/fhir/1.0/StructureDefinition/extension-ConceptMap.element.target.equivalence","valueCode":"equal"}],"code":"{Ehrlich'U}","display":"Ehrlich unit","equivalence":"equal"}]},{"code":"5337458","display":"EU/dl","target":[{"modifierExtension":[{"url":"http://hl7.org/fhir/1.0/StructureDefinition/extension-ConceptMap.element.target.equivalence","valueCode":"equal"}],"code":"{Ehrlich'U}/dL","display":"Ehrlich unit per deciliter","equivalence":"equal"}]},{"code":"5337720","display":"femtoliter","target":[{"modifierExtension":[{"url":"http://hl7.org/fhir/1.0/StructureDefinition/extension-ConceptMap.element.target.equivalence","valueCode":"equal"}],"code":"fL","display":"femtoliter","equivalence":"equal"}]},{"code":"5337410","display":"fL","target":[{"modifierExtension":[{"url":"http://hl7.org/fhir/1.0/StructureDefinition/extension-ConceptMap.element.target.equivalence","valueCode":"equal"}],"code":"fL","display":"femtoliter","equivalence":"equal"}]},{"code":"5337404","display":"g/dL","target":[{"modifierExtension":[{"url":"http://hl7.org/fhir/1.0/StructureDefinition/extension-ConceptMap.element.target.equivalence","valueCode":"equal"}],"code":"g/dL","display":"gram per deciliter","equivalence":"equal"}]},{"code":"5337804","display":"g/dl.","target":[{"modifierExtension":[{"url":"http://hl7.org/fhir/1.0/StructureDefinition/extension-ConceptMap.element.target.equivalence","valueCode":"equal"}],"code":"g/dL","display":"gram per deciliter","equivalence":"equal"}]},{"code":"5337480","display":"G/L","target":[{"modifierExtension":[{"url":"http://hl7.org/fhir/1.0/StructureDefinition/extension-ConceptMap.element.target.equivalence","valueCode":"equal"}],"code":"g/L","display":"gram per liter","equivalence":"equal"}]},{"code":"5337424","display":"gm/dL","target":[{"modifierExtension":[{"url":"http://hl7.org/fhir/1.0/StructureDefinition/extension-ConceptMap.element.target.equivalence","valueCode":"equal"}],"code":"g/dL","display":"gram per deciliter","equivalence":"equal"}]},{"code":"5337532","display":"HPF","target":[{"modifierExtension":[{"url":"http://hl7.org/fhir/1.0/StructureDefinition/extension-ConceptMap.element.target.equivalence","valueCode":"equal"}],"code":"[HPF]","display":"high power field","equivalence":"equal"}]},{"code":"5337604","display":"Index","target":[{"modifierExtension":[{"url":"http://hl7.org/fhir/1.0/StructureDefinition/extension-ConceptMap.element.target.equivalence","valueCode":"equal"}],"code":"{index}","display":"index value","equivalence":"equal"}]},{"code":"5337548","display":"INR","target":[{"modifierExtension":[{"url":"http://hl7.org/fhir/1.0/StructureDefinition/extension-ConceptMap.element.target.equivalence","valueCode":"equal"}],"code":"{INR}","display":"international normalized ratio","equivalence":"equal"}]},{"code":"5337622","display":"IntUnit/L","target":[{"modifierExtension":[{"url":"http://hl7.org/fhir/1.0/StructureDefinition/extension-ConceptMap.element.target.equivalence","valueCode":"equal"}],"code":"[IU]/L","display":"international unit per liter","equivalence":"equal"}]},{"code":"5337562","display":"IntUnits/L","target":[{"modifierExtension":[{"url":"http://hl7.org/fhir/1.0/StructureDefinition/extension-ConceptMap.element.target.equivalence","valueCode":"equal"}],"code":"[IU]/L","display":"international unit per liter","equivalence":"equal"}]},{"code":"5337418","display":"IU/L","target":[{"modifierExtension":[{"url":"http://hl7.org/fhir/1.0/StructureDefinition/extension-ConceptMap.element.target.equivalence","valueCode":"equal"}],"code":"[IU]/L","display":"international unit per liter","equivalence":"equal"}]},{"code":"5337498","display":"IU/mL","target":[{"modifierExtension":[{"url":"http://hl7.org/fhir/1.0/StructureDefinition/extension-ConceptMap.element.target.equivalence","valueCode":"equal"}],"code":"[IU]/mL","display":"international unit per milliliter","equivalence":"equal"}]},{"code":"5337750","display":"K","target":[{"modifierExtension":[{"url":"http://hl7.org/fhir/1.0/StructureDefinition/extension-ConceptMap.element.target.equivalence","valueCode":"equal"}],"code":"10*3","display":"thousand","equivalence":"equal"}]},{"code":"5337740","display":"K/ccm","target":[{"modifierExtension":[{"url":"http://hl7.org/fhir/1.0/StructureDefinition/extension-ConceptMap.element.target.equivalence","valueCode":"equal"}],"code":"10*3/mL","display":"thousand per milliliter","equivalence":"equal"}]},{"code":"5337406","display":"K/cmm","target":[{"modifierExtension":[{"url":"http://hl7.org/fhir/1.0/StructureDefinition/extension-ConceptMap.element.target.equivalence","valueCode":"equal"}],"code":"10*3/uL","display":"thousand per microliter","equivalence":"equal"}]},{"code":"5337714","display":"K/cmm AUTO","target":[{"modifierExtension":[{"url":"http://hl7.org/fhir/1.0/StructureDefinition/extension-ConceptMap.element.target.equivalence","valueCode":"equal"}],"code":"10*3/uL","display":"thousand per microliter","equivalence":"equal"}]},{"code":"5337462","display":"K/cu mm","target":[{"modifierExtension":[{"url":"http://hl7.org/fhir/1.0/StructureDefinition/extension-ConceptMap.element.target.equivalence","valueCode":"equal"}],"code":"10*3/uL","display":"thousand per microliter","equivalence":"equal"}]},{"code":"5337446","display":"K/cumm","target":[{"modifierExtension":[{"url":"http://hl7.org/fhir/1.0/StructureDefinition/extension-ConceptMap.element.target.equivalence","valueCode":"equal"}],"code":"10*3/uL","display":"thousand per microliter","equivalence":"equal"}]},{"code":"5337468","display":"K/mcL","target":[{"modifierExtension":[{"url":"http://hl7.org/fhir/1.0/StructureDefinition/extension-ConceptMap.element.target.equivalence","valueCode":"equal"}],"code":"10*3/uL","display":"thousand per microliter","equivalence":"equal"}]},{"code":"5337682","display":"K/mm-3","target":[{"modifierExtension":[{"url":"http://hl7.org/fhir/1.0/StructureDefinition/extension-ConceptMap.element.target.equivalence","valueCode":"equal"}],"code":"10*3/uL","display":"thousand per microliter","equivalence":"equal"}]},{"code":"5337434","display":"K/mm3","target":[{"modifierExtension":[{"url":"http://hl7.org/fhir/1.0/StructureDefinition/extension-ConceptMap.element.target.equivalence","valueCode":"equal"}],"code":"10*3/uL","display":"thousand per microliter","equivalence":"equal"}]},{"code":"5337414","display":"K/ul","target":[{"modifierExtension":[{"url":"http://hl7.org/fhir/1.0/StructureDefinition/extension-ConceptMap.element.target.equivalence","valueCode":"equal"}],"code":"10*3/uL","display":"thousand per microliter","equivalence":"equal"}]},{"code":"5337600","display":"kU/L","target":[{"modifierExtension":[{"url":"http://hl7.org/fhir/1.0/StructureDefinition/extension-ConceptMap.element.target.equivalence","valueCode":"equal"}],"code":"kU/L","display":"kilo enzyme unit per liter","equivalence":"equal"}]},{"code":"5337696","display":"LPF","target":[{"modifierExtension":[{"url":"http://hl7.org/fhir/1.0/StructureDefinition/extension-ConceptMap.element.target.equivalence","valueCode":"equal"}],"code":"[LPF]","display":"low power field","equivalence":"equal"}]},{"code":"5337426","display":"M/cmm","target":[{"modifierExtension":[{"url":"http://hl7.org/fhir/1.0/StructureDefinition/extension-ConceptMap.element.target.equivalence","valueCode":"equal"}],"code":"10*6/uL","display":"million per microliter","equivalence":"equal"}]},{"code":"5337616","display":"M/cu mm","target":[{"modifierExtension":[{"url":"http://hl7.org/fhir/1.0/StructureDefinition/extension-ConceptMap.element.target.equivalence","valueCode":"equal"}],"code":"10*6/uL","display":"million per microliter","equivalence":"equal"}]},{"code":"5337586","display":"M/cumm","target":[{"modifierExtension":[{"url":"http://hl7.org/fhir/1.0/StructureDefinition/extension-ConceptMap.element.target.equivalence","valueCode":"equal"}],"code":"10*6/uL","display":"million per microliter","equivalence":"equal"}]},{"code":"5337644","display":"M/mcL","target":[{"modifierExtension":[{"url":"http://hl7.org/fhir/1.0/StructureDefinition/extension-ConceptMap.element.target.equivalence","valueCode":"equal"}],"code":"10*6/uL","display":"million per microliter","equivalence":"equal"}]},{"code":"5337502","display":"M/mm3","target":[{"modifierExtension":[{"url":"http://hl7.org/fhir/1.0/StructureDefinition/extension-ConceptMap.element.target.equivalence","valueCode":"equal"}],"code":"10*6/uL","display":"million per microliter","equivalence":"equal"}]},{"code":"5337436","display":"M/ul","target":[{"modifierExtension":[{"url":"http://hl7.org/fhir/1.0/StructureDefinition/extension-ConceptMap.element.target.equivalence","valueCode":"equal"}],"code":"10*6/uL","display":"million per microliter","equivalence":"equal"}]},{"code":"5337710","display":"mcg","target":[{"modifierExtension":[{"url":"http://hl7.org/fhir/1.0/StructureDefinition/extension-ConceptMap.element.target.equivalence","valueCode":"equal"}],"code":"ug","display":"microgram","equivalence":"equal"}]},{"code":"5337524","display":"mcg/dL","target":[{"modifierExtension":[{"url":"http://hl7.org/fhir/1.0/StructureDefinition/extension-ConceptMap.element.target.equivalence","valueCode":"equal"}],"code":"ug/dL","display":"microgram per deciliter","equivalence":"equal"}]},{"code":"5337754","display":"mcg/L","target":[{"modifierExtension":[{"url":"http://hl7.org/fhir/1.0/StructureDefinition/extension-ConceptMap.element.target.equivalence","valueCode":"equal"}],"code":"ug/L","display":"microgram per liter","equivalence":"equal"}]},{"code":"5337778","display":"mcg/mg","target":[{"modifierExtension":[{"url":"http://hl7.org/fhir/1.0/StructureDefinition/extension-ConceptMap.element.target.equivalence","valueCode":"equal"}],"code":"ug/mg","display":"microgram per milligram","equivalence":"equal"}]},{"code":"5337764","display":"mcg/mg CR","target":[{"modifierExtension":[{"url":"http://hl7.org/fhir/1.0/StructureDefinition/extension-ConceptMap.element.target.equivalence","valueCode":"equal"}],"code":"ug/mg{creat}","display":"microgram per milligram of creatinine","equivalence":"equal"}]},{"code":"5337582","display":"mcg/ml","target":[{"modifierExtension":[{"url":"http://hl7.org/fhir/1.0/StructureDefinition/extension-ConceptMap.element.target.equivalence","valueCode":"equal"}],"code":"ug/mL","display":"microgram per milliliter","equivalence":"equal"}]},{"code":"5337598","display":"mcIU/mL","target":[{"modifierExtension":[{"url":"http://hl7.org/fhir/1.0/StructureDefinition/extension-ConceptMap.element.target.equivalence","valueCode":"equal"}],"code":"u[IU]/mL","display":"micro international unit per milliliter","equivalence":"equal"}]},{"code":"5337786","display":"mcmol/L","target":[{"modifierExtension":[{"url":"http://hl7.org/fhir/1.0/StructureDefinition/extension-ConceptMap.element.target.equivalence","valueCode":"equal"}],"code":"umol/L","display":"micromole per liter","equivalence":"equal"}]},{"code":"5337638","display":"mcU/mL","target":[{"modifierExtension":[{"url":"http://hl7.org/fhir/1.0/StructureDefinition/extension-ConceptMap.element.target.equivalence","valueCode":"equal"}],"code":"uU/mL","display":"micro enzyme unit per milliliter","equivalence":"equal"}]},{"code":"5337540","display":"mEq./L.","target":[{"modifierExtension":[{"url":"http://hl7.org/fhir/1.0/StructureDefinition/extension-ConceptMap.element.target.equivalence","valueCode":"equal"}],"code":"meq/L","display":"milliequivalent per liter","equivalence":"equal"}]},{"code":"5337412","display":"mEq/l","target":[{"modifierExtension":[{"url":"http://hl7.org/fhir/1.0/StructureDefinition/extension-ConceptMap.element.target.equivalence","valueCode":"equal"}],"code":"meq/L","display":"milliequivalent per liter","equivalence":"equal"}]},{"code":"5337790","display":"mg/24hr","target":[{"modifierExtension":[{"url":"http://hl7.org/fhir/1.0/StructureDefinition/extension-ConceptMap.element.target.equivalence","valueCode":"equal"}],"code":"mg/(24.h)","display":"milligram per 24 hour","equivalence":"equal"}]},{"code":"5337398","display":"MG/DL","target":[{"modifierExtension":[{"url":"http://hl7.org/fhir/1.0/StructureDefinition/extension-ConceptMap.element.target.equivalence","valueCode":"equal"}],"code":"mg/dL","display":"milligram per deciliter","equivalence":"equal"}]},{"code":"5337642","display":"mg/dL.","target":[{"modifierExtension":[{"url":"http://hl7.org/fhir/1.0/StructureDefinition/extension-ConceptMap.element.target.equivalence","valueCode":"equal"}],"code":"mg/dL","display":"milligram per deciliter","equivalence":"equal"}]},{"code":"5337528","display":"mg/G","target":[{"modifierExtension":[{"url":"http://hl7.org/fhir/1.0/StructureDefinition/extension-ConceptMap.element.target.equivalence","valueCode":"equal"}],"code":"mg/g","display":"milligram per gram","equivalence":"equal"}]},{"code":"5337746","display":"mg/g cr","target":[{"modifierExtension":[{"url":"http://hl7.org/fhir/1.0/StructureDefinition/extension-ConceptMap.element.target.equivalence","valueCode":"equal"}],"code":"mg/g{creat}","display":"milligram per gram of creatinine","equivalence":"equal"}]},{"code":"5337602","display":"mg/g creat","target":[{"modifierExtension":[{"url":"http://hl7.org/fhir/1.0/StructureDefinition/extension-ConceptMap.element.target.equivalence","valueCode":"equal"}],"code":"mg/g{creat}","display":"milligram per gram of creatinine","equivalence":"equal"}]},{"code":"5337766","display":"mg/gm","target":[{"modifierExtension":[{"url":"http://hl7.org/fhir/1.0/StructureDefinition/extension-ConceptMap.element.target.equivalence","valueCode":"equal"}],"code":"mg/g","display":"milligram per gram","equivalence":"equal"}]},{"code":"5337488","display":"mg/L","target":[{"modifierExtension":[{"url":"http://hl7.org/fhir/1.0/StructureDefinition/extension-ConceptMap.element.target.equivalence","valueCode":"equal"}],"code":"mg/L","display":"milligram per liter","equivalence":"equal"}]},{"code":"5337752","display":"mg/ml","target":[{"modifierExtension":[{"url":"http://hl7.org/fhir/1.0/StructureDefinition/extension-ConceptMap.element.target.equivalence","valueCode":"equal"}],"code":"mg/mL","display":"milligram per milliliter","equivalence":"equal"}]},{"code":"5337526","display":"Mil/cmm","target":[{"modifierExtension":[{"url":"http://hl7.org/fhir/1.0/StructureDefinition/extension-ConceptMap.element.target.equivalence","valueCode":"equal"}],"code":"10*6/uL","display":"million per microliter","equivalence":"equal"}]},{"code":"5337684","display":"MIL/CUMM","target":[{"modifierExtension":[{"url":"http://hl7.org/fhir/1.0/StructureDefinition/extension-ConceptMap.element.target.equivalence","valueCode":"equal"}],"code":"10*6/uL","display":"million per microliter","equivalence":"equal"}]},{"code":"5337596","display":"Mil/uL","target":[{"modifierExtension":[{"url":"http://hl7.org/fhir/1.0/StructureDefinition/extension-ConceptMap.element.target.equivalence","valueCode":"equal"}],"code":"10*6/uL","display":"million per microliter","equivalence":"equal"}]},{"code":"5337700","display":"Milion/cmm","target":[{"modifierExtension":[{"url":"http://hl7.org/fhir/1.0/StructureDefinition/extension-ConceptMap.element.target.equivalence","valueCode":"equal"}],"code":"10*6/uL","display":"million per microliter","equivalence":"equal"}]},{"code":"5337660","display":"mill'n/cmm","target":[{"modifierExtension":[{"url":"http://hl7.org/fhir/1.0/StructureDefinition/extension-ConceptMap.element.target.equivalence","valueCode":"equal"}],"code":"10*6/uL","display":"million per microliter","equivalence":"equal"}]},{"code":"5337728","display":"mill./mm3","target":[{"modifierExtension":[{"url":"http://hl7.org/fhir/1.0/StructureDefinition/extension-ConceptMap.element.target.equivalence","valueCode":"equal"}],"code":"10*6/uL","display":"million per microliter","equivalence":"equal"}]},{"code":"5337762","display":"mill/cumm","target":[{"modifierExtension":[{"url":"http://hl7.org/fhir/1.0/StructureDefinition/extension-ConceptMap.element.target.equivalence","valueCode":"equal"}],"code":"10*6/uL","display":"million per microliter","equivalence":"equal"}]},{"code":"5337626","display":"million/uL","target":[{"modifierExtension":[{"url":"http://hl7.org/fhir/1.0/StructureDefinition/extension-ConceptMap.element.target.equivalence","valueCode":"equal"}],"code":"10*6/uL","display":"million per microliter","equivalence":"equal"}]},{"code":"5337538","display":"mIU/L","target":[{"modifierExtension":[{"url":"http://hl7.org/fhir/1.0/StructureDefinition/extension-ConceptMap.element.target.equivalence","valueCode":"equal"}],"code":"m[IU]/L","display":"milli international unit per liter","equivalence":"equal"}]},{"code":"5337508","display":"mIU/ml","target":[{"modifierExtension":[{"url":"http://hl7.org/fhir/1.0/StructureDefinition/extension-ConceptMap.element.target.equivalence","valueCode":"equal"}],"code":"m[IU]/mL","display":"milli  international unit per milliliter","equivalence":"equal"}]},{"code":"5337648","display":"mL","target":[{"modifierExtension":[{"url":"http://hl7.org/fhir/1.0/StructureDefinition/extension-ConceptMap.element.target.equivalence","valueCode":"equal"}],"code":"mL","display":"milliliter","equivalence":"equal"}]},{"code":"5337758","display":"mL/dL","target":[{"modifierExtension":[{"url":"http://hl7.org/fhir/1.0/StructureDefinition/extension-ConceptMap.element.target.equivalence","valueCode":"equal"}],"code":"mL/dL","display":"milliliter per deciliter","equivalence":"equal"}]},{"code":"5337428","display":"mL/min","target":[{"modifierExtension":[{"url":"http://hl7.org/fhir/1.0/StructureDefinition/extension-ConceptMap.element.target.equivalence","valueCode":"equal"}],"code":"mL/min","display":"milliliter per minute","equivalence":"equal"}]},{"code":"5337732","display":"mL/min.","target":[{"modifierExtension":[{"url":"http://hl7.org/fhir/1.0/StructureDefinition/extension-ConceptMap.element.target.equivalence","valueCode":"equal"}],"code":"mL/min","display":"milliliter per minute","equivalence":"equal"}]},{"code":"5337704","display":"mL/min/1.7","target":[{"modifierExtension":[{"url":"http://hl7.org/fhir/1.0/StructureDefinition/extension-ConceptMap.element.target.equivalence","valueCode":"equal"}],"code":"mL/min/{1.73_m2}","display":"milliliter per minute per 1.73 square meter","equivalence":"equal"}]},{"code":"5337708","display":"mL/min/1.73/m2","target":[{"modifierExtension":[{"url":"http://hl7.org/fhir/1.0/StructureDefinition/extension-ConceptMap.element.target.equivalence","valueCode":"equal"}],"code":"mL/min/{1.73_m2}","display":"milliliter per minute per 1.73 square meter","equivalence":"equal"}]},{"code":"5337570","display":"mL/min/1.73m2","target":[{"modifierExtension":[{"url":"http://hl7.org/fhir/1.0/StructureDefinition/extension-ConceptMap.element.target.equivalence","valueCode":"equal"}],"code":"mL/min/{1.73_m2}","display":"milliliter per minute per 1.73 square meter","equivalence":"equal"}]},{"code":"5337808","display":"mL/min/BSA","target":[{"modifierExtension":[{"url":"http://hl7.org/fhir/1.0/StructureDefinition/extension-ConceptMap.element.target.equivalence","valueCode":"equal"}],"code":"mL/min/{1.73_m2}","display":"milliliter per minute per 1.73 square meter","equivalence":"equal"}]},{"code":"5337612","display":"mL/min/m2*","target":[{"modifierExtension":[{"url":"http://hl7.org/fhir/1.0/StructureDefinition/extension-ConceptMap.element.target.equivalence","valueCode":"equal"}],"code":"mL/min/m2","display":"milliliter per minute per square meter","equivalence":"equal"}]},{"code":"5337674","display":"mL/min/SA","target":[{"modifierExtension":[{"url":"http://hl7.org/fhir/1.0/StructureDefinition/extension-ConceptMap.element.target.equivalence","valueCode":"equal"}],"code":"mL/min/{1.73_m2}","display":"milliliter per minute per 1.73 square meter","equivalence":"equal"}]},{"code":"5337568","display":"mL/mn/1.73","target":[{"modifierExtension":[{"url":"http://hl7.org/fhir/1.0/StructureDefinition/extension-ConceptMap.element.target.equivalence","valueCode":"equal"}],"code":"mL/min/{1.73_m2}","display":"milliliter per minute per 1.73 square meter","equivalence":"equal"}]},{"code":"5337742","display":"ml/mn/1.7m","target":[{"modifierExtension":[{"url":"http://hl7.org/fhir/1.0/StructureDefinition/extension-ConceptMap.element.target.equivalence","valueCode":"equal"}],"code":"mL/min/{1.73_m2}","display":"milliliter per minute per 1.73 square meter","equivalence":"equal"}]},{"code":"5337542","display":"mm Hg","target":[{"modifierExtension":[{"url":"http://hl7.org/fhir/1.0/StructureDefinition/extension-ConceptMap.element.target.equivalence","valueCode":"equal"}],"code":"mm[Hg]","display":"millimeter Mercury column","equivalence":"equal"}]},{"code":"5337680","display":"mm/Hg","target":[{"modifierExtension":[{"url":"http://hl7.org/fhir/1.0/StructureDefinition/extension-ConceptMap.element.target.equivalence","valueCode":"equal"}],"code":"mm[Hg]","display":"millimeter Mercury column","equivalence":"equal"}]},{"code":"5337510","display":"MM/HR","target":[{"modifierExtension":[{"url":"http://hl7.org/fhir/1.0/StructureDefinition/extension-ConceptMap.element.target.equivalence","valueCode":"equal"}],"code":"mm/h","display":"millimeter per hour","equivalence":"equal"}]},{"code":"5337774","display":"mm/Hr.","target":[{"modifierExtension":[{"url":"http://hl7.org/fhir/1.0/StructureDefinition/extension-ConceptMap.element.target.equivalence","valueCode":"equal"}],"code":"mm/h","display":"millimeter per hour","equivalence":"equal"}]},{"code":"5337590","display":"mM/L","target":[{"modifierExtension":[{"url":"http://hl7.org/fhir/1.0/StructureDefinition/extension-ConceptMap.element.target.equivalence","valueCode":"equal"}],"code":"mmol/L","display":"millimole per liter","equivalence":"equal"}]},{"code":"5337466","display":"mmHg","target":[{"modifierExtension":[{"url":"http://hl7.org/fhir/1.0/StructureDefinition/extension-ConceptMap.element.target.equivalence","valueCode":"equal"}],"code":"mm[Hg]","display":"millimeter Mercury column","equivalence":"equal"}]},{"code":"5337402","display":"mmol/L","target":[{"modifierExtension":[{"url":"http://hl7.org/fhir/1.0/StructureDefinition/extension-ConceptMap.element.target.equivalence","valueCode":"equal"}],"code":"mmol/L","display":"millimole per liter","equivalence":"equal"}]},{"code":"5337592","display":"mmole/L","target":[{"modifierExtension":[{"url":"http://hl7.org/fhir/1.0/StructureDefinition/extension-ConceptMap.element.target.equivalence","valueCode":"equal"}],"code":"mmol/L","display":"millimole per liter","equivalence":"equal"}]},{"code":"5337496","display":"mosm/kg","target":[{"modifierExtension":[{"url":"http://hl7.org/fhir/1.0/StructureDefinition/extension-ConceptMap.element.target.equivalence","valueCode":"equal"}],"code":"mosm/kg","display":"milliosmole per kilogram","equivalence":"equal"}]},{"code":"5337558","display":"mOsm/L","target":[{"modifierExtension":[{"url":"http://hl7.org/fhir/1.0/StructureDefinition/extension-ConceptMap.element.target.equivalence","valueCode":"equal"}],"code":"mosm/L","display":"milliosmole per liter","equivalence":"equal"}]},{"code":"5337744","display":"mu/3","target":[{"modifierExtension":[{"url":"http://hl7.org/fhir/1.0/StructureDefinition/extension-ConceptMap.element.target.equivalence","valueCode":"equal"}],"code":"fL","display":"femtoliter","equivalence":"equal"}]},{"code":"5337490","display":"mu3","target":[{"modifierExtension":[{"url":"http://hl7.org/fhir/1.0/StructureDefinition/extension-ConceptMap.element.target.equivalence","valueCode":"equal"}],"code":"fL","display":"femtoliter","equivalence":"equal"}]},{"code":"5337460","display":"ng/dL","target":[{"modifierExtension":[{"url":"http://hl7.org/fhir/1.0/StructureDefinition/extension-ConceptMap.element.target.equivalence","valueCode":"equal"}],"code":"ng/dL","display":"nanogram per deciliter","equivalence":"equal"}]},{"code":"5337416","display":"ng/mL","target":[{"modifierExtension":[{"url":"http://hl7.org/fhir/1.0/StructureDefinition/extension-ConceptMap.element.target.equivalence","valueCode":"equal"}],"code":"ng/mL","display":"nanogram per milliliter","equivalence":"equal"}]},{"code":"5337748","display":"ng/mL.","target":[{"modifierExtension":[{"url":"http://hl7.org/fhir/1.0/StructureDefinition/extension-ConceptMap.element.target.equivalence","valueCode":"equal"}],"code":"ng/mL","display":"nanogram per milliliter","equivalence":"equal"}]},{"code":"5337694","display":"nmol/L","target":[{"modifierExtension":[{"url":"http://hl7.org/fhir/1.0/StructureDefinition/extension-ConceptMap.element.target.equivalence","valueCode":"equal"}],"code":"nmol/L","display":"nanomole per liter","equivalence":"equal"}]},{"code":"5337618","display":"per hpf","target":[{"modifierExtension":[{"url":"http://hl7.org/fhir/1.0/StructureDefinition/extension-ConceptMap.element.target.equivalence","valueCode":"equal"}],"code":"/[HPF]","display":"per high power field","equivalence":"equal"}]},{"code":"5337760","display":"per lpf","target":[{"modifierExtension":[{"url":"http://hl7.org/fhir/1.0/StructureDefinition/extension-ConceptMap.element.target.equivalence","valueCode":"equal"}],"code":"/[LPF]","display":"per low power field","equivalence":"equal"}]},{"code":"5337520","display":"PERCENT","target":[{"modifierExtension":[{"url":"http://hl7.org/fhir/1.0/StructureDefinition/extension-ConceptMap.element.target.equivalence","valueCode":"equal"}],"code":"%","display":"percent","equivalence":"equal"}]},{"code":"5337420","display":"pg","target":[{"modifierExtension":[{"url":"http://hl7.org/fhir/1.0/StructureDefinition/extension-ConceptMap.element.target.equivalence","valueCode":"equal"}],"code":"pg","display":"picogram","equivalence":"equal"}]},{"code":"5337784","display":"pg/cell","target":[{"modifierExtension":[{"url":"http://hl7.org/fhir/1.0/StructureDefinition/extension-ConceptMap.element.target.equivalence","valueCode":"equal"}],"code":"pg/{cell}","display":"picogram per cell","equivalence":"equal"}]},{"code":"5337442","display":"pg/mL","target":[{"modifierExtension":[{"url":"http://hl7.org/fhir/1.0/StructureDefinition/extension-ConceptMap.element.target.equivalence","valueCode":"equal"}],"code":"pg/mL","display":"picogram per milliliter","equivalence":"equal"}]},{"code":"5337796","display":"pg/mL.","target":[{"modifierExtension":[{"url":"http://hl7.org/fhir/1.0/StructureDefinition/extension-ConceptMap.element.target.equivalence","valueCode":"equal"}],"code":"pg/mL","display":"picogram per milliliter","equivalence":"equal"}]},{"code":"5337610","display":"pH","target":[{"modifierExtension":[{"url":"http://hl7.org/fhir/1.0/StructureDefinition/extension-ConceptMap.element.target.equivalence","valueCode":"equal"}],"code":"[pH]","display":"pH","equivalence":"equal"}]},{"code":"5337668","display":"pH UNIT","target":[{"modifierExtension":[{"url":"http://hl7.org/fhir/1.0/StructureDefinition/extension-ConceptMap.element.target.equivalence","valueCode":"equal"}],"code":"[pH]","display":"pH","equivalence":"equal"}]},{"code":"5337578","display":"PH units","target":[{"modifierExtension":[{"url":"http://hl7.org/fhir/1.0/StructureDefinition/extension-ConceptMap.element.target.equivalence","valueCode":"equal"}],"code":"[pH]","display":"pH","equivalence":"equal"}]},{"code":"5337772","display":"pHunits","target":[{"modifierExtension":[{"url":"http://hl7.org/fhir/1.0/StructureDefinition/extension-ConceptMap.element.target.equivalence","valueCode":"equal"}],"code":"[pH]","display":"pH","equivalence":"equal"}]},{"code":"5337440","display":"Ratio","target":[{"modifierExtension":[{"url":"http://hl7.org/fhir/1.0/StructureDefinition/extension-ConceptMap.element.target.equivalence","valueCode":"equal"}],"code":"{ratio}","display":"ratio","equivalence":"equal"}]},{"code":"5337430","display":"sec","target":[{"modifierExtension":[{"url":"http://hl7.org/fhir/1.0/StructureDefinition/extension-ConceptMap.element.target.equivalence","valueCode":"equal"}],"code":"s","display":"second","equivalence":"equal"}]},{"code":"5337486","display":"sec.","target":[{"modifierExtension":[{"url":"http://hl7.org/fhir/1.0/StructureDefinition/extension-ConceptMap.element.target.equivalence","valueCode":"equal"}],"code":"s","display":"second","equivalence":"equal"}]},{"code":"5337454","display":"seconds","target":[{"modifierExtension":[{"url":"http://hl7.org/fhir/1.0/StructureDefinition/extension-ConceptMap.element.target.equivalence","valueCode":"equal"}],"code":"s","display":"second","equivalence":"equal"}]},{"code":"5337514","display":"secs","target":[{"modifierExtension":[{"url":"http://hl7.org/fhir/1.0/StructureDefinition/extension-ConceptMap.element.target.equivalence","valueCode":"equal"}],"code":"s","display":"second","equivalence":"equal"}]},{"code":"5337620","display":"Secs.","target":[{"modifierExtension":[{"url":"http://hl7.org/fhir/1.0/StructureDefinition/extension-ConceptMap.element.target.equivalence","valueCode":"equal"}],"code":"s","display":"second","equivalence":"equal"}]},{"code":"5337506","display":"t/cmm","target":[{"modifierExtension":[{"url":"http://hl7.org/fhir/1.0/StructureDefinition/extension-ConceptMap.element.target.equivalence","valueCode":"equal"}],"code":"10*3/uL","display":"thousand per microliter","equivalence":"equal"}]},{"code":"5337792","display":"T/CUMM","target":[{"modifierExtension":[{"url":"http://hl7.org/fhir/1.0/StructureDefinition/extension-ConceptMap.element.target.equivalence","valueCode":"equal"}],"code":"10*3/uL","display":"thousand per microliter","equivalence":"equal"}]},{"code":"5337634","display":"T/L","target":[{"modifierExtension":[{"url":"http://hl7.org/fhir/1.0/StructureDefinition/extension-ConceptMap.element.target.equivalence","valueCode":"equal"}],"code":"10*3/L","display":"thousand per liter","equivalence":"equal"}]},{"code":"5337678","display":"thou","target":[{"modifierExtension":[{"url":"http://hl7.org/fhir/1.0/StructureDefinition/extension-ConceptMap.element.target.equivalence","valueCode":"equal"}],"code":"10*3","display":"thousand","equivalence":"equal"}]},{"code":"5337534","display":"THOU/CUMM","target":[{"modifierExtension":[{"url":"http://hl7.org/fhir/1.0/StructureDefinition/extension-ConceptMap.element.target.equivalence","valueCode":"equal"}],"code":"10*3/uL","display":"thousand per microliter","equivalence":"equal"}]},{"code":"5337550","display":"thou/ul","target":[{"modifierExtension":[{"url":"http://hl7.org/fhir/1.0/StructureDefinition/extension-ConceptMap.element.target.equivalence","valueCode":"equal"}],"code":"10*3/uL","display":"thousand per microliter","equivalence":"equal"}]},{"code":"5337580","display":"Thous./cmm","target":[{"modifierExtension":[{"url":"http://hl7.org/fhir/1.0/StructureDefinition/extension-ConceptMap.element.target.equivalence","valueCode":"equal"}],"code":"10*3/uL","display":"thousand per microliter","equivalence":"equal"}]},{"code":"5337522","display":"thous./mm3","target":[{"modifierExtension":[{"url":"http://hl7.org/fhir/1.0/StructureDefinition/extension-ConceptMap.element.target.equivalence","valueCode":"equal"}],"code":"10*3/uL","display":"thousand per microliter","equivalence":"equal"}]},{"code":"5337574","display":"Thous./ul","target":[{"modifierExtension":[{"url":"http://hl7.org/fhir/1.0/StructureDefinition/extension-ConceptMap.element.target.equivalence","valueCode":"equal"}],"code":"10*3/uL","display":"thousand per microliter","equivalence":"equal"}]},{"code":"5337776","display":"THOUS/CMM","target":[{"modifierExtension":[{"url":"http://hl7.org/fhir/1.0/StructureDefinition/extension-ConceptMap.element.target.equivalence","valueCode":"equal"}],"code":"10*3/uL","display":"thousand per microliter","equivalence":"equal"}]},{"code":"5337500","display":"thousand","target":[{"modifierExtension":[{"url":"http://hl7.org/fhir/1.0/StructureDefinition/extension-ConceptMap.element.target.equivalence","valueCode":"equal"}],"code":"10*3","display":"thousand","equivalence":"equal"}]},{"code":"5337670","display":"TITER","target":[{"modifierExtension":[{"url":"http://hl7.org/fhir/1.0/StructureDefinition/extension-ConceptMap.element.target.equivalence","valueCode":"equal"}],"code":"{titer}","display":"titer","equivalence":"equal"}]},{"code":"5337802","display":"TORR","target":[{"modifierExtension":[{"url":"http://hl7.org/fhir/1.0/StructureDefinition/extension-ConceptMap.element.target.equivalence","valueCode":"equal"}],"code":"Torr","display":"Torr","equivalence":"equal"}]},{"code":"5337624","display":"TRIL/L","target":[{"modifierExtension":[{"url":"http://hl7.org/fhir/1.0/StructureDefinition/extension-ConceptMap.element.target.equivalence","valueCode":"equal"}],"code":"10*12/L","display":"trillion per liter","equivalence":"equal"}]},{"code":"5337408","display":"U/L","target":[{"modifierExtension":[{"url":"http://hl7.org/fhir/1.0/StructureDefinition/extension-ConceptMap.element.target.equivalence","valueCode":"equal"}],"code":"U/L","display":"enzyme unit per liter","equivalence":"equal"}]},{"code":"5337588","display":"u3","target":[{"modifierExtension":[{"url":"http://hl7.org/fhir/1.0/StructureDefinition/extension-ConceptMap.element.target.equivalence","valueCode":"equal"}],"code":"fL","display":"femtoliter","equivalence":"equal"}]},{"code":"5337464","display":"ug/dL","target":[{"modifierExtension":[{"url":"http://hl7.org/fhir/1.0/StructureDefinition/extension-ConceptMap.element.target.equivalence","valueCode":"equal"}],"code":"ug/dL","display":"microgram per deciliter","equivalence":"equal"}]},{"code":"5337702","display":"ug/mg","target":[{"modifierExtension":[{"url":"http://hl7.org/fhir/1.0/StructureDefinition/extension-ConceptMap.element.target.equivalence","valueCode":"equal"}],"code":"ug/mg","display":"microgram per milligram","equivalence":"equal"}]},{"code":"5337716","display":"ug/mg crea","target":[{"modifierExtension":[{"url":"http://hl7.org/fhir/1.0/StructureDefinition/extension-ConceptMap.element.target.equivalence","valueCode":"equal"}],"code":"ug/mg{creat}","display":"microgram per milligram of creatinine","equivalence":"equal"}]},{"code":"5337512","display":"ug/mL","target":[{"modifierExtension":[{"url":"http://hl7.org/fhir/1.0/StructureDefinition/extension-ConceptMap.element.target.equivalence","valueCode":"equal"}],"code":"ug/mL","display":"microgram per milliliter","equivalence":"equal"}]},{"code":"5337432","display":"UIU/ML","target":[{"modifierExtension":[{"url":"http://hl7.org/fhir/1.0/StructureDefinition/extension-ConceptMap.element.target.equivalence","valueCode":"equal"}],"code":"u[IU]/mL","display":"micro international unit per milliliter","equivalence":"equal"}]},{"code":"5337690","display":"uIUnits/mL","target":[{"modifierExtension":[{"url":"http://hl7.org/fhir/1.0/StructureDefinition/extension-ConceptMap.element.target.equivalence","valueCode":"equal"}],"code":"u[IU]/mL","display":"micro international unit per milliliter","equivalence":"equal"}]},{"code":"5337770","display":"uL","target":[{"modifierExtension":[{"url":"http://hl7.org/fhir/1.0/StructureDefinition/extension-ConceptMap.element.target.equivalence","valueCode":"equal"}],"code":"uL","display":"microliter","equivalence":"equal"}]},{"code":"5337798","display":"ulU/ml","target":[{"modifierExtension":[{"url":"http://hl7.org/fhir/1.0/StructureDefinition/extension-ConceptMap.element.target.equivalence","valueCode":"equal"}],"code":"u[IU]/mL","display":"micro international unit per milliliter","equivalence":"equal"}]},{"code":"5337472","display":"um3","target":[{"modifierExtension":[{"url":"http://hl7.org/fhir/1.0/StructureDefinition/extension-ConceptMap.element.target.equivalence","valueCode":"equal"}],"code":"fL","display":"femtoliter","equivalence":"equal"}]},{"code":"5337646","display":"UMOL/L","target":[{"modifierExtension":[{"url":"http://hl7.org/fhir/1.0/StructureDefinition/extension-ConceptMap.element.target.equivalence","valueCode":"equal"}],"code":"umol/L","display":"micromole per liter","equivalence":"equal"}]},{"code":"5337594","display":"Unit/L.","target":[{"modifierExtension":[{"url":"http://hl7.org/fhir/1.0/StructureDefinition/extension-ConceptMap.element.target.equivalence","valueCode":"equal"}],"code":"U/L","display":"enzyme unit per liter","equivalence":"equal"}]},{"code":"5337656","display":"uU/ml","target":[{"modifierExtension":[{"url":"http://hl7.org/fhir/1.0/StructureDefinition/extension-ConceptMap.element.target.equivalence","valueCode":"equal"}],"code":"uU/mL","display":"micro enzyme unit per milliliter","equivalence":"equal"}]},{"code":"5337450","display":"uug","target":[{"modifierExtension":[{"url":"http://hl7.org/fhir/1.0/StructureDefinition/extension-ConceptMap.element.target.equivalence","valueCode":"equal"}],"code":"pg","display":"picogram","equivalence":"equal"}]},{"code":"5337560","display":"vol%","target":[{"modifierExtension":[{"url":"http://hl7.org/fhir/1.0/StructureDefinition/extension-ConceptMap.element.target.equivalence","valueCode":"equal"}],"code":"%{vol}","display":"percent by volume","equivalence":"equal"}]},{"code":"5337494","display":"X 10-3","target":[{"modifierExtension":[{"url":"http://hl7.org/fhir/1.0/StructureDefinition/extension-ConceptMap.element.target.equivalence","valueCode":"equal"}],"code":"10*3","display":"thousand","equivalence":"equal"}]},{"code":"5337724","display":"X 10-3/uL","target":[{"modifierExtension":[{"url":"http://hl7.org/fhir/1.0/StructureDefinition/extension-ConceptMap.element.target.equivalence","valueCode":"equal"}],"code":"10*3/uL","display":"thousand per microliter","equivalence":"equal"}]},{"code":"5337628","display":"x 1000","target":[{"modifierExtension":[{"url":"http://hl7.org/fhir/1.0/StructureDefinition/extension-ConceptMap.element.target.equivalence","valueCode":"equal"}],"code":"10*3","display":"thousand","equivalence":"equal"}]},{"code":"5337806","display":"X(10)3","target":[{"modifierExtension":[{"url":"http://hl7.org/fhir/1.0/StructureDefinition/extension-ConceptMap.element.target.equivalence","valueCode":"equal"}],"code":"10*3","display":"thousand","equivalence":"equal"}]},{"code":"5337692","display":"x10 3","target":[{"modifierExtension":[{"url":"http://hl7.org/fhir/1.0/StructureDefinition/extension-ConceptMap.element.target.equivalence","valueCode":"equal"}],"code":"10*3","display":"thousand","equivalence":"equal"}]},{"code":"5337652","display":"X10 3/UL","target":[{"modifierExtension":[{"url":"http://hl7.org/fhir/1.0/StructureDefinition/extension-ConceptMap.element.target.equivalence","valueCode":"equal"}],"code":"10*3/uL","display":"thousand per microliter","equivalence":"equal"}]},{"code":"5337768","display":"x10 6","target":[{"modifierExtension":[{"url":"http://hl7.org/fhir/1.0/StructureDefinition/extension-ConceptMap.element.target.equivalence","valueCode":"equal"}],"code":"10*6","display":"million","equivalence":"equal"}]},{"code":"5337630","display":"x10*3/uL","target":[{"modifierExtension":[{"url":"http://hl7.org/fhir/1.0/StructureDefinition/extension-ConceptMap.element.target.equivalence","valueCode":"equal"}],"code":"10*3/uL","display":"thousand per microliter","equivalence":"equal"}]},{"code":"5337530","display":"X10-3","target":[{"modifierExtension":[{"url":"http://hl7.org/fhir/1.0/StructureDefinition/extension-ConceptMap.element.target.equivalence","valueCode":"equal"}],"code":"10*3","display":"thousand","equivalence":"equal"}]},{"code":"5337448","display":"x10-3/uL","target":[{"modifierExtension":[{"url":"http://hl7.org/fhir/1.0/StructureDefinition/extension-ConceptMap.element.target.equivalence","valueCode":"equal"}],"code":"10*3/uL","display":"thousand per microliter","equivalence":"equal"}]},{"code":"5337636","display":"X10-6","target":[{"modifierExtension":[{"url":"http://hl7.org/fhir/1.0/StructureDefinition/extension-ConceptMap.element.target.equivalence","valueCode":"equal"}],"code":"10*6","display":"million","equivalence":"equal"}]},{"code":"5337556","display":"x10-6/uL","target":[{"modifierExtension":[{"url":"http://hl7.org/fhir/1.0/StructureDefinition/extension-ConceptMap.element.target.equivalence","valueCode":"equal"}],"code":"10*6/uL","display":"million per microliter","equivalence":"equal"}]},{"code":"5337676","display":"X1000/cmm","target":[{"modifierExtension":[{"url":"http://hl7.org/fhir/1.0/StructureDefinition/extension-ConceptMap.element.target.equivalence","valueCode":"equal"}],"code":"10*3/uL","display":"thousand per microliter","equivalence":"equal"}]},{"code":"5337456","display":"x1000/uL","target":[{"modifierExtension":[{"url":"http://hl7.org/fhir/1.0/StructureDefinition/extension-ConceptMap.element.target.equivalence","valueCode":"equal"}],"code":"10*3/uL","display":"thousand per microliter","equivalence":"equal"}]},{"code":"5337654","display":"x10E3/uL","target":[{"modifierExtension":[{"url":"http://hl7.org/fhir/1.0/StructureDefinition/extension-ConceptMap.element.target.equivalence","valueCode":"equal"}],"code":"10*3/uL","display":"thousand per microliter","equivalence":"equal"}]}]}]}