{"resourceType":"ConceptMap","id":"ObservationTypeTOVsLoincCode","text":{"status":"extensions","div":"<div xmlns=\"http://www.w3.org/1999/xhtml\"><p>Mapping from (not specified) to (not specified)</p><p>ACTIVE. Published on 2023-08-25 by VA Digital Services (VA Digital Services: <a href=\"http://va.gov\">http://va.gov</a>, <a href=\"mailto:JohnMoehrke@gmail.com\">JohnMoehrke@gmail.com</a>, John Moehrke (himself): <a href=\"mailto:JohnMoehrke@gmail.com\">JohnMoehrke@gmail.com</a>). </p><div><p>Map between VitalSignTO.type(ObservationTypeTO.name) VUID/string and LOINC code.</p>\n</div><br/><p><b>Group 1</b>Mapping from <code>urn:oid:2.16.840.1.113883.6.233</code> to <a href=\"http://terminology.hl7.org/5.0.0/CodeSystem-v3-loinc.html\">Logical Observation Identifiers, Names and Codes (LOINC)</a></p><table class=\"grid\"><tr><td><b>Source Code</b></td><td><b>Relationship</b></td><td><b>Target Code</b></td><td><b>Comment</b></td></tr><tr><td>unknown (ABDMONAL GIRTH)</td><td><a href=\"http://hl7.org/fhir/R4/codesystem-concept-map-equivalence.html#equivalent\" title=\"equivalent\">is equivalent to</a></td><td>LP31969-6 (Abdominal circumference)</td><td>seems like possible match</td></tr><tr><td>4688718 (AUDIOMETRY)</td><td><a href=\"http://hl7.org/fhir/R4/codesystem-concept-map-equivalence.html#equal\" title=\"equal\">is equal to</a></td><td>28615-3 (Audiology study)</td><td/></tr><tr><td>4500634 (BLOOD PRESSURE)</td><td><a href=\"http://hl7.org/fhir/R4/codesystem-concept-map-equivalence.html#equal\" title=\"equal\">is equal to</a></td><td>85354-9 (Blood pressure panel with all children optional)</td><td/></tr><tr><td>4500638 (TEMPERATURE)</td><td><a href=\"http://hl7.org/fhir/R4/codesystem-concept-map-equivalence.html#equal\" title=\"equal\">is equal to</a></td><td>8310-5 (Body temperature)</td><td/></tr><tr><td>4688719 (CENTRAL VENOUS PRESSURE)</td><td><a href=\"http://hl7.org/fhir/R4/codesystem-concept-map-equivalence.html#equal\" title=\"equal\">is equal to</a></td><td>8591-0 (Central venous pressure (CVP) Mean)</td><td/></tr><tr><td>4688720 (CIRCUMFERENCE%2FGIRTH)</td><td><a href=\"http://hl7.org/fhir/R4/codesystem-concept-map-equivalence.html#equal\" title=\"equal\">is equal to</a></td><td>9844-2 (Body region Circumference)</td><td/></tr><tr><td>4688721 (FETAL HEART TONES)</td><td><a href=\"http://hl7.org/fhir/R4/codesystem-concept-map-equivalence.html#equal\" title=\"equal\">is equal to</a></td><td>11616-0 (Fetal Heart Narrative Activity US)</td><td/></tr><tr><td>4688722 (FUNDAL HEIGHT)</td><td><a href=\"http://hl7.org/fhir/R4/codesystem-concept-map-equivalence.html#equal\" title=\"equal\">is equal to</a></td><td>11881-0 (Uterus Fundal height Tape measure)</td><td/></tr><tr><td>unknown (HEAD CIRCUMFERENCE)</td><td><a href=\"http://hl7.org/fhir/R4/codesystem-concept-map-equivalence.html#equivalent\" title=\"equivalent\">is equivalent to</a></td><td>9843-4 (Head Occipital-frontal circumference)</td><td>seems like possible match</td></tr><tr><td>4688723 (HEARING)</td><td><a href=\"http://hl7.org/fhir/R4/codesystem-concept-map-equivalence.html#equal\" title=\"equal\">is equal to</a></td><td>32437-6 (Physical findings of Hearing)</td><td/></tr><tr><td>4688724 (HEIGHT)</td><td><a href=\"http://hl7.org/fhir/R4/codesystem-concept-map-equivalence.html#equal\" title=\"equal\">is equal to</a></td><td>8302-2 (Body height)</td><td/></tr><tr><td>4500635 (PAIN)</td><td><a href=\"http://hl7.org/fhir/R4/codesystem-concept-map-equivalence.html#equal\" title=\"equal\">is equal to</a></td><td>72514-3 (Pain severity - 0-10 verbal numeric rating [Score] - Reported)</td><td/></tr><tr><td>4500637 (PULSE OXIMETRY)</td><td><a href=\"http://hl7.org/fhir/R4/codesystem-concept-map-equivalence.html#equal\" title=\"equal\">is equal to</a></td><td>2708-6 (Oxygen saturation in Arterial blood)</td><td/></tr><tr><td>4500636 (PULSE)</td><td><a href=\"http://hl7.org/fhir/R4/codesystem-concept-map-equivalence.html#equal\" title=\"equal\">is equal to</a></td><td>8867-4 (Heart rate)</td><td/></tr><tr><td>4688725 (RESPIRATION)</td><td><a href=\"http://hl7.org/fhir/R4/codesystem-concept-map-equivalence.html#equal\" title=\"equal\">is equal to</a></td><td>9279-1 (Respiratory Rate)</td><td/></tr><tr><td>4688726 (TONOMETRY)</td><td><a href=\"http://hl7.org/fhir/R4/codesystem-concept-map-equivalence.html#equal\" title=\"equal\">is equal to</a></td><td>28630-2 (Tonometry study)</td><td/></tr><tr><td>4688727 (VISION CORRECTED)</td><td><a href=\"http://hl7.org/fhir/R4/codesystem-concept-map-equivalence.html#equal\" title=\"equal\">is equal to</a></td><td>70936-0 (Vision testing Narrative)</td><td/></tr><tr><td>4688728 (VISION UNCORRECTED)</td><td><a href=\"http://hl7.org/fhir/R4/codesystem-concept-map-equivalence.html#equal\" title=\"equal\">is equal to</a></td><td>70936-0 (Vision testing Narrative)</td><td/></tr><tr><td>4500639 (WEIGHT)</td><td><a href=\"http://hl7.org/fhir/R4/codesystem-concept-map-equivalence.html#equal\" title=\"equal\">is equal to</a></td><td>29463-7 (Body weight)</td><td/></tr></table></div>"},"extension":[{"url":"http://hl7.org/fhir/StructureDefinition/structuredefinition-fmm","valueInteger":1,"_valueInteger":{"extension":[{"url":"http://hl7.org/fhir/StructureDefinition/structuredefinition-conformance-derivedFrom","valueCanonical":"https://department-of-veterans-affairs.github.io/mhv-fhir-phr-mapping/ImplementationGuide/va.mhv.fhir.phr"}]}},{"url":"http://hl7.org/fhir/StructureDefinition/structuredefinition-standards-status","valueCode":"trial-use","_valueCode":{"extension":[{"url":"http://hl7.org/fhir/StructureDefinition/structuredefinition-conformance-derivedFrom","valueCanonical":"https://department-of-veterans-affairs.github.io/mhv-fhir-phr-mapping/ImplementationGuide/va.mhv.fhir.phr"}]}}],"url":"https://department-of-veterans-affairs.github.io/mhv-fhir-phr-mapping/ConceptMap/ObservationTypeTOVsLoincCode","version":"0.2.1","name":"ObservationTypeTOVsLoincCode","title":"Vital Sign ObservationTypeTO.name to Loinc Code","status":"active","experimental":false,"date":"2023-08-25","publisher":"VA Digital Services","contact":[{"name":"VA Digital Services","telecom":[{"system":"url","value":"http://va.gov"},{"system":"email","value":"JohnMoehrke@gmail.com"}]},{"name":"John Moehrke (himself)","telecom":[{"system":"email","value":"JohnMoehrke@gmail.com"}]}],"description":"Map between VitalSignTO.type(ObservationTypeTO.name) VUID/string and LOINC code.","jurisdiction":[{"coding":[{"system":"urn:iso:std:iso:3166","code":"US"}]}],"purpose":"To be able to use proper LOINC code in the FHIR Observation","group":[{"source":"urn:oid:2.16.840.1.113883.6.233","target":"http://loinc.org","element":[{"code":"unknown","display":"ABDMONAL GIRTH","target":[{"code":"LP31969-6","display":"Abdominal circumference","equivalence":"equivalent","comment":"seems like possible match"}]},{"code":"4688718","display":"AUDIOMETRY","target":[{"code":"28615-3","display":"Audiology study","equivalence":"equal"}]},{"code":"4500634","display":"BLOOD PRESSURE","target":[{"code":"85354-9","display":"Blood pressure panel with all children optional","equivalence":"equal"}]},{"code":"4500638","display":"TEMPERATURE","target":[{"code":"8310-5","display":"Body temperature","equivalence":"equal"}]},{"code":"4688719","display":"CENTRAL VENOUS PRESSURE","target":[{"code":"8591-0","display":"Central venous pressure (CVP) Mean","equivalence":"equal"}]},{"code":"4688720","display":"CIRCUMFERENCE%2FGIRTH","target":[{"code":"9844-2","display":"Body region Circumference","equivalence":"equal"}]},{"code":"4688721","display":"FETAL HEART TONES","target":[{"code":"11616-0","display":"Fetal Heart Narrative Activity US","equivalence":"equal"}]},{"code":"4688722","display":"FUNDAL HEIGHT","target":[{"code":"11881-0","display":"Uterus Fundal height Tape measure","equivalence":"equal"}]},{"code":"unknown","display":"HEAD CIRCUMFERENCE","target":[{"code":"9843-4","display":"Head Occipital-frontal circumference","equivalence":"equivalent","comment":"seems like possible match"}]},{"code":"4688723","display":"HEARING","target":[{"code":"32437-6","display":"Physical findings of Hearing","equivalence":"equal"}]},{"code":"4688724","display":"HEIGHT","target":[{"code":"8302-2","display":"Body height","equivalence":"equal"}]},{"code":"4500635","display":"PAIN","target":[{"code":"72514-3","display":"Pain severity - 0-10 verbal numeric rating [Score] - Reported","equivalence":"equal"}]},{"code":"4500637","display":"PULSE OXIMETRY","target":[{"code":"2708-6","display":"Oxygen saturation in Arterial blood","equivalence":"equal"}]},{"code":"4500636","display":"PULSE","target":[{"code":"8867-4","display":"Heart rate","equivalence":"equal"}]},{"code":"4688725","display":"RESPIRATION","target":[{"code":"9279-1","display":"Respiratory Rate","equivalence":"equal"}]},{"code":"4688726","display":"TONOMETRY","target":[{"code":"28630-2","display":"Tonometry study","equivalence":"equal"}]},{"code":"4688727","display":"VISION CORRECTED","target":[{"code":"70936-0","display":"Vision testing Narrative","equivalence":"equal"}]},{"code":"4688728","display":"VISION UNCORRECTED","target":[{"code":"70936-0","display":"Vision testing Narrative","equivalence":"equal"}]},{"code":"4500639","display":"WEIGHT","target":[{"code":"29463-7","display":"Body weight","equivalence":"equal"}]}]}]}