{"resourceType":"ConceptMap","id":"VF-VitalsUnits","text":{"status":"extensions","div":"<div xmlns=\"http://www.w3.org/1999/xhtml\"><p>Mapping from (not specified) to (not specified)</p><p>ACTIVE. Published on 2023-12-15 by VA Digital Services (VA Digital Services: <a href=\"http://va.gov\">http://va.gov</a>, John Moehrke (himself): <a href=\"mailto:John.Moehrke@va.gov\">John.Moehrke@va.gov</a>). </p><div><p>Map between VitalSignTO.qualifier VUID/string when a units of measure should be dropped</p>\n</div><br/><p><b>Group 1</b>Mapping from <code>urn:oid:2.16.840.1.113883.6.233</code> to <a href=\"http://terminology.hl7.org/5.0.0/CodeSystem-v3-ucum.html\">Unified Code for Units of Measure (UCUM)</a></p><table class=\"grid\"><tr><td><b>Source Code</b></td><td><b>Relationship</b></td><td><b>Target Code</b></td></tr><tr><td>4688718 (AUDIOMETRY)</td><td colspan=\"2\" style=\"background-color: #efefef\">(not mapped)</td></tr><tr><td>4500634 (BLOOD PRESSURE)</td><td><a href=\"http://hl7.org/fhir/R4/codesystem-concept-map-equivalence.html#equal\" title=\"equal\">is equal to</a></td><td>mm[Hg]</td></tr><tr><td>unknown (BODY MASS INDEX)</td><td><a href=\"http://hl7.org/fhir/R4/codesystem-concept-map-equivalence.html#equal\" title=\"equal\">is equal to</a></td><td>kg/m2</td></tr><tr><td>4688719 (CENTRAL VENOUS PRESSURE)</td><td><a href=\"http://hl7.org/fhir/R4/codesystem-concept-map-equivalence.html#equal\" title=\"equal\">is equal to</a></td><td>cm[H2O]</td></tr><tr><td>4688720 (CIRCUMFERENCE/GIRTH)</td><td><a href=\"http://hl7.org/fhir/R4/codesystem-concept-map-equivalence.html#equal\" title=\"equal\">is equal to</a></td><td>[in_i]</td></tr><tr><td>4688721 (FETAL HEART TONES)</td><td colspan=\"2\" style=\"background-color: #efefef\">(not mapped)</td></tr><tr><td>4688722 (FUNDAL HEIGHT)</td><td colspan=\"2\" style=\"background-color: #efefef\">(not mapped)</td></tr><tr><td>4688723 (HEARING)</td><td colspan=\"2\" style=\"background-color: #efefef\">(not mapped)</td></tr><tr><td>4688724 (HEIGHT)</td><td><a href=\"http://hl7.org/fhir/R4/codesystem-concept-map-equivalence.html#equal\" title=\"equal\">is equal to</a></td><td>[in_i]</td></tr><tr><td>4500635 (PAIN)</td><td colspan=\"2\" style=\"background-color: #efefef\">(not mapped)</td></tr><tr><td>4500636 (PULSE)</td><td><a href=\"http://hl7.org/fhir/R4/codesystem-concept-map-equivalence.html#equal\" title=\"equal\">is equal to</a></td><td>/min</td></tr><tr><td>4500637 (PULSE OXIMETRY)</td><td><a href=\"http://hl7.org/fhir/R4/codesystem-concept-map-equivalence.html#equal\" title=\"equal\">is equal to</a></td><td>%</td></tr><tr><td>4688725 (RESPIRATION)</td><td><a href=\"http://hl7.org/fhir/R4/codesystem-concept-map-equivalence.html#equal\" title=\"equal\">is equal to</a></td><td>/min</td></tr><tr><td>4500638 (TEMPERATURE)</td><td><a href=\"http://hl7.org/fhir/R4/codesystem-concept-map-equivalence.html#equal\" title=\"equal\">is equal to</a></td><td>[degF]</td></tr><tr><td>4688726 (TONOMETRY)</td><td colspan=\"2\" style=\"background-color: #efefef\">(not mapped)</td></tr><tr><td>4688727 (VISION CORRECTED)</td><td colspan=\"2\" style=\"background-color: #efefef\">(not mapped)</td></tr><tr><td>4688728 (VISION UNCORRECTED)</td><td colspan=\"2\" style=\"background-color: #efefef\">(not mapped)</td></tr><tr><td>4500639 (WEIGHT)</td><td><a href=\"http://hl7.org/fhir/R4/codesystem-concept-map-equivalence.html#equal\" title=\"equal\">is equal to</a></td><td>[lb_av]</td></tr></table></div>"},"extension":[{"url":"http://hl7.org/fhir/StructureDefinition/structuredefinition-fmm","valueInteger":1,"_valueInteger":{"extension":[{"url":"http://hl7.org/fhir/StructureDefinition/structuredefinition-conformance-derivedFrom","valueCanonical":"https://department-of-veterans-affairs.github.io/mhv-fhir-phr-mapping/ImplementationGuide/va.mhv.fhir.phr"}]}},{"url":"http://hl7.org/fhir/StructureDefinition/structuredefinition-standards-status","valueCode":"trial-use","_valueCode":{"extension":[{"url":"http://hl7.org/fhir/StructureDefinition/structuredefinition-conformance-derivedFrom","valueCanonical":"https://department-of-veterans-affairs.github.io/mhv-fhir-phr-mapping/ImplementationGuide/va.mhv.fhir.phr"}]}}],"url":"https://department-of-veterans-affairs.github.io/mhv-fhir-phr-mapping/ConceptMap/VF-VitalsUnits","version":"0.3.4","name":"VF_VitalsUnits","title":"Vitals qualifier Units used","status":"active","experimental":false,"date":"2023-12-15","publisher":"VA Digital Services","contact":[{"name":"VA Digital Services","telecom":[{"system":"url","value":"http://va.gov"}]},{"name":"John Moehrke (himself)","telecom":[{"system":"email","value":"John.Moehrke@va.gov"}]}],"description":"Map between VitalSignTO.qualifier VUID/string when a units of measure should be dropped","jurisdiction":[{"coding":[{"system":"urn:iso:std:iso:3166","code":"US"}]}],"purpose":"VF_VitalsUnits","group":[{"source":"urn:oid:2.16.840.1.113883.6.233","target":"http://unitsofmeasure.org","element":[{"code":"4688718","display":"AUDIOMETRY","target":[{"equivalence":"unmatched"}]},{"code":"4500634","display":"BLOOD PRESSURE","target":[{"modifierExtension":[{"url":"http://hl7.org/fhir/1.0/StructureDefinition/extension-ConceptMap.element.target.equivalence","valueCode":"equal"}],"code":"mm[Hg]","display":"mm[Hg]","equivalence":"equal"}]},{"code":"unknown","display":"BODY MASS INDEX","target":[{"modifierExtension":[{"url":"http://hl7.org/fhir/1.0/StructureDefinition/extension-ConceptMap.element.target.equivalence","valueCode":"equal"}],"code":"kg/m2","display":"kg/m2","equivalence":"equal"}]},{"code":"4688719","display":"CENTRAL VENOUS PRESSURE","target":[{"modifierExtension":[{"url":"http://hl7.org/fhir/1.0/StructureDefinition/extension-ConceptMap.element.target.equivalence","valueCode":"equal"}],"code":"cm[H2O]","display":"cm[H2O]","equivalence":"equal"}]},{"code":"4688720","display":"CIRCUMFERENCE/GIRTH","target":[{"modifierExtension":[{"url":"http://hl7.org/fhir/1.0/StructureDefinition/extension-ConceptMap.element.target.equivalence","valueCode":"equal"}],"code":"[in_i]","display":"[in_i]","equivalence":"equal"}]},{"code":"4688721","display":"FETAL HEART TONES","target":[{"equivalence":"unmatched"}]},{"code":"4688722","display":"FUNDAL HEIGHT","target":[{"equivalence":"unmatched"}]},{"code":"4688723","display":"HEARING","target":[{"equivalence":"unmatched"}]},{"code":"4688724","display":"HEIGHT","target":[{"modifierExtension":[{"url":"http://hl7.org/fhir/1.0/StructureDefinition/extension-ConceptMap.element.target.equivalence","valueCode":"equal"}],"code":"[in_i]","display":"[in_i]","equivalence":"equal"}]},{"code":"4500635","display":"PAIN","target":[{"equivalence":"unmatched"}]},{"code":"4500636","display":"PULSE","target":[{"modifierExtension":[{"url":"http://hl7.org/fhir/1.0/StructureDefinition/extension-ConceptMap.element.target.equivalence","valueCode":"equal"}],"code":"/min","display":"/min","equivalence":"equal"}]},{"code":"4500637","display":"PULSE OXIMETRY","target":[{"modifierExtension":[{"url":"http://hl7.org/fhir/1.0/StructureDefinition/extension-ConceptMap.element.target.equivalence","valueCode":"equal"}],"code":"%","display":"%","equivalence":"equal"}]},{"code":"4688725","display":"RESPIRATION","target":[{"modifierExtension":[{"url":"http://hl7.org/fhir/1.0/StructureDefinition/extension-ConceptMap.element.target.equivalence","valueCode":"equal"}],"code":"/min","display":"/min","equivalence":"equal"}]},{"code":"4500638","display":"TEMPERATURE","target":[{"modifierExtension":[{"url":"http://hl7.org/fhir/1.0/StructureDefinition/extension-ConceptMap.element.target.equivalence","valueCode":"equal"}],"code":"[degF]","display":"[degF]","equivalence":"equal"}]},{"code":"4688726","display":"TONOMETRY","target":[{"equivalence":"unmatched"}]},{"code":"4688727","display":"VISION CORRECTED","target":[{"equivalence":"unmatched"}]},{"code":"4688728","display":"VISION UNCORRECTED","target":[{"equivalence":"unmatched"}]},{"code":"4500639","display":"WEIGHT","target":[{"modifierExtension":[{"url":"http://hl7.org/fhir/1.0/StructureDefinition/extension-ConceptMap.element.target.equivalence","valueCode":"equal"}],"code":"[lb_av]","display":"[lb_av]","equivalence":"equal"}]}]}]}