{"resourceType":"ConceptMap","id":"VF-VitalsDevice","text":{"status":"extensions","div":"<div xmlns=\"http://www.w3.org/1999/xhtml\"><p>Mapping from (not specified) to (not specified)</p><p>ACTIVE. Published on 2023-12-15 by VA Digital Services (VA Digital Services: <a href=\"http://va.gov\">http://va.gov</a>, John Moehrke (himself): <a href=\"mailto:John.Moehrke@va.gov\">John.Moehrke@va.gov</a>). </p><div><p>Map between VitalSignTO.qualifier VUID/string and SNOMED code for Observation.extension[observation-deviceCode].valueCodeableConcept</p>\n</div><br/><p><b>Group 1</b>Mapping from <code>urn:oid:2.16.840.1.113883.6.233</code> to <a href=\"http://hl7.org/fhir/R4/codesystem-snomedct.html\">SNOMED CT (all versions)</a></p><table class=\"grid\"><tr><td><b>Source Code</b></td><td><b>Relationship</b></td><td><b>Target Code</b></td></tr><tr><td>4500641 (ADULT CUFF)</td><td><a href=\"http://hl7.org/fhir/R4/codesystem-concept-map-equivalence.html#null\"/></td><td>133936004 (Adult)</td></tr><tr><td>4688635 (AEROSOL/HUMIDIFIED MASK)</td><td><a href=\"http://hl7.org/fhir/R4/codesystem-concept-map-equivalence.html#null\"/></td><td>426851007 (Aerosol oxygen mask)</td></tr><tr><td>4688698 (AMBU BAG (BAG VALVE MASK))</td><td><a href=\"http://hl7.org/fhir/R4/codesystem-concept-map-equivalence.html#null\"/></td><td>371785003 (Ambu bag)</td></tr><tr><td>4688701 (ARTERIAL LINE)</td><td><a href=\"http://hl7.org/fhir/R4/codesystem-concept-map-equivalence.html#null\"/></td><td>261241001 (Arterial line)</td></tr><tr><td>4711312 (ASSISTED VENTILATOR)</td><td><a href=\"http://hl7.org/fhir/R4/codesystem-concept-map-equivalence.html#null\"/></td><td>243141005 (Mechanically assisted spontaneous ventilation)</td></tr><tr><td>4688641 (BED)</td><td><a href=\"http://hl7.org/fhir/R4/codesystem-concept-map-equivalence.html#null\"/></td><td>466289007 (Bed scale)</td></tr><tr><td>4688695 (BIPAP (BI-LEVEL POSITIVE AIRWAY PRESSURE))</td><td><a href=\"http://hl7.org/fhir/R4/codesystem-concept-map-equivalence.html#null\"/></td><td>243142003 (Dual pressure spontaneous ventilation support)</td></tr><tr><td>4688691 (BIPAP-CPAP (BI-LEVEL POSITIVE AIRWAY PRESSURE-CONTINUOUS POSITIVE AIRWAY PRESSURE))</td><td><a href=\"http://hl7.org/fhir/R4/codesystem-concept-map-equivalence.html#null\"/></td><td>229306004 (Positive pressure therapy)</td></tr><tr><td>4688646 (CHAIR)</td><td><a href=\"http://hl7.org/fhir/R4/codesystem-concept-map-equivalence.html#null\"/></td><td>467496001 (Chair scale, mechanical)</td></tr><tr><td>4688647 (CONTROLLED VENTILATOR)</td><td><a href=\"http://hl7.org/fhir/R4/codesystem-concept-map-equivalence.html#null\"/></td><td>243147009 (Controlled ventilation)</td></tr><tr><td>4688690 (CPAP (CONTINUOUS POSITIVE AIRWAY PRESSURE))</td><td><a href=\"http://hl7.org/fhir/R4/codesystem-concept-map-equivalence.html#null\"/></td><td>47545007 (Continuous positive airway pressure ventilation treatment)</td></tr><tr><td>4688649 (CUFF-AUTOMATED (AUTOMATED CUFF))</td><td><a href=\"http://hl7.org/fhir/R4/codesystem-concept-map-equivalence.html#null\"/></td><td>445949006 (Electronic sphygmomanometer)</td></tr><tr><td>4688688 (CUFF-MANUAL (MANUAL CUFF))</td><td><a href=\"http://hl7.org/fhir/R4/codesystem-concept-map-equivalence.html#null\"/></td><td>464069000 (Mercury manual sphygmomanometer)</td></tr><tr><td>4688650 (DOPPLER)</td><td><a href=\"http://hl7.org/fhir/R4/codesystem-concept-map-equivalence.html#null\"/></td><td>268447006 (Doppler studies)</td></tr><tr><td>4688654 (FACE TENT)</td><td><a href=\"http://hl7.org/fhir/R4/codesystem-concept-map-equivalence.html#null\"/></td><td>426294006 (Face tent oxygen delivery device)</td></tr><tr><td>4536584 (LARYNGEAL MASK AIRWAY)</td><td><a href=\"http://hl7.org/fhir/R4/codesystem-concept-map-equivalence.html#null\"/></td><td>257268009 (Laryngeal mask)</td></tr><tr><td>4688659 (LEAD)</td><td><a href=\"http://hl7.org/fhir/R4/codesystem-concept-map-equivalence.html#null\"/></td><td>257467001 (Electrocardiogram lead)</td></tr><tr><td>4688661 (LG ADULT CUFF)</td><td><a href=\"http://hl7.org/fhir/R4/codesystem-concept-map-equivalence.html#null\"/></td><td>255509001 (Large)</td></tr><tr><td>4688684 (LIFT SCALE)</td><td><a href=\"http://hl7.org/fhir/R4/codesystem-concept-map-equivalence.html#null\"/></td><td>462242008 (Patient sling scale)</td></tr><tr><td>4688664 (MASK)</td><td><a href=\"http://hl7.org/fhir/R4/codesystem-concept-map-equivalence.html#null\"/></td><td>336602003 (Oxygen mask)</td></tr><tr><td>4688665 (MONITOR)</td><td><a href=\"http://hl7.org/fhir/R4/codesystem-concept-map-equivalence.html#null\"/></td><td>706767009 (Patient data recorder)</td></tr><tr><td>4688687 (MUSTACHE CANNULA)</td><td><a href=\"http://hl7.org/fhir/R4/codesystem-concept-map-equivalence.html#null\"/></td><td>336623009 (Oxygen nasal cannula)</td></tr><tr><td>4688666 (NASAL CANNULA)</td><td><a href=\"http://hl7.org/fhir/R4/codesystem-concept-map-equivalence.html#null\"/></td><td>336623009 (Oxygen nasal cannula)</td></tr><tr><td>4688667 (NON RE-BREATHER)</td><td><a href=\"http://hl7.org/fhir/R4/codesystem-concept-map-equivalence.html#null\"/></td><td>427591007 (Nonrebreather oxygen mask)</td></tr><tr><td>4711338 (PARTIAL RE-BREATHER)</td><td><a href=\"http://hl7.org/fhir/R4/codesystem-concept-map-equivalence.html#null\"/></td><td>425926003 (Partial rebreather oxygen mask)</td></tr><tr><td>4711339 (PEDIATRIC CUFF)</td><td><a href=\"http://hl7.org/fhir/R4/codesystem-concept-map-equivalence.html#null\"/></td><td>67822003 (Child)</td></tr><tr><td>4711340 (PENDANT CANNULA)</td><td><a href=\"http://hl7.org/fhir/R4/codesystem-concept-map-equivalence.html#null\"/></td><td>336623009 (Oxygen nasal cannula)</td></tr><tr><td>4693051 (RESERVOIR CANNULA)</td><td><a href=\"http://hl7.org/fhir/R4/codesystem-concept-map-equivalence.html#null\"/></td><td>336623009 (Oxygen nasal cannula)</td></tr><tr><td>4688705 (SM ADULT CUFF)</td><td><a href=\"http://hl7.org/fhir/R4/codesystem-concept-map-equivalence.html#null\"/></td><td>255507004 (Small)</td></tr><tr><td>4688709 (THIGH CUFF)</td><td><a href=\"http://hl7.org/fhir/R4/codesystem-concept-map-equivalence.html#null\"/></td><td>118712001 (Procedure on thigh)</td></tr><tr><td>4688710 (T-PIECE)</td><td><a href=\"http://hl7.org/fhir/R4/codesystem-concept-map-equivalence.html#null\"/></td><td>6097006 (T-tube, device)</td></tr><tr><td>4688711 (TRACHEOSTOMY COLLAR)</td><td><a href=\"http://hl7.org/fhir/R4/codesystem-concept-map-equivalence.html#null\"/></td><td>465839001 (Tracheostomy mask, oxygen)</td></tr><tr><td>4688715 (VENTILATOR)</td><td><a href=\"http://hl7.org/fhir/R4/codesystem-concept-map-equivalence.html#null\"/></td><td>40617009 (Artificial respiration)</td></tr><tr><td>4688716 (VENTURI MASK)</td><td><a href=\"http://hl7.org/fhir/R4/codesystem-concept-map-equivalence.html#null\"/></td><td>465433006 (Venturi oxygen face mask)</td></tr><tr><td>4688693 (WHEELCHAIR SCALE)</td><td><a href=\"http://hl7.org/fhir/R4/codesystem-concept-map-equivalence.html#null\"/></td><td>466532009 (Wheelchair scale)</td></tr></table></div>"},"extension":[{"url":"http://hl7.org/fhir/StructureDefinition/structuredefinition-fmm","valueInteger":1,"_valueInteger":{"extension":[{"url":"http://hl7.org/fhir/StructureDefinition/structuredefinition-conformance-derivedFrom","valueCanonical":"https://department-of-veterans-affairs.github.io/mhv-fhir-phr-mapping/ImplementationGuide/va.mhv.fhir.phr"}]}},{"url":"http://hl7.org/fhir/StructureDefinition/structuredefinition-standards-status","valueCode":"trial-use","_valueCode":{"extension":[{"url":"http://hl7.org/fhir/StructureDefinition/structuredefinition-conformance-derivedFrom","valueCanonical":"https://department-of-veterans-affairs.github.io/mhv-fhir-phr-mapping/ImplementationGuide/va.mhv.fhir.phr"}]}}],"url":"https://department-of-veterans-affairs.github.io/mhv-fhir-phr-mapping/ConceptMap/VF-VitalsDevice","version":"0.3.3","name":"VF_VitalsDevice","title":"Vitals Device used to SNOMED code","status":"active","experimental":false,"date":"2023-12-15","publisher":"VA Digital Services","contact":[{"name":"VA Digital Services","telecom":[{"system":"url","value":"http://va.gov"}]},{"name":"John Moehrke (himself)","telecom":[{"system":"email","value":"John.Moehrke@va.gov"}]}],"description":"Map between VitalSignTO.qualifier VUID/string and SNOMED code for Observation.extension[observation-deviceCode].valueCodeableConcept","jurisdiction":[{"coding":[{"system":"urn:iso:std:iso:3166","code":"US"}]}],"purpose":"VF_VitalsDevice","group":[{"source":"urn:oid:2.16.840.1.113883.6.233","target":"http://snomed.info/sct","element":[{"code":"4500641","display":"ADULT CUFF","target":[{"modifierExtension":[{"url":"http://hl7.org/fhir/1.0/StructureDefinition/extension-ConceptMap.element.target.equivalence","valueCode":"equal"}],"code":"133936004","display":"Adult","equivalence":"equal"}]},{"code":"4688635","display":"AEROSOL/HUMIDIFIED MASK","target":[{"modifierExtension":[{"url":"http://hl7.org/fhir/1.0/StructureDefinition/extension-ConceptMap.element.target.equivalence","valueCode":"equal"}],"code":"426851007","display":"Aerosol oxygen mask","equivalence":"equal"}]},{"code":"4688698","display":"AMBU BAG (BAG VALVE MASK)","target":[{"modifierExtension":[{"url":"http://hl7.org/fhir/1.0/StructureDefinition/extension-ConceptMap.element.target.equivalence","valueCode":"equal"}],"code":"371785003","display":"Ambu bag","equivalence":"equal"}]},{"code":"4688701","display":"ARTERIAL LINE","target":[{"modifierExtension":[{"url":"http://hl7.org/fhir/1.0/StructureDefinition/extension-ConceptMap.element.target.equivalence","valueCode":"equal"}],"code":"261241001","display":"Arterial line","equivalence":"equal"}]},{"code":"4711312","display":"ASSISTED VENTILATOR","target":[{"modifierExtension":[{"url":"http://hl7.org/fhir/1.0/StructureDefinition/extension-ConceptMap.element.target.equivalence","valueCode":"equal"}],"code":"243141005","display":"Mechanically assisted spontaneous ventilation","equivalence":"equal"}]},{"code":"4688641","display":"BED","target":[{"modifierExtension":[{"url":"http://hl7.org/fhir/1.0/StructureDefinition/extension-ConceptMap.element.target.equivalence","valueCode":"equal"}],"code":"466289007","display":"Bed scale","equivalence":"equal"}]},{"code":"4688695","display":"BIPAP (BI-LEVEL POSITIVE AIRWAY PRESSURE)","target":[{"modifierExtension":[{"url":"http://hl7.org/fhir/1.0/StructureDefinition/extension-ConceptMap.element.target.equivalence","valueCode":"equal"}],"code":"243142003","display":"Dual pressure spontaneous ventilation support","equivalence":"equal"}]},{"code":"4688691","display":"BIPAP-CPAP (BI-LEVEL POSITIVE AIRWAY PRESSURE-CONTINUOUS POSITIVE AIRWAY PRESSURE)","target":[{"modifierExtension":[{"url":"http://hl7.org/fhir/1.0/StructureDefinition/extension-ConceptMap.element.target.equivalence","valueCode":"equal"}],"code":"229306004","display":"Positive pressure therapy","equivalence":"equal"}]},{"code":"4688646","display":"CHAIR","target":[{"modifierExtension":[{"url":"http://hl7.org/fhir/1.0/StructureDefinition/extension-ConceptMap.element.target.equivalence","valueCode":"equal"}],"code":"467496001","display":"Chair scale, mechanical","equivalence":"equal"}]},{"code":"4688647","display":"CONTROLLED VENTILATOR","target":[{"modifierExtension":[{"url":"http://hl7.org/fhir/1.0/StructureDefinition/extension-ConceptMap.element.target.equivalence","valueCode":"equal"}],"code":"243147009","display":"Controlled ventilation","equivalence":"equal"}]},{"code":"4688690","display":"CPAP (CONTINUOUS POSITIVE AIRWAY PRESSURE)","target":[{"modifierExtension":[{"url":"http://hl7.org/fhir/1.0/StructureDefinition/extension-ConceptMap.element.target.equivalence","valueCode":"equal"}],"code":"47545007","display":"Continuous positive airway pressure ventilation treatment","equivalence":"equal"}]},{"code":"4688649","display":"CUFF-AUTOMATED (AUTOMATED CUFF)","target":[{"modifierExtension":[{"url":"http://hl7.org/fhir/1.0/StructureDefinition/extension-ConceptMap.element.target.equivalence","valueCode":"equal"}],"code":"445949006","display":"Electronic sphygmomanometer","equivalence":"equal"}]},{"code":"4688688","display":"CUFF-MANUAL (MANUAL CUFF)","target":[{"modifierExtension":[{"url":"http://hl7.org/fhir/1.0/StructureDefinition/extension-ConceptMap.element.target.equivalence","valueCode":"equal"}],"code":"464069000","display":"Mercury manual sphygmomanometer","equivalence":"equal"}]},{"code":"4688650","display":"DOPPLER","target":[{"modifierExtension":[{"url":"http://hl7.org/fhir/1.0/StructureDefinition/extension-ConceptMap.element.target.equivalence","valueCode":"equal"}],"code":"268447006","display":"Doppler studies","equivalence":"equal"}]},{"code":"4688654","display":"FACE TENT","target":[{"modifierExtension":[{"url":"http://hl7.org/fhir/1.0/StructureDefinition/extension-ConceptMap.element.target.equivalence","valueCode":"equal"}],"code":"426294006","display":"Face tent oxygen delivery device","equivalence":"equal"}]},{"code":"4536584","display":"LARYNGEAL MASK AIRWAY","target":[{"modifierExtension":[{"url":"http://hl7.org/fhir/1.0/StructureDefinition/extension-ConceptMap.element.target.equivalence","valueCode":"equal"}],"code":"257268009","display":"Laryngeal mask","equivalence":"equal"}]},{"code":"4688659","display":"LEAD","target":[{"modifierExtension":[{"url":"http://hl7.org/fhir/1.0/StructureDefinition/extension-ConceptMap.element.target.equivalence","valueCode":"equal"}],"code":"257467001","display":"Electrocardiogram lead","equivalence":"equal"}]},{"code":"4688661","display":"LG ADULT CUFF","target":[{"modifierExtension":[{"url":"http://hl7.org/fhir/1.0/StructureDefinition/extension-ConceptMap.element.target.equivalence","valueCode":"equal"}],"code":"255509001","display":"Large","equivalence":"equal"}]},{"code":"4688684","display":"LIFT SCALE","target":[{"modifierExtension":[{"url":"http://hl7.org/fhir/1.0/StructureDefinition/extension-ConceptMap.element.target.equivalence","valueCode":"equal"}],"code":"462242008","display":"Patient sling scale","equivalence":"equal"}]},{"code":"4688664","display":"MASK","target":[{"modifierExtension":[{"url":"http://hl7.org/fhir/1.0/StructureDefinition/extension-ConceptMap.element.target.equivalence","valueCode":"equal"}],"code":"336602003","display":"Oxygen mask","equivalence":"equal"}]},{"code":"4688665","display":"MONITOR","target":[{"modifierExtension":[{"url":"http://hl7.org/fhir/1.0/StructureDefinition/extension-ConceptMap.element.target.equivalence","valueCode":"equal"}],"code":"706767009","display":"Patient data recorder","equivalence":"equal"}]},{"code":"4688687","display":"MUSTACHE CANNULA","target":[{"modifierExtension":[{"url":"http://hl7.org/fhir/1.0/StructureDefinition/extension-ConceptMap.element.target.equivalence","valueCode":"equal"}],"code":"336623009","display":"Oxygen nasal cannula","equivalence":"equal"}]},{"code":"4688666","display":"NASAL CANNULA","target":[{"modifierExtension":[{"url":"http://hl7.org/fhir/1.0/StructureDefinition/extension-ConceptMap.element.target.equivalence","valueCode":"equal"}],"code":"336623009","display":"Oxygen nasal cannula","equivalence":"equal"}]},{"code":"4688667","display":"NON RE-BREATHER","target":[{"modifierExtension":[{"url":"http://hl7.org/fhir/1.0/StructureDefinition/extension-ConceptMap.element.target.equivalence","valueCode":"equal"}],"code":"427591007","display":"Nonrebreather oxygen mask","equivalence":"equal"}]},{"code":"4711338","display":"PARTIAL RE-BREATHER","target":[{"modifierExtension":[{"url":"http://hl7.org/fhir/1.0/StructureDefinition/extension-ConceptMap.element.target.equivalence","valueCode":"equal"}],"code":"425926003","display":"Partial rebreather oxygen mask","equivalence":"equal"}]},{"code":"4711339","display":"PEDIATRIC CUFF","target":[{"modifierExtension":[{"url":"http://hl7.org/fhir/1.0/StructureDefinition/extension-ConceptMap.element.target.equivalence","valueCode":"equal"}],"code":"67822003","display":"Child","equivalence":"equal"}]},{"code":"4711340","display":"PENDANT CANNULA","target":[{"modifierExtension":[{"url":"http://hl7.org/fhir/1.0/StructureDefinition/extension-ConceptMap.element.target.equivalence","valueCode":"equal"}],"code":"336623009","display":"Oxygen nasal cannula","equivalence":"equal"}]},{"code":"4693051","display":"RESERVOIR CANNULA","target":[{"modifierExtension":[{"url":"http://hl7.org/fhir/1.0/StructureDefinition/extension-ConceptMap.element.target.equivalence","valueCode":"equal"}],"code":"336623009","display":"Oxygen nasal cannula","equivalence":"equal"}]},{"code":"4688705","display":"SM ADULT CUFF","target":[{"modifierExtension":[{"url":"http://hl7.org/fhir/1.0/StructureDefinition/extension-ConceptMap.element.target.equivalence","valueCode":"equal"}],"code":"255507004","display":"Small","equivalence":"equal"}]},{"code":"4688709","display":"THIGH CUFF","target":[{"modifierExtension":[{"url":"http://hl7.org/fhir/1.0/StructureDefinition/extension-ConceptMap.element.target.equivalence","valueCode":"equal"}],"code":"118712001","display":"Procedure on thigh","equivalence":"equal"}]},{"code":"4688710","display":"T-PIECE","target":[{"modifierExtension":[{"url":"http://hl7.org/fhir/1.0/StructureDefinition/extension-ConceptMap.element.target.equivalence","valueCode":"equal"}],"code":"6097006","display":"T-tube, device","equivalence":"equal"}]},{"code":"4688711","display":"TRACHEOSTOMY COLLAR","target":[{"modifierExtension":[{"url":"http://hl7.org/fhir/1.0/StructureDefinition/extension-ConceptMap.element.target.equivalence","valueCode":"equal"}],"code":"465839001","display":"Tracheostomy mask, oxygen","equivalence":"equal"}]},{"code":"4688715","display":"VENTILATOR","target":[{"modifierExtension":[{"url":"http://hl7.org/fhir/1.0/StructureDefinition/extension-ConceptMap.element.target.equivalence","valueCode":"equal"}],"code":"40617009","display":"Artificial respiration","equivalence":"equal"}]},{"code":"4688716","display":"VENTURI MASK","target":[{"modifierExtension":[{"url":"http://hl7.org/fhir/1.0/StructureDefinition/extension-ConceptMap.element.target.equivalence","valueCode":"equal"}],"code":"465433006","display":"Venturi oxygen face mask","equivalence":"equal"}]},{"code":"4688693","display":"WHEELCHAIR SCALE","target":[{"modifierExtension":[{"url":"http://hl7.org/fhir/1.0/StructureDefinition/extension-ConceptMap.element.target.equivalence","valueCode":"equal"}],"code":"466532009","display":"Wheelchair scale","equivalence":"equal"}]}]}]}