{"resourceType":"ConceptMap","id":"VF-VitalsSite","text":{"status":"generated","div":"<div xmlns=\"http://www.w3.org/1999/xhtml\"><p class=\"res-header-id\"><b>Generated Narrative: ConceptMap VF-VitalsSite</b></p><a name=\"VF-VitalsSite\"> </a><a name=\"hcVF-VitalsSite\"> </a><a name=\"VF-VitalsSite-en-US\"> </a><p>Mapping from (not specified) to (not specified)</p><p>ACTIVE. Published on 2023-12-15 by VA Digital Services  (VA Digital Services: <a href=\"http://va.gov\">http://va.gov</a>, John Moehrke (himself): <a href=\"mailto:John.Moehrke@va.gov\">John.Moehrke@va.gov</a>). </p><div><p>Map between VitalSignTO.qualifier VUID/string and SNOMED code for Observation.bodySite</p>\n</div><br/><p><b>Group 1 </b>Mapping from <code>urn:oid:2.16.840.1.113883.6.233</code> to <a href=\"http://hl7.org/fhir/R4/codesystem-snomedct.html\">SNOMED CT (all versions)</a></p><table class=\"grid\"><tr><td colspan=\"2\"><b>Source Concept Details</b></td><td><b>Relationship</b></td><td colspan=\"2\"><b>Target Concept Details</b></td><td><b>Comment</b></td><td colspan=\"2\"><b>Properties</b></td></tr><tr><td colspan=\"2\"><b>Codes</b> from urn:oid:2.16.840.1.113883.6.233</td><td/><td colspan=\"2\"><b>Codes</b> from <a href=\"http://hl7.org/fhir/R4/codesystem-snomedct.html\" title=\"http://snomed.info/sct\">SNOMED CT (all versions)</a></td><td/></tr><tr><td style=\"border-right-width: 0px\">4688633</td><td style=\"border-left-width: 0px\">ABDOMINAL</td><td><a href=\"http://hl7.org/fhir/R4/codesystem-concept-map-equivalence.html#equivalent\" title=\"equivalent\">is equivalent to</a></td><td style=\"border-right-width: 0px\">818983003</td><td style=\"border-left-width: 0px\">Abdomen</td><td/></tr><tr><td style=\"border-right-width: 0px; border-bottom-style: none\">4688636</td><td style=\"border-left-width: 0px; border-bottom-style: none\">ANKLE</td><td><a href=\"http://hl7.org/fhir/R4/codesystem-concept-map-equivalence.html#equivalent\" title=\"equivalent\">is equivalent to</a></td><td style=\"border-right-width: 0px\">344001</td><td style=\"border-left-width: 0px\">Ankle region structure</td><td>No laterality</td></tr><tr><td style=\"border-right-width: 0px; border-top-style: none; border-bottom-style: none\"/><td style=\"border-left-width: 0px; border-top-style: none; border-bottom-style: none\"/><td><a href=\"http://hl7.org/fhir/R4/codesystem-concept-map-equivalence.html#source-is-broader-than-target\" title=\"source-is-broader-than-target\">is broader than</a></td><td style=\"border-right-width: 0px\">51636004</td><td style=\"border-left-width: 0px\">Structure of left ankle</td><td>Laterality Left</td></tr><tr><td style=\"border-right-width: 0px; border-top-style: none\"/><td style=\"border-top-style: none; border-left-width: 0px\"/><td><a href=\"http://hl7.org/fhir/R4/codesystem-concept-map-equivalence.html#source-is-broader-than-target\" title=\"source-is-broader-than-target\">is broader than</a></td><td style=\"border-right-width: 0px\">6685009</td><td style=\"border-left-width: 0px\">Structure of right ankle</td><td>Laterality Right</td></tr><tr><td style=\"border-right-width: 0px\">4688637</td><td style=\"border-left-width: 0px\">APICAL</td><td><a href=\"http://hl7.org/fhir/R4/codesystem-concept-map-equivalence.html#equivalent\" title=\"equivalent\">is equivalent to</a></td><td style=\"border-right-width: 0px\">46707002</td><td style=\"border-left-width: 0px\">Structure of precordium</td><td/></tr><tr><td style=\"border-right-width: 0px\">4688696</td><td style=\"border-left-width: 0px\">AV FISTULA (ARTERIOVENOUS FISTULA)</td><td><a href=\"http://hl7.org/fhir/R4/codesystem-concept-map-equivalence.html#equivalent\" title=\"equivalent\">is equivalent to</a></td><td style=\"border-right-width: 0px\">128617001</td><td style=\"border-left-width: 0px\">Arteriovenous fistula</td><td/></tr><tr><td style=\"border-right-width: 0px; border-bottom-style: none\">4688640</td><td style=\"border-left-width: 0px; border-bottom-style: none\">AXILLARY</td><td><a href=\"http://hl7.org/fhir/R4/codesystem-concept-map-equivalence.html#equivalent\" title=\"equivalent\">is equivalent to</a></td><td style=\"border-right-width: 0px\">422543003</td><td style=\"border-left-width: 0px\">Structure of axillary fossa</td><td>No laterality</td></tr><tr><td style=\"border-right-width: 0px; border-top-style: none; border-bottom-style: none\"/><td style=\"border-left-width: 0px; border-top-style: none; border-bottom-style: none\"/><td><a href=\"http://hl7.org/fhir/R4/codesystem-concept-map-equivalence.html#source-is-broader-than-target\" title=\"source-is-broader-than-target\">is broader than</a></td><td style=\"border-right-width: 0px\">764473004</td><td style=\"border-left-width: 0px\">Skin structure of left axilla</td><td>Laterality Left</td></tr><tr><td style=\"border-right-width: 0px; border-top-style: none; border-bottom-style: none\"/><td style=\"border-left-width: 0px; border-top-style: none; border-bottom-style: none\"/><td><a href=\"http://hl7.org/fhir/R4/codesystem-concept-map-equivalence.html#source-is-broader-than-target\" title=\"source-is-broader-than-target\">is broader than</a></td><td style=\"border-right-width: 0px\">20437008</td><td style=\"border-left-width: 0px\">Structure of left axillary region</td><td>Laterality Left</td></tr><tr><td style=\"border-right-width: 0px; border-top-style: none; border-bottom-style: none\"/><td style=\"border-left-width: 0px; border-top-style: none; border-bottom-style: none\"/><td><a href=\"http://hl7.org/fhir/R4/codesystem-concept-map-equivalence.html#source-is-broader-than-target\" title=\"source-is-broader-than-target\">is broader than</a></td><td style=\"border-right-width: 0px\">764474005</td><td style=\"border-left-width: 0px\">Skin structure of right axilla</td><td>Laterality Right</td></tr><tr><td style=\"border-right-width: 0px; border-top-style: none\"/><td style=\"border-top-style: none; border-left-width: 0px\"/><td><a href=\"http://hl7.org/fhir/R4/codesystem-concept-map-equivalence.html#source-is-broader-than-target\" title=\"source-is-broader-than-target\">is broader than</a></td><td style=\"border-right-width: 0px\">19654004</td><td style=\"border-left-width: 0px\">Structure of right axillary region</td><td>Laterality Right</td></tr><tr><td style=\"border-right-width: 0px; border-bottom-style: none\">4688642</td><td style=\"border-left-width: 0px; border-bottom-style: none\">BILATERAL PERIPHERALS</td><td><a href=\"http://hl7.org/fhir/R4/codesystem-concept-map-equivalence.html#equivalent\" title=\"equivalent\">is equivalent to</a></td><td style=\"border-right-width: 0px\">54718008</td><td style=\"border-left-width: 0px\">Peripheral pulse, function</td><td/></tr><tr><td style=\"border-right-width: 0px; border-top-style: none; border-bottom-style: none\"/><td style=\"border-left-width: 0px; border-top-style: none; border-bottom-style: none\"/><td><a href=\"http://hl7.org/fhir/R4/codesystem-concept-map-equivalence.html#equivalent\" title=\"equivalent\">is equivalent to</a></td><td style=\"border-right-width: 0px\">14414005</td><td style=\"border-left-width: 0px\">Peripheral</td><td/></tr><tr><td style=\"border-right-width: 0px; border-top-style: none\"/><td style=\"border-top-style: none; border-left-width: 0px\"/><td><a href=\"http://hl7.org/fhir/R4/codesystem-concept-map-equivalence.html#equivalent\" title=\"equivalent\">is equivalent to</a></td><td style=\"border-right-width: 0px\">840581000</td><td style=\"border-left-width: 0px\">Structure of peripheral artery</td><td/></tr><tr><td style=\"border-right-width: 0px; border-bottom-style: none\">4688643</td><td style=\"border-left-width: 0px; border-bottom-style: none\">BRACHIAL</td><td><a href=\"http://hl7.org/fhir/R4/codesystem-concept-map-equivalence.html#equivalent\" title=\"equivalent\">is equivalent to</a></td><td style=\"border-right-width: 0px\">17137000</td><td style=\"border-left-width: 0px\">Structure of brachial artery</td><td>No laterality</td></tr><tr><td style=\"border-right-width: 0px; border-top-style: none; border-bottom-style: none\"/><td style=\"border-left-width: 0px; border-top-style: none; border-bottom-style: none\"/><td><a href=\"http://hl7.org/fhir/R4/codesystem-concept-map-equivalence.html#source-is-broader-than-target\" title=\"source-is-broader-than-target\">is broader than</a></td><td style=\"border-right-width: 0px\">723961002</td><td style=\"border-left-width: 0px\">Structure of left brachial artery</td><td>Laterality Left</td></tr><tr><td style=\"border-right-width: 0px; border-top-style: none\"/><td style=\"border-top-style: none; border-left-width: 0px\"/><td><a href=\"http://hl7.org/fhir/R4/codesystem-concept-map-equivalence.html#source-is-broader-than-target\" title=\"source-is-broader-than-target\">is broader than</a></td><td style=\"border-right-width: 0px\">723962009</td><td style=\"border-left-width: 0px\">Structure of right brachial artery</td><td>Laterality Right</td></tr><tr><td style=\"border-right-width: 0px; border-bottom-style: none\">4688644</td><td style=\"border-left-width: 0px; border-bottom-style: none\">CALF</td><td><a href=\"http://hl7.org/fhir/R4/codesystem-concept-map-equivalence.html#equivalent\" title=\"equivalent\">is equivalent to</a></td><td style=\"border-right-width: 0px\">53840002</td><td style=\"border-left-width: 0px\">Structure of calf of leg</td><td>No laterality</td></tr><tr><td style=\"border-right-width: 0px; border-top-style: none; border-bottom-style: none\"/><td style=\"border-left-width: 0px; border-top-style: none; border-bottom-style: none\"/><td><a href=\"http://hl7.org/fhir/R4/codesystem-concept-map-equivalence.html#source-is-broader-than-target\" title=\"source-is-broader-than-target\">is broader than</a></td><td style=\"border-right-width: 0px\">722115008</td><td style=\"border-left-width: 0px\">Structure of calf of left lower leg</td><td>Laterality Left</td></tr><tr><td style=\"border-right-width: 0px; border-top-style: none\"/><td style=\"border-top-style: none; border-left-width: 0px\"/><td><a href=\"http://hl7.org/fhir/R4/codesystem-concept-map-equivalence.html#source-is-broader-than-target\" title=\"source-is-broader-than-target\">is broader than</a></td><td style=\"border-right-width: 0px\">722116009</td><td style=\"border-left-width: 0px\">Structure of calf of right lower leg</td><td>Laterality Right</td></tr><tr><td style=\"border-right-width: 0px; border-bottom-style: none\">4688645</td><td style=\"border-left-width: 0px; border-bottom-style: none\">CAROTID</td><td><a href=\"http://hl7.org/fhir/R4/codesystem-concept-map-equivalence.html#equivalent\" title=\"equivalent\">is equivalent to</a></td><td style=\"border-right-width: 0px\">69105007</td><td style=\"border-left-width: 0px\">Carotid artery structure</td><td>No laterality</td></tr><tr><td style=\"border-right-width: 0px; border-top-style: none; border-bottom-style: none\"/><td style=\"border-left-width: 0px; border-top-style: none; border-bottom-style: none\"/><td><a href=\"http://hl7.org/fhir/R4/codesystem-concept-map-equivalence.html#source-is-broader-than-target\" title=\"source-is-broader-than-target\">is broader than</a></td><td style=\"border-right-width: 0px\">721028001</td><td style=\"border-left-width: 0px\">Structure of left carotid artery</td><td>Laterality Left</td></tr><tr><td style=\"border-right-width: 0px; border-top-style: none\"/><td style=\"border-top-style: none; border-left-width: 0px\"/><td><a href=\"http://hl7.org/fhir/R4/codesystem-concept-map-equivalence.html#source-is-broader-than-target\" title=\"source-is-broader-than-target\">is broader than</a></td><td style=\"border-right-width: 0px\">721033002</td><td style=\"border-left-width: 0px\">Structure of right carotid artery</td><td>Laterality Right</td></tr><tr><td style=\"border-right-width: 0px\">4688648</td><td style=\"border-left-width: 0px\">CORE</td><td><a href=\"http://hl7.org/fhir/R4/codesystem-concept-map-equivalence.html#equivalent\" title=\"equivalent\">is equivalent to</a></td><td style=\"border-right-width: 0px\">276885007</td><td style=\"border-left-width: 0px\">OE, not site</td><td/></tr><tr><td style=\"border-right-width: 0px; border-bottom-style: none\">4688651</td><td style=\"border-left-width: 0px; border-bottom-style: none\">DORSALIS PEDIS</td><td><a href=\"http://hl7.org/fhir/R4/codesystem-concept-map-equivalence.html#equivalent\" title=\"equivalent\">is equivalent to</a></td><td style=\"border-right-width: 0px\">86547008</td><td style=\"border-left-width: 0px\">Structure of dorsalis pedis artery</td><td>No laterality</td></tr><tr><td style=\"border-right-width: 0px; border-top-style: none; border-bottom-style: none\"/><td style=\"border-left-width: 0px; border-top-style: none; border-bottom-style: none\"/><td><a href=\"http://hl7.org/fhir/R4/codesystem-concept-map-equivalence.html#source-is-broader-than-target\" title=\"source-is-broader-than-target\">is broader than</a></td><td style=\"border-right-width: 0px\">792817008</td><td style=\"border-left-width: 0px\">Structure of left dorsalis pedis artery</td><td>Laterality Left</td></tr><tr><td style=\"border-right-width: 0px; border-top-style: none\"/><td style=\"border-top-style: none; border-left-width: 0px\"/><td><a href=\"http://hl7.org/fhir/R4/codesystem-concept-map-equivalence.html#source-is-broader-than-target\" title=\"source-is-broader-than-target\">is broader than</a></td><td style=\"border-right-width: 0px\">792816004</td><td style=\"border-left-width: 0px\">Structure of right dorsalis pedis artery</td><td>Laterality Right</td></tr><tr><td style=\"border-right-width: 0px; border-bottom-style: none\">4688655</td><td style=\"border-left-width: 0px; border-bottom-style: none\">FEMORAL</td><td><a href=\"http://hl7.org/fhir/R4/codesystem-concept-map-equivalence.html#equivalent\" title=\"equivalent\">is equivalent to</a></td><td style=\"border-right-width: 0px\">7657000</td><td style=\"border-left-width: 0px\">Structure of femoral artery</td><td>No laterality</td></tr><tr><td style=\"border-right-width: 0px; border-top-style: none; border-bottom-style: none\"/><td style=\"border-left-width: 0px; border-top-style: none; border-bottom-style: none\"/><td><a href=\"http://hl7.org/fhir/R4/codesystem-concept-map-equivalence.html#source-is-broader-than-target\" title=\"source-is-broader-than-target\">is broader than</a></td><td style=\"border-right-width: 0px\">113270003</td><td style=\"border-left-width: 0px\">Structure of left femoral artery</td><td>Laterality Left</td></tr><tr><td style=\"border-right-width: 0px; border-top-style: none\"/><td style=\"border-top-style: none; border-left-width: 0px\"/><td><a href=\"http://hl7.org/fhir/R4/codesystem-concept-map-equivalence.html#source-is-broader-than-target\" title=\"source-is-broader-than-target\">is broader than</a></td><td style=\"border-right-width: 0px\">69833005</td><td style=\"border-left-width: 0px\">Structure of right femoral artery</td><td>Laterality Right</td></tr><tr><td style=\"border-right-width: 0px\">4688656</td><td style=\"border-left-width: 0px\">HEAD</td><td><a href=\"http://hl7.org/fhir/R4/codesystem-concept-map-equivalence.html#equivalent\" title=\"equivalent\">is equivalent to</a></td><td style=\"border-right-width: 0px\">69536005</td><td style=\"border-left-width: 0px\">Head structure</td><td/></tr><tr><td style=\"border-right-width: 0px; border-bottom-style: none\">4697470</td><td style=\"border-left-width: 0px; border-bottom-style: none\">HIP</td><td><a href=\"http://hl7.org/fhir/R4/codesystem-concept-map-equivalence.html#equivalent\" title=\"equivalent\">is equivalent to</a></td><td style=\"border-right-width: 0px\">29836001</td><td style=\"border-left-width: 0px\">Hip region structure</td><td>No laterality</td></tr><tr><td style=\"border-right-width: 0px; border-top-style: none; border-bottom-style: none\"/><td style=\"border-left-width: 0px; border-top-style: none; border-bottom-style: none\"/><td><a href=\"http://hl7.org/fhir/R4/codesystem-concept-map-equivalence.html#source-is-broader-than-target\" title=\"source-is-broader-than-target\">is broader than</a></td><td style=\"border-right-width: 0px\">287679003</td><td style=\"border-left-width: 0px\">Left hip region structure</td><td>Laterality Left</td></tr><tr><td style=\"border-right-width: 0px; border-top-style: none\"/><td style=\"border-top-style: none; border-left-width: 0px\"/><td><a href=\"http://hl7.org/fhir/R4/codesystem-concept-map-equivalence.html#source-is-broader-than-target\" title=\"source-is-broader-than-target\">is broader than</a></td><td style=\"border-right-width: 0px\">287579007</td><td style=\"border-left-width: 0px\">Right hip region structure</td><td>Laterality Right</td></tr><tr><td style=\"border-right-width: 0px; border-bottom-style: none\">4688689</td><td style=\"border-left-width: 0px; border-bottom-style: none\">KNEE</td><td><a href=\"http://hl7.org/fhir/R4/codesystem-concept-map-equivalence.html#equivalent\" title=\"equivalent\">is equivalent to</a></td><td style=\"border-right-width: 0px\">72696002</td><td style=\"border-left-width: 0px\">Knee region structure</td><td>No laterality</td></tr><tr><td style=\"border-right-width: 0px; border-top-style: none; border-bottom-style: none\"/><td style=\"border-left-width: 0px; border-top-style: none; border-bottom-style: none\"/><td><a href=\"http://hl7.org/fhir/R4/codesystem-concept-map-equivalence.html#source-is-broader-than-target\" title=\"source-is-broader-than-target\">is broader than</a></td><td style=\"border-right-width: 0px\">82169009</td><td style=\"border-left-width: 0px\">Structure of left knee region</td><td>Laterality Left</td></tr><tr><td style=\"border-right-width: 0px; border-top-style: none\"/><td style=\"border-top-style: none; border-left-width: 0px\"/><td><a href=\"http://hl7.org/fhir/R4/codesystem-concept-map-equivalence.html#source-is-broader-than-target\" title=\"source-is-broader-than-target\">is broader than</a></td><td style=\"border-right-width: 0px\">6757004</td><td style=\"border-left-width: 0px\">Structure of right knee region</td><td>Laterality Right</td></tr><tr><td style=\"border-right-width: 0px\">4688657</td><td style=\"border-left-width: 0px\">L ARM (LEFT ARM)</td><td><a href=\"http://hl7.org/fhir/R4/codesystem-concept-map-equivalence.html#equivalent\" title=\"equivalent\">is equivalent to</a></td><td style=\"border-right-width: 0px\">80768000</td><td style=\"border-left-width: 0px\">Structure of left upper limb</td><td/></tr><tr><td style=\"border-right-width: 0px\">4688658</td><td style=\"border-left-width: 0px\">L LEG (LEFT LEG)</td><td><a href=\"http://hl7.org/fhir/R4/codesystem-concept-map-equivalence.html#equivalent\" title=\"equivalent\">is equivalent to</a></td><td style=\"border-right-width: 0px\">32153003</td><td style=\"border-left-width: 0px\">Structure of left lower limb</td><td/></tr><tr><td style=\"border-right-width: 0px; border-bottom-style: none\">4688662</td><td style=\"border-left-width: 0px; border-bottom-style: none\">LOWER ARM</td><td><a href=\"http://hl7.org/fhir/R4/codesystem-concept-map-equivalence.html#equivalent\" title=\"equivalent\">is equivalent to</a></td><td style=\"border-right-width: 0px\">14975008</td><td style=\"border-left-width: 0px\">Forearm structure</td><td>No laterality</td></tr><tr><td style=\"border-right-width: 0px; border-top-style: none; border-bottom-style: none\"/><td style=\"border-left-width: 0px; border-top-style: none; border-bottom-style: none\"/><td><a href=\"http://hl7.org/fhir/R4/codesystem-concept-map-equivalence.html#source-is-broader-than-target\" title=\"source-is-broader-than-target\">is broader than</a></td><td style=\"border-right-width: 0px\">66480008</td><td style=\"border-left-width: 0px\">Structure of left forearm</td><td>Laterality Left</td></tr><tr><td style=\"border-right-width: 0px; border-top-style: none\"/><td style=\"border-top-style: none; border-left-width: 0px\"/><td><a href=\"http://hl7.org/fhir/R4/codesystem-concept-map-equivalence.html#source-is-broader-than-target\" title=\"source-is-broader-than-target\">is broader than</a></td><td style=\"border-right-width: 0px\">64262003</td><td style=\"border-left-width: 0px\">Structure of right forearm</td><td>Laterality Right</td></tr><tr><td style=\"border-right-width: 0px\">4688686</td><td style=\"border-left-width: 0px\">NECK</td><td><a href=\"http://hl7.org/fhir/R4/codesystem-concept-map-equivalence.html#equivalent\" title=\"equivalent\">is equivalent to</a></td><td style=\"border-right-width: 0px\">45048000</td><td style=\"border-left-width: 0px\">Neck structure</td><td/></tr><tr><td style=\"border-right-width: 0px\">4500642</td><td style=\"border-left-width: 0px\">ORAL</td><td><a href=\"http://hl7.org/fhir/R4/codesystem-concept-map-equivalence.html#equivalent\" title=\"equivalent\">is equivalent to</a></td><td style=\"border-right-width: 0px\">123851003</td><td style=\"border-left-width: 0px\">Mouth region structure</td><td/></tr><tr><td style=\"border-right-width: 0px\">4688672</td><td style=\"border-left-width: 0px\">PERIPHERAL</td><td><a href=\"http://hl7.org/fhir/R4/codesystem-concept-map-equivalence.html#equivalent\" title=\"equivalent\">is equivalent to</a></td><td style=\"border-right-width: 0px\">54718008</td><td style=\"border-left-width: 0px\">OE, not body structure</td><td/></tr><tr><td style=\"border-right-width: 0px; border-bottom-style: none\">4688673</td><td style=\"border-left-width: 0px; border-bottom-style: none\">POPLITEAL</td><td><a href=\"http://hl7.org/fhir/R4/codesystem-concept-map-equivalence.html#equivalent\" title=\"equivalent\">is equivalent to</a></td><td style=\"border-right-width: 0px\">43899006</td><td style=\"border-left-width: 0px\">Structure of popliteal artery</td><td>No laterality</td></tr><tr><td style=\"border-right-width: 0px; border-top-style: none; border-bottom-style: none\"/><td style=\"border-left-width: 0px; border-top-style: none; border-bottom-style: none\"/><td><a href=\"http://hl7.org/fhir/R4/codesystem-concept-map-equivalence.html#source-is-broader-than-target\" title=\"source-is-broader-than-target\">is broader than</a></td><td style=\"border-right-width: 0px\">25885001</td><td style=\"border-left-width: 0px\">Left popliteal artery structure</td><td>Laterality Left</td></tr><tr><td style=\"border-right-width: 0px; border-top-style: none\"/><td style=\"border-top-style: none; border-left-width: 0px\"/><td><a href=\"http://hl7.org/fhir/R4/codesystem-concept-map-equivalence.html#source-is-broader-than-target\" title=\"source-is-broader-than-target\">is broader than</a></td><td style=\"border-right-width: 0px\">57832007</td><td style=\"border-left-width: 0px\">Structure of right popliteal artery</td><td>Laterality Right</td></tr><tr><td style=\"border-right-width: 0px; border-bottom-style: none\">4688675</td><td style=\"border-left-width: 0px; border-bottom-style: none\">POSTERIOR TIBIAL</td><td><a href=\"http://hl7.org/fhir/R4/codesystem-concept-map-equivalence.html#equivalent\" title=\"equivalent\">is equivalent to</a></td><td style=\"border-right-width: 0px\">13363002</td><td style=\"border-left-width: 0px\">Structure of posterior tibial artery</td><td>No laterality</td></tr><tr><td style=\"border-right-width: 0px; border-top-style: none; border-bottom-style: none\"/><td style=\"border-left-width: 0px; border-top-style: none; border-bottom-style: none\"/><td><a href=\"http://hl7.org/fhir/R4/codesystem-concept-map-equivalence.html#equivalent\" title=\"equivalent\">is equivalent to</a></td><td style=\"border-right-width: 0px\">214912001</td><td style=\"border-left-width: 0px\">Structure of left posterior tibial artery</td><td>Laterality Left</td></tr><tr><td style=\"border-right-width: 0px; border-top-style: none\"/><td style=\"border-top-style: none; border-left-width: 0px\"/><td><a href=\"http://hl7.org/fhir/R4/codesystem-concept-map-equivalence.html#equivalent\" title=\"equivalent\">is equivalent to</a></td><td style=\"border-right-width: 0px\">214811007</td><td style=\"border-left-width: 0px\">Structure of right posterior tibial artery</td><td>Laterality Right</td></tr><tr><td style=\"border-right-width: 0px\">4688676</td><td style=\"border-left-width: 0px\">R ARM (RIGHT ARM)</td><td><a href=\"http://hl7.org/fhir/R4/codesystem-concept-map-equivalence.html#equivalent\" title=\"equivalent\">is equivalent to</a></td><td style=\"border-right-width: 0px\">6921000</td><td style=\"border-left-width: 0px\">Structure of right upper limb</td><td/></tr><tr><td style=\"border-right-width: 0px\">4688677</td><td style=\"border-left-width: 0px\">R LEG (RIGHT LEG)</td><td><a href=\"http://hl7.org/fhir/R4/codesystem-concept-map-equivalence.html#equivalent\" title=\"equivalent\">is equivalent to</a></td><td style=\"border-right-width: 0px\">62175007</td><td style=\"border-left-width: 0px\">Structure of right lower limb</td><td/></tr><tr><td style=\"border-right-width: 0px; border-bottom-style: none\">4688678</td><td style=\"border-left-width: 0px; border-bottom-style: none\">RADIAL</td><td><a href=\"http://hl7.org/fhir/R4/codesystem-concept-map-equivalence.html#equivalent\" title=\"equivalent\">is equivalent to</a></td><td style=\"border-right-width: 0px\">45631007</td><td style=\"border-left-width: 0px\">Structure of radial artery</td><td>No laterality</td></tr><tr><td style=\"border-right-width: 0px; border-top-style: none; border-bottom-style: none\"/><td style=\"border-left-width: 0px; border-top-style: none; border-bottom-style: none\"/><td><a href=\"http://hl7.org/fhir/R4/codesystem-concept-map-equivalence.html#source-is-broader-than-target\" title=\"source-is-broader-than-target\">is broader than</a></td><td style=\"border-right-width: 0px\">368504007</td><td style=\"border-left-width: 0px\">Structure of left radial artery</td><td>Laterality Left</td></tr><tr><td style=\"border-right-width: 0px; border-top-style: none\"/><td style=\"border-top-style: none; border-left-width: 0px\"/><td><a href=\"http://hl7.org/fhir/R4/codesystem-concept-map-equivalence.html#source-is-broader-than-target\" title=\"source-is-broader-than-target\">is broader than</a></td><td style=\"border-right-width: 0px\">368503001</td><td style=\"border-left-width: 0px\">Structure of right radial artery</td><td>Laterality Right</td></tr><tr><td style=\"border-right-width: 0px\">4688679</td><td style=\"border-left-width: 0px\">RECTAL</td><td><a href=\"http://hl7.org/fhir/R4/codesystem-concept-map-equivalence.html#equivalent\" title=\"equivalent\">is equivalent to</a></td><td style=\"border-right-width: 0px\">34402009</td><td style=\"border-left-width: 0px\">Rectum structure</td><td/></tr><tr><td style=\"border-right-width: 0px\">4688704</td><td style=\"border-left-width: 0px\">SKIN</td><td><a href=\"http://hl7.org/fhir/R4/codesystem-concept-map-equivalence.html#equivalent\" title=\"equivalent\">is equivalent to</a></td><td style=\"border-right-width: 0px\">39937001</td><td style=\"border-left-width: 0px\">Skin structure</td><td/></tr><tr><td style=\"border-right-width: 0px\">4537028</td><td style=\"border-left-width: 0px\">TEMPORAL</td><td><a href=\"http://hl7.org/fhir/R4/codesystem-concept-map-equivalence.html#equivalent\" title=\"equivalent\">is equivalent to</a></td><td style=\"border-right-width: 0px\">450721000</td><td style=\"border-left-width: 0px\">Structure of temporal region</td><td>Laterality not modeled in SNOMED CT</td></tr><tr><td style=\"border-right-width: 0px; border-bottom-style: none\">4688708</td><td style=\"border-left-width: 0px; border-bottom-style: none\">THIGH</td><td><a href=\"http://hl7.org/fhir/R4/codesystem-concept-map-equivalence.html#equivalent\" title=\"equivalent\">is equivalent to</a></td><td style=\"border-right-width: 0px\">68367000</td><td style=\"border-left-width: 0px\">Thigh structure</td><td>No laterality</td></tr><tr><td style=\"border-right-width: 0px; border-top-style: none; border-bottom-style: none\"/><td style=\"border-left-width: 0px; border-top-style: none; border-bottom-style: none\"/><td><a href=\"http://hl7.org/fhir/R4/codesystem-concept-map-equivalence.html#source-is-broader-than-target\" title=\"source-is-broader-than-target\">is broader than</a></td><td style=\"border-right-width: 0px\">61396006</td><td style=\"border-left-width: 0px\">Structure of left thigh</td><td>Laterality Left</td></tr><tr><td style=\"border-right-width: 0px; border-top-style: none\"/><td style=\"border-top-style: none; border-left-width: 0px\"/><td><a href=\"http://hl7.org/fhir/R4/codesystem-concept-map-equivalence.html#source-is-broader-than-target\" title=\"source-is-broader-than-target\">is broader than</a></td><td style=\"border-right-width: 0px\">11207009</td><td style=\"border-left-width: 0px\">Structure of right thigh</td><td>Laterality Right</td></tr><tr><td style=\"border-right-width: 0px; border-bottom-style: none\">4688712</td><td style=\"border-left-width: 0px; border-bottom-style: none\">TYMPANIC</td><td><a href=\"http://hl7.org/fhir/R4/codesystem-concept-map-equivalence.html#equivalent\" title=\"equivalent\">is equivalent to</a></td><td style=\"border-right-width: 0px\">42859004</td><td style=\"border-left-width: 0px\">Tympanic membrane structure</td><td>No laterality</td></tr><tr><td style=\"border-right-width: 0px; border-top-style: none; border-bottom-style: none\"/><td style=\"border-left-width: 0px; border-top-style: none; border-bottom-style: none\"/><td><a href=\"http://hl7.org/fhir/R4/codesystem-concept-map-equivalence.html#source-is-broader-than-target\" title=\"source-is-broader-than-target\">is broader than</a></td><td style=\"border-right-width: 0px\">726562006</td><td style=\"border-left-width: 0px\">Structure of left tympanic membrane</td><td>Laterality Left</td></tr><tr><td style=\"border-right-width: 0px; border-top-style: none\"/><td style=\"border-top-style: none; border-left-width: 0px\"/><td><a href=\"http://hl7.org/fhir/R4/codesystem-concept-map-equivalence.html#source-is-broader-than-target\" title=\"source-is-broader-than-target\">is broader than</a></td><td style=\"border-right-width: 0px\">726563001</td><td style=\"border-left-width: 0px\">Structure of right tympanic membrane</td><td>Laterality Right</td></tr><tr><td style=\"border-right-width: 0px; border-bottom-style: none\">4688713</td><td style=\"border-left-width: 0px; border-bottom-style: none\">ULNAR</td><td><a href=\"http://hl7.org/fhir/R4/codesystem-concept-map-equivalence.html#equivalent\" title=\"equivalent\">is equivalent to</a></td><td style=\"border-right-width: 0px\">44984001</td><td style=\"border-left-width: 0px\">Structure of ulnar artery</td><td>No laterality</td></tr><tr><td style=\"border-right-width: 0px; border-top-style: none; border-bottom-style: none\"/><td style=\"border-left-width: 0px; border-top-style: none; border-bottom-style: none\"/><td><a href=\"http://hl7.org/fhir/R4/codesystem-concept-map-equivalence.html#source-is-broader-than-target\" title=\"source-is-broader-than-target\">is broader than</a></td><td style=\"border-right-width: 0px\">368506009</td><td style=\"border-left-width: 0px\">Structure of left ulnar artery</td><td>Laterality Left</td></tr><tr><td style=\"border-right-width: 0px; border-top-style: none\"/><td style=\"border-top-style: none; border-left-width: 0px\"/><td><a href=\"http://hl7.org/fhir/R4/codesystem-concept-map-equivalence.html#source-is-broader-than-target\" title=\"source-is-broader-than-target\">is broader than</a></td><td style=\"border-right-width: 0px\">368505008</td><td style=\"border-left-width: 0px\">Structure of right ulnar artery</td><td>Laterality Right</td></tr><tr><td style=\"border-right-width: 0px; border-bottom-style: none\">4688714</td><td style=\"border-left-width: 0px; border-bottom-style: none\">UPPER ARM</td><td><a href=\"http://hl7.org/fhir/R4/codesystem-concept-map-equivalence.html#equivalent\" title=\"equivalent\">is equivalent to</a></td><td style=\"border-right-width: 0px\">40983000</td><td style=\"border-left-width: 0px\">Structure of upper extremity between shoulder and elbow</td><td>No laterality</td></tr><tr><td style=\"border-right-width: 0px; border-top-style: none; border-bottom-style: none\"/><td style=\"border-left-width: 0px; border-top-style: none; border-bottom-style: none\"/><td><a href=\"http://hl7.org/fhir/R4/codesystem-concept-map-equivalence.html#source-is-broader-than-target\" title=\"source-is-broader-than-target\">is broader than</a></td><td style=\"border-right-width: 0px\">368208006</td><td style=\"border-left-width: 0px\">Left upper arm structure</td><td>Laterality Left</td></tr><tr><td style=\"border-right-width: 0px; border-top-style: none\"/><td style=\"border-top-style: none; border-left-width: 0px\"/><td><a href=\"http://hl7.org/fhir/R4/codesystem-concept-map-equivalence.html#source-is-broader-than-target\" title=\"source-is-broader-than-target\">is broader than</a></td><td style=\"border-right-width: 0px\">368209003</td><td style=\"border-left-width: 0px\">Right upper arm structure</td><td>Laterality Right</td></tr><tr><td style=\"border-right-width: 0px; border-bottom-style: none\">4688717</td><td style=\"border-left-width: 0px; border-bottom-style: none\">WRIST</td><td><a href=\"http://hl7.org/fhir/R4/codesystem-concept-map-equivalence.html#equivalent\" title=\"equivalent\">is equivalent to</a></td><td style=\"border-right-width: 0px\">8205005</td><td style=\"border-left-width: 0px\">Wrist region structure</td><td>No laterality</td></tr><tr><td style=\"border-right-width: 0px; border-top-style: none; border-bottom-style: none\"/><td style=\"border-left-width: 0px; border-top-style: none; border-bottom-style: none\"/><td><a href=\"http://hl7.org/fhir/R4/codesystem-concept-map-equivalence.html#source-is-broader-than-target\" title=\"source-is-broader-than-target\">is broader than</a></td><td style=\"border-right-width: 0px\">5951000</td><td style=\"border-left-width: 0px\">Structure of left wrist region</td><td>Laterality Left</td></tr><tr><td style=\"border-right-width: 0px; border-top-style: none\"/><td style=\"border-top-style: none; border-left-width: 0px\"/><td><a href=\"http://hl7.org/fhir/R4/codesystem-concept-map-equivalence.html#source-is-broader-than-target\" title=\"source-is-broader-than-target\">is broader than</a></td><td style=\"border-right-width: 0px\">9736006</td><td style=\"border-left-width: 0px\">Structure of right wrist region</td><td>Laterality Right</td></tr></table></div>"},"extension":[{"url":"http://hl7.org/fhir/StructureDefinition/structuredefinition-fmm","valueInteger":1,"_valueInteger":{"extension":[{"url":"http://hl7.org/fhir/StructureDefinition/structuredefinition-conformance-derivedFrom","valueCanonical":"https://department-of-veterans-affairs.github.io/mhv-fhir-phr-mapping/ImplementationGuide/va.mhv.fhir.phr"}]}},{"url":"http://hl7.org/fhir/StructureDefinition/structuredefinition-standards-status","valueCode":"trial-use","_valueCode":{"extension":[{"url":"http://hl7.org/fhir/StructureDefinition/structuredefinition-conformance-derivedFrom","valueCanonical":"https://department-of-veterans-affairs.github.io/mhv-fhir-phr-mapping/ImplementationGuide/va.mhv.fhir.phr"}]}}],"url":"https://department-of-veterans-affairs.github.io/mhv-fhir-phr-mapping/ConceptMap/VF-VitalsSite","version":"0.3.8","name":"VF_VitalsSite","title":"Vitals Site used to SNOMED code","status":"active","experimental":false,"date":"2023-12-15","publisher":"VA Digital Services","contact":[{"name":"VA Digital Services","telecom":[{"system":"url","value":"http://va.gov"}]},{"name":"John Moehrke (himself)","telecom":[{"system":"email","value":"John.Moehrke@va.gov"}]}],"description":"Map between VitalSignTO.qualifier VUID/string and SNOMED code for Observation.bodySite","jurisdiction":[{"coding":[{"system":"urn:iso:std:iso:3166","code":"US"}]}],"purpose":"VF_VitalsSite","group":[{"source":"urn:oid:2.16.840.1.113883.6.233","target":"http://snomed.info/sct","element":[{"code":"4688633","display":"ABDOMINAL","target":[{"modifierExtension":[{"url":"http://hl7.org/fhir/1.0/StructureDefinition/extension-ConceptMap.element.target.equivalence","valueCode":"equal"}],"code":"818983003","display":"Abdomen","equivalence":"equal"}]},{"code":"4688636","display":"ANKLE","target":[{"modifierExtension":[{"url":"http://hl7.org/fhir/1.0/StructureDefinition/extension-ConceptMap.element.target.equivalence","valueCode":"equal"}],"code":"344001","display":"Ankle region structure","equivalence":"equal","comment":"No laterality"},{"modifierExtension":[{"url":"http://hl7.org/fhir/1.0/StructureDefinition/extension-ConceptMap.element.target.equivalence","valueCode":"narrower"}],"code":"51636004","display":"Structure of left ankle","equivalence":"narrower","comment":"Laterality Left"},{"modifierExtension":[{"url":"http://hl7.org/fhir/1.0/StructureDefinition/extension-ConceptMap.element.target.equivalence","valueCode":"narrower"}],"code":"6685009","display":"Structure of right ankle","equivalence":"narrower","comment":"Laterality Right"}]},{"code":"4688637","display":"APICAL","target":[{"modifierExtension":[{"url":"http://hl7.org/fhir/1.0/StructureDefinition/extension-ConceptMap.element.target.equivalence","valueCode":"equal"}],"code":"46707002","display":"Structure of precordium","equivalence":"equal"}]},{"code":"4688696","display":"AV FISTULA (ARTERIOVENOUS FISTULA)","target":[{"modifierExtension":[{"url":"http://hl7.org/fhir/1.0/StructureDefinition/extension-ConceptMap.element.target.equivalence","valueCode":"equal"}],"code":"128617001","display":"Arteriovenous fistula","equivalence":"equal"}]},{"code":"4688640","display":"AXILLARY","target":[{"modifierExtension":[{"url":"http://hl7.org/fhir/1.0/StructureDefinition/extension-ConceptMap.element.target.equivalence","valueCode":"equal"}],"code":"422543003","display":"Structure of axillary fossa","equivalence":"equal","comment":"No laterality"},{"modifierExtension":[{"url":"http://hl7.org/fhir/1.0/StructureDefinition/extension-ConceptMap.element.target.equivalence","valueCode":"narrower"}],"code":"764473004","display":"Skin structure of left axilla","equivalence":"narrower","comment":"Laterality Left"},{"modifierExtension":[{"url":"http://hl7.org/fhir/1.0/StructureDefinition/extension-ConceptMap.element.target.equivalence","valueCode":"narrower"}],"code":"20437008","display":"Structure of left axillary region","equivalence":"narrower","comment":"Laterality Left"},{"modifierExtension":[{"url":"http://hl7.org/fhir/1.0/StructureDefinition/extension-ConceptMap.element.target.equivalence","valueCode":"narrower"}],"code":"764474005","display":"Skin structure of right axilla","equivalence":"narrower","comment":"Laterality Right"},{"modifierExtension":[{"url":"http://hl7.org/fhir/1.0/StructureDefinition/extension-ConceptMap.element.target.equivalence","valueCode":"narrower"}],"code":"19654004","display":"Structure of right axillary region","equivalence":"narrower","comment":"Laterality Right"}]},{"code":"4688642","display":"BILATERAL PERIPHERALS","target":[{"modifierExtension":[{"url":"http://hl7.org/fhir/1.0/StructureDefinition/extension-ConceptMap.element.target.equivalence","valueCode":"equal"}],"code":"54718008","display":"Peripheral pulse, function","equivalence":"equal"},{"modifierExtension":[{"url":"http://hl7.org/fhir/1.0/StructureDefinition/extension-ConceptMap.element.target.equivalence","valueCode":"equal"}],"code":"14414005","display":"Peripheral","equivalence":"equal"},{"modifierExtension":[{"url":"http://hl7.org/fhir/1.0/StructureDefinition/extension-ConceptMap.element.target.equivalence","valueCode":"equal"}],"code":"840581000","display":"Structure of peripheral artery","equivalence":"equal"}]},{"code":"4688643","display":"BRACHIAL","target":[{"modifierExtension":[{"url":"http://hl7.org/fhir/1.0/StructureDefinition/extension-ConceptMap.element.target.equivalence","valueCode":"equal"}],"code":"17137000","display":"Structure of brachial artery","equivalence":"equal","comment":"No laterality"},{"modifierExtension":[{"url":"http://hl7.org/fhir/1.0/StructureDefinition/extension-ConceptMap.element.target.equivalence","valueCode":"narrower"}],"code":"723961002","display":"Structure of left brachial artery","equivalence":"narrower","comment":"Laterality Left"},{"modifierExtension":[{"url":"http://hl7.org/fhir/1.0/StructureDefinition/extension-ConceptMap.element.target.equivalence","valueCode":"narrower"}],"code":"723962009","display":"Structure of right brachial artery","equivalence":"narrower","comment":"Laterality Right"}]},{"code":"4688644","display":"CALF","target":[{"modifierExtension":[{"url":"http://hl7.org/fhir/1.0/StructureDefinition/extension-ConceptMap.element.target.equivalence","valueCode":"equal"}],"code":"53840002","display":"Structure of calf of leg","equivalence":"equal","comment":"No laterality"},{"modifierExtension":[{"url":"http://hl7.org/fhir/1.0/StructureDefinition/extension-ConceptMap.element.target.equivalence","valueCode":"narrower"}],"code":"722115008","display":"Structure of calf of left lower leg","equivalence":"narrower","comment":"Laterality Left"},{"modifierExtension":[{"url":"http://hl7.org/fhir/1.0/StructureDefinition/extension-ConceptMap.element.target.equivalence","valueCode":"narrower"}],"code":"722116009","display":"Structure of calf of right lower leg","equivalence":"narrower","comment":"Laterality Right"}]},{"code":"4688645","display":"CAROTID","target":[{"modifierExtension":[{"url":"http://hl7.org/fhir/1.0/StructureDefinition/extension-ConceptMap.element.target.equivalence","valueCode":"equal"}],"code":"69105007","display":"Carotid artery structure","equivalence":"equal","comment":"No laterality"},{"modifierExtension":[{"url":"http://hl7.org/fhir/1.0/StructureDefinition/extension-ConceptMap.element.target.equivalence","valueCode":"narrower"}],"code":"721028001","display":"Structure of left carotid artery","equivalence":"narrower","comment":"Laterality Left"},{"modifierExtension":[{"url":"http://hl7.org/fhir/1.0/StructureDefinition/extension-ConceptMap.element.target.equivalence","valueCode":"narrower"}],"code":"721033002","display":"Structure of right carotid artery","equivalence":"narrower","comment":"Laterality Right"}]},{"code":"4688648","display":"CORE","target":[{"modifierExtension":[{"url":"http://hl7.org/fhir/1.0/StructureDefinition/extension-ConceptMap.element.target.equivalence","valueCode":"equal"}],"code":"276885007","display":"OE, not site","equivalence":"equal"}]},{"code":"4688651","display":"DORSALIS PEDIS","target":[{"modifierExtension":[{"url":"http://hl7.org/fhir/1.0/StructureDefinition/extension-ConceptMap.element.target.equivalence","valueCode":"equal"}],"code":"86547008","display":"Structure of dorsalis pedis artery","equivalence":"equal","comment":"No laterality"},{"modifierExtension":[{"url":"http://hl7.org/fhir/1.0/StructureDefinition/extension-ConceptMap.element.target.equivalence","valueCode":"narrower"}],"code":"792817008","display":"Structure of left dorsalis pedis artery","equivalence":"narrower","comment":"Laterality Left"},{"modifierExtension":[{"url":"http://hl7.org/fhir/1.0/StructureDefinition/extension-ConceptMap.element.target.equivalence","valueCode":"narrower"}],"code":"792816004","display":"Structure of right dorsalis pedis artery","equivalence":"narrower","comment":"Laterality Right"}]},{"code":"4688655","display":"FEMORAL","target":[{"modifierExtension":[{"url":"http://hl7.org/fhir/1.0/StructureDefinition/extension-ConceptMap.element.target.equivalence","valueCode":"equal"}],"code":"7657000","display":"Structure of femoral artery","equivalence":"equal","comment":"No laterality"},{"modifierExtension":[{"url":"http://hl7.org/fhir/1.0/StructureDefinition/extension-ConceptMap.element.target.equivalence","valueCode":"narrower"}],"code":"113270003","display":"Structure of left femoral artery","equivalence":"narrower","comment":"Laterality Left"},{"modifierExtension":[{"url":"http://hl7.org/fhir/1.0/StructureDefinition/extension-ConceptMap.element.target.equivalence","valueCode":"narrower"}],"code":"69833005","display":"Structure of right femoral artery","equivalence":"narrower","comment":"Laterality Right"}]},{"code":"4688656","display":"HEAD","target":[{"modifierExtension":[{"url":"http://hl7.org/fhir/1.0/StructureDefinition/extension-ConceptMap.element.target.equivalence","valueCode":"equal"}],"code":"69536005","display":"Head structure","equivalence":"equal"}]},{"code":"4697470","display":"HIP","target":[{"modifierExtension":[{"url":"http://hl7.org/fhir/1.0/StructureDefinition/extension-ConceptMap.element.target.equivalence","valueCode":"equal"}],"code":"29836001","display":"Hip region structure","equivalence":"equal","comment":"No laterality"},{"modifierExtension":[{"url":"http://hl7.org/fhir/1.0/StructureDefinition/extension-ConceptMap.element.target.equivalence","valueCode":"narrower"}],"code":"287679003","display":"Left hip region structure","equivalence":"narrower","comment":"Laterality Left"},{"modifierExtension":[{"url":"http://hl7.org/fhir/1.0/StructureDefinition/extension-ConceptMap.element.target.equivalence","valueCode":"narrower"}],"code":"287579007","display":"Right hip region structure","equivalence":"narrower","comment":"Laterality Right"}]},{"code":"4688689","display":"KNEE","target":[{"modifierExtension":[{"url":"http://hl7.org/fhir/1.0/StructureDefinition/extension-ConceptMap.element.target.equivalence","valueCode":"equal"}],"code":"72696002","display":"Knee region structure","equivalence":"equal","comment":"No laterality"},{"modifierExtension":[{"url":"http://hl7.org/fhir/1.0/StructureDefinition/extension-ConceptMap.element.target.equivalence","valueCode":"narrower"}],"code":"82169009","display":"Structure of left knee region","equivalence":"narrower","comment":"Laterality Left"},{"modifierExtension":[{"url":"http://hl7.org/fhir/1.0/StructureDefinition/extension-ConceptMap.element.target.equivalence","valueCode":"narrower"}],"code":"6757004","display":"Structure of right knee region","equivalence":"narrower","comment":"Laterality Right"}]},{"code":"4688657","display":"L ARM (LEFT ARM)","target":[{"modifierExtension":[{"url":"http://hl7.org/fhir/1.0/StructureDefinition/extension-ConceptMap.element.target.equivalence","valueCode":"equal"}],"code":"80768000","display":"Structure of left upper limb","equivalence":"equal"}]},{"code":"4688658","display":"L LEG (LEFT LEG)","target":[{"modifierExtension":[{"url":"http://hl7.org/fhir/1.0/StructureDefinition/extension-ConceptMap.element.target.equivalence","valueCode":"equal"}],"code":"32153003","display":"Structure of left lower limb","equivalence":"equal"}]},{"code":"4688662","display":"LOWER ARM","target":[{"modifierExtension":[{"url":"http://hl7.org/fhir/1.0/StructureDefinition/extension-ConceptMap.element.target.equivalence","valueCode":"equal"}],"code":"14975008","display":"Forearm structure","equivalence":"equal","comment":"No laterality"},{"modifierExtension":[{"url":"http://hl7.org/fhir/1.0/StructureDefinition/extension-ConceptMap.element.target.equivalence","valueCode":"narrower"}],"code":"66480008","display":"Structure of left forearm","equivalence":"narrower","comment":"Laterality Left"},{"modifierExtension":[{"url":"http://hl7.org/fhir/1.0/StructureDefinition/extension-ConceptMap.element.target.equivalence","valueCode":"narrower"}],"code":"64262003","display":"Structure of right forearm","equivalence":"narrower","comment":"Laterality Right"}]},{"code":"4688686","display":"NECK","target":[{"modifierExtension":[{"url":"http://hl7.org/fhir/1.0/StructureDefinition/extension-ConceptMap.element.target.equivalence","valueCode":"equal"}],"code":"45048000","display":"Neck structure","equivalence":"equal"}]},{"code":"4500642","display":"ORAL","target":[{"modifierExtension":[{"url":"http://hl7.org/fhir/1.0/StructureDefinition/extension-ConceptMap.element.target.equivalence","valueCode":"equal"}],"code":"123851003","display":"Mouth region structure","equivalence":"equal"}]},{"code":"4688672","display":"PERIPHERAL","target":[{"modifierExtension":[{"url":"http://hl7.org/fhir/1.0/StructureDefinition/extension-ConceptMap.element.target.equivalence","valueCode":"equal"}],"code":"54718008","display":"OE, not body structure","equivalence":"equal"}]},{"code":"4688673","display":"POPLITEAL","target":[{"modifierExtension":[{"url":"http://hl7.org/fhir/1.0/StructureDefinition/extension-ConceptMap.element.target.equivalence","valueCode":"equal"}],"code":"43899006","display":"Structure of popliteal artery","equivalence":"equal","comment":"No laterality"},{"modifierExtension":[{"url":"http://hl7.org/fhir/1.0/StructureDefinition/extension-ConceptMap.element.target.equivalence","valueCode":"narrower"}],"code":"25885001","display":"Left popliteal artery structure","equivalence":"narrower","comment":"Laterality Left"},{"modifierExtension":[{"url":"http://hl7.org/fhir/1.0/StructureDefinition/extension-ConceptMap.element.target.equivalence","valueCode":"narrower"}],"code":"57832007","display":"Structure of right popliteal artery","equivalence":"narrower","comment":"Laterality Right"}]},{"code":"4688675","display":"POSTERIOR TIBIAL","target":[{"modifierExtension":[{"url":"http://hl7.org/fhir/1.0/StructureDefinition/extension-ConceptMap.element.target.equivalence","valueCode":"equal"}],"code":"13363002","display":"Structure of posterior tibial artery","equivalence":"equal","comment":"No laterality"},{"modifierExtension":[{"url":"http://hl7.org/fhir/1.0/StructureDefinition/extension-ConceptMap.element.target.equivalence","valueCode":"equal"}],"code":"214912001","display":"Structure of left posterior tibial artery","equivalence":"equal","comment":"Laterality Left"},{"modifierExtension":[{"url":"http://hl7.org/fhir/1.0/StructureDefinition/extension-ConceptMap.element.target.equivalence","valueCode":"equal"}],"code":"214811007","display":"Structure of right posterior tibial artery","equivalence":"equal","comment":"Laterality Right"}]},{"code":"4688676","display":"R ARM (RIGHT ARM)","target":[{"modifierExtension":[{"url":"http://hl7.org/fhir/1.0/StructureDefinition/extension-ConceptMap.element.target.equivalence","valueCode":"equal"}],"code":"6921000","display":"Structure of right upper limb","equivalence":"equal"}]},{"code":"4688677","display":"R LEG (RIGHT LEG)","target":[{"modifierExtension":[{"url":"http://hl7.org/fhir/1.0/StructureDefinition/extension-ConceptMap.element.target.equivalence","valueCode":"equal"}],"code":"62175007","display":"Structure of right lower limb","equivalence":"equal"}]},{"code":"4688678","display":"RADIAL","target":[{"modifierExtension":[{"url":"http://hl7.org/fhir/1.0/StructureDefinition/extension-ConceptMap.element.target.equivalence","valueCode":"equal"}],"code":"45631007","display":"Structure of radial artery","equivalence":"equal","comment":"No laterality"},{"modifierExtension":[{"url":"http://hl7.org/fhir/1.0/StructureDefinition/extension-ConceptMap.element.target.equivalence","valueCode":"narrower"}],"code":"368504007","display":"Structure of left radial artery","equivalence":"narrower","comment":"Laterality Left"},{"modifierExtension":[{"url":"http://hl7.org/fhir/1.0/StructureDefinition/extension-ConceptMap.element.target.equivalence","valueCode":"narrower"}],"code":"368503001","display":"Structure of right radial artery","equivalence":"narrower","comment":"Laterality Right"}]},{"code":"4688679","display":"RECTAL","target":[{"modifierExtension":[{"url":"http://hl7.org/fhir/1.0/StructureDefinition/extension-ConceptMap.element.target.equivalence","valueCode":"equal"}],"code":"34402009","display":"Rectum structure","equivalence":"equal"}]},{"code":"4688704","display":"SKIN","target":[{"modifierExtension":[{"url":"http://hl7.org/fhir/1.0/StructureDefinition/extension-ConceptMap.element.target.equivalence","valueCode":"equal"}],"code":"39937001","display":"Skin structure","equivalence":"equal"}]},{"code":"4537028","display":"TEMPORAL","target":[{"modifierExtension":[{"url":"http://hl7.org/fhir/1.0/StructureDefinition/extension-ConceptMap.element.target.equivalence","valueCode":"equal"}],"code":"450721000","display":"Structure of temporal region","equivalence":"equal","comment":"Laterality not modeled in SNOMED CT"}]},{"code":"4688708","display":"THIGH","target":[{"modifierExtension":[{"url":"http://hl7.org/fhir/1.0/StructureDefinition/extension-ConceptMap.element.target.equivalence","valueCode":"equal"}],"code":"68367000","display":"Thigh structure","equivalence":"equal","comment":"No laterality"},{"modifierExtension":[{"url":"http://hl7.org/fhir/1.0/StructureDefinition/extension-ConceptMap.element.target.equivalence","valueCode":"narrower"}],"code":"61396006","display":"Structure of left thigh","equivalence":"narrower","comment":"Laterality Left"},{"modifierExtension":[{"url":"http://hl7.org/fhir/1.0/StructureDefinition/extension-ConceptMap.element.target.equivalence","valueCode":"narrower"}],"code":"11207009","display":"Structure of right thigh","equivalence":"narrower","comment":"Laterality Right"}]},{"code":"4688712","display":"TYMPANIC","target":[{"modifierExtension":[{"url":"http://hl7.org/fhir/1.0/StructureDefinition/extension-ConceptMap.element.target.equivalence","valueCode":"equal"}],"code":"42859004","display":"Tympanic membrane structure","equivalence":"equal","comment":"No laterality"},{"modifierExtension":[{"url":"http://hl7.org/fhir/1.0/StructureDefinition/extension-ConceptMap.element.target.equivalence","valueCode":"narrower"}],"code":"726562006","display":"Structure of left tympanic membrane","equivalence":"narrower","comment":"Laterality Left"},{"modifierExtension":[{"url":"http://hl7.org/fhir/1.0/StructureDefinition/extension-ConceptMap.element.target.equivalence","valueCode":"narrower"}],"code":"726563001","display":"Structure of right tympanic membrane","equivalence":"narrower","comment":"Laterality Right"}]},{"code":"4688713","display":"ULNAR","target":[{"modifierExtension":[{"url":"http://hl7.org/fhir/1.0/StructureDefinition/extension-ConceptMap.element.target.equivalence","valueCode":"equal"}],"code":"44984001","display":"Structure of ulnar artery","equivalence":"equal","comment":"No laterality"},{"modifierExtension":[{"url":"http://hl7.org/fhir/1.0/StructureDefinition/extension-ConceptMap.element.target.equivalence","valueCode":"narrower"}],"code":"368506009","display":"Structure of left ulnar artery","equivalence":"narrower","comment":"Laterality Left"},{"modifierExtension":[{"url":"http://hl7.org/fhir/1.0/StructureDefinition/extension-ConceptMap.element.target.equivalence","valueCode":"narrower"}],"code":"368505008","display":"Structure of right ulnar artery","equivalence":"narrower","comment":"Laterality Right"}]},{"code":"4688714","display":"UPPER ARM","target":[{"modifierExtension":[{"url":"http://hl7.org/fhir/1.0/StructureDefinition/extension-ConceptMap.element.target.equivalence","valueCode":"equal"}],"code":"40983000","display":"Structure of upper extremity between shoulder and elbow","equivalence":"equal","comment":"No laterality"},{"modifierExtension":[{"url":"http://hl7.org/fhir/1.0/StructureDefinition/extension-ConceptMap.element.target.equivalence","valueCode":"narrower"}],"code":"368208006","display":"Left upper arm structure","equivalence":"narrower","comment":"Laterality Left"},{"modifierExtension":[{"url":"http://hl7.org/fhir/1.0/StructureDefinition/extension-ConceptMap.element.target.equivalence","valueCode":"narrower"}],"code":"368209003","display":"Right upper arm structure","equivalence":"narrower","comment":"Laterality Right"}]},{"code":"4688717","display":"WRIST","target":[{"modifierExtension":[{"url":"http://hl7.org/fhir/1.0/StructureDefinition/extension-ConceptMap.element.target.equivalence","valueCode":"equal"}],"code":"8205005","display":"Wrist region structure","equivalence":"equal","comment":"No laterality"},{"modifierExtension":[{"url":"http://hl7.org/fhir/1.0/StructureDefinition/extension-ConceptMap.element.target.equivalence","valueCode":"narrower"}],"code":"5951000","display":"Structure of left wrist region","equivalence":"narrower","comment":"Laterality Left"},{"modifierExtension":[{"url":"http://hl7.org/fhir/1.0/StructureDefinition/extension-ConceptMap.element.target.equivalence","valueCode":"narrower"}],"code":"9736006","display":"Structure of right wrist region","equivalence":"narrower","comment":"Laterality Right"}]}]}]}