{"resourceType":"ImplementationGuide","id":"va.mhv.phr.example","text":{"status":"extensions","div":"<div xmlns=\"http://www.w3.org/1999/xhtml\"><h2>MHVPHR</h2><p>The official URL for this implementation guide is: </p><pre>https://johnmoehrke.github.io/MHV-PHR/ImplementationGuide/va.mhv.phr.example</pre><div><p>MyHealtheVet exposing PHR using FHIR and Testing Plan.</p>\n</div></div>"},"extension":[{"url":"http://hl7.org/fhir/StructureDefinition/structuredefinition-standards-status","valueCode":"trial-use"},{"url":"http://hl7.org/fhir/StructureDefinition/structuredefinition-fmm","valueInteger":0}],"url":"https://johnmoehrke.github.io/MHV-PHR/ImplementationGuide/va.mhv.phr.example","version":"0.1.7-beta","name":"MHVPHR","title":"MyHealtheVet PHR FHIR API","status":"active","date":"2023-04-11T08:45:33-05:00","publisher":"John Moehrke (himself)","contact":[{"name":"John Moehrke (himself)","telecom":[{"system":"url","value":"http://healthcaresecprivacy.blogspot.com"},{"system":"email","value":"JohnMoehrke@gmail.com"}]},{"name":"John Moehrke (himself)","telecom":[{"system":"email","value":"JohnMoehrke@gmail.com"}]}],"description":"MyHealtheVet exposing PHR using FHIR and Testing Plan.","jurisdiction":[{"coding":[{"system":"urn:iso:std:iso:3166","code":"US"}]}],"packageId":"va.mhv.phr.example","license":"CC-BY-4.0","fhirVersion":["4.0.1"],"dependsOn":[{"id":"hl7tx","extension":[{"url":"http://hl7.org/fhir/tools/StructureDefinition/implementationguide-dependency-comment","valueMarkdown":"Automatically added as a dependency - all IGs depend on HL7 Terminology"}],"uri":"http://terminology.hl7.org/ImplementationGuide/hl7.terminology","packageId":"hl7.terminology.r4","version":"5.0.0"},{"id":"hl7_fhir_us_core","uri":"http://hl7.org/fhir/us/core/ImplementationGuide/hl7.fhir.us.core","packageId":"hl7.fhir.us.core","version":"5.0.1"}],"definition":{"extension":[{"extension":[{"url":"code","valueString":"copyrightyear"},{"url":"value","valueString":"2022+"}],"url":"http://hl7.org/fhir/tools/StructureDefinition/ig-parameter"},{"extension":[{"url":"code","valueString":"releaselabel"},{"url":"value","valueString":"ci-build"}],"url":"http://hl7.org/fhir/tools/StructureDefinition/ig-parameter"},{"extension":[{"url":"code","valueString":"show-inherited-invariants"},{"url":"value","valueString":"false"}],"url":"http://hl7.org/fhir/tools/StructureDefinition/ig-parameter"},{"extension":[{"url":"code","valueString":"usage-stats-opt-out"},{"url":"value","valueString":"true"}],"url":"http://hl7.org/fhir/tools/StructureDefinition/ig-parameter"},{"extension":[{"url":"code","valueString":"logging"},{"url":"value","valueString":"progress"}],"url":"http://hl7.org/fhir/tools/StructureDefinition/ig-parameter"},{"extension":[{"url":"code","valueString":"shownav"},{"url":"value","valueString":"true"}],"url":"http://hl7.org/fhir/tools/StructureDefinition/ig-parameter"},{"extension":[{"url":"code","valueString":"active-tables"},{"url":"value","valueString":"false"}],"url":"http://hl7.org/fhir/tools/StructureDefinition/ig-parameter"},{"extension":[{"url":"code","valueString":"apply-contact"},{"url":"value","valueString":"true"}],"url":"http://hl7.org/fhir/tools/StructureDefinition/ig-parameter"},{"extension":[{"url":"code","valueString":"apply-jurisdiction"},{"url":"value","valueString":"true"}],"url":"http://hl7.org/fhir/tools/StructureDefinition/ig-parameter"},{"extension":[{"url":"code","valueString":"apply-publisher"},{"url":"value","valueString":"true"}],"url":"http://hl7.org/fhir/tools/StructureDefinition/ig-parameter"},{"extension":[{"url":"code","valueString":"apply-version"},{"url":"value","valueString":"true"}],"url":"http://hl7.org/fhir/tools/StructureDefinition/ig-parameter"},{"extension":[{"url":"code","valueString":"autoload-resources"},{"url":"value","valueString":"true"}],"url":"http://hl7.org/fhir/tools/StructureDefinition/ig-parameter"},{"extension":[{"url":"code","valueString":"path-output"},{"url":"value","valueString":"docs"}],"url":"http://hl7.org/fhir/tools/StructureDefinition/ig-parameter"},{"extension":[{"url":"code","valueString":"excludettl"},{"url":"value","valueString":"true"}],"url":"http://hl7.org/fhir/tools/StructureDefinition/ig-parameter"},{"extension":[{"url":"code","valueString":"path-liquid"},{"url":"value","valueString":"template/liquid"}],"url":"http://hl7.org/fhir/tools/StructureDefinition/ig-parameter"},{"extension":[{"url":"code","valueString":"path-liquid"},{"url":"value","valueString":"input/liquid"}],"url":"http://hl7.org/fhir/tools/StructureDefinition/ig-parameter"},{"extension":[{"url":"code","valueString":"path-qa"},{"url":"value","valueString":"temp/qa"}],"url":"http://hl7.org/fhir/tools/StructureDefinition/ig-parameter"},{"extension":[{"url":"code","valueString":"path-temp"},{"url":"value","valueString":"temp/pages"}],"url":"http://hl7.org/fhir/tools/StructureDefinition/ig-parameter"},{"extension":[{"url":"code","valueString":"path-suppressed-warnings"},{"url":"value","valueString":"input/ignoreWarnings.txt"}],"url":"http://hl7.org/fhir/tools/StructureDefinition/ig-parameter"},{"extension":[{"url":"code","valueString":"path-history"},{"url":"value","valueString":"https://johnmoehrke.github.io/MHV-PHR/history.html"}],"url":"http://hl7.org/fhir/tools/StructureDefinition/ig-parameter"},{"extension":[{"url":"code","valueString":"template-html"},{"url":"value","valueString":"template-page.html"}],"url":"http://hl7.org/fhir/tools/StructureDefinition/ig-parameter"},{"extension":[{"url":"code","valueString":"template-md"},{"url":"value","valueString":"template-page-md.html"}],"url":"http://hl7.org/fhir/tools/StructureDefinition/ig-parameter"},{"extension":[{"url":"code","valueString":"apply-context"},{"url":"value","valueString":"true"}],"url":"http://hl7.org/fhir/tools/StructureDefinition/ig-parameter"},{"extension":[{"url":"code","valueString":"apply-copyright"},{"url":"value","valueString":"true"}],"url":"http://hl7.org/fhir/tools/StructureDefinition/ig-parameter"},{"extension":[{"url":"code","valueString":"apply-license"},{"url":"value","valueString":"true"}],"url":"http://hl7.org/fhir/tools/StructureDefinition/ig-parameter"},{"extension":[{"url":"code","valueString":"fmm-definition"},{"url":"value","valueString":"http://hl7.org/fhir/versions.html#maturity"}],"url":"http://hl7.org/fhir/tools/StructureDefinition/ig-parameter"},{"extension":[{"url":"code","valueString":"propagate-status"},{"url":"value","valueString":"true"}],"url":"http://hl7.org/fhir/tools/StructureDefinition/ig-parameter"},{"extension":[{"url":"code","valueString":"excludelogbinaryformat"},{"url":"value","valueString":"true"}],"url":"http://hl7.org/fhir/tools/StructureDefinition/ig-parameter"},{"extension":[{"url":"code","valueString":"tabbed-snapshots"},{"url":"value","valueString":"true"}],"url":"http://hl7.org/fhir/tools/StructureDefinition/ig-parameter"},{"extension":[{"url":"code","valueCode":"copyrightyear"},{"url":"value","valueString":"2022+"}],"url":"http://hl7.org/fhir/tools/StructureDefinition/ig-parameter"},{"extension":[{"url":"code","valueCode":"releaselabel"},{"url":"value","valueString":"ci-build"}],"url":"http://hl7.org/fhir/tools/StructureDefinition/ig-parameter"},{"extension":[{"url":"code","valueCode":"show-inherited-invariants"},{"url":"value","valueString":"false"}],"url":"http://hl7.org/fhir/tools/StructureDefinition/ig-parameter"},{"extension":[{"url":"code","valueCode":"usage-stats-opt-out"},{"url":"value","valueString":"true"}],"url":"http://hl7.org/fhir/tools/StructureDefinition/ig-parameter"},{"extension":[{"url":"code","valueCode":"logging"},{"url":"value","valueString":"progress"}],"url":"http://hl7.org/fhir/tools/StructureDefinition/ig-parameter"},{"extension":[{"url":"code","valueCode":"shownav"},{"url":"value","valueString":"true"}],"url":"http://hl7.org/fhir/tools/StructureDefinition/ig-parameter"},{"extension":[{"url":"code","valueCode":"active-tables"},{"url":"value","valueString":"false"}],"url":"http://hl7.org/fhir/tools/StructureDefinition/ig-parameter"},{"extension":[{"url":"code","valueCode":"apply-contact"},{"url":"value","valueString":"true"}],"url":"http://hl7.org/fhir/tools/StructureDefinition/ig-parameter"},{"extension":[{"url":"code","valueCode":"apply-jurisdiction"},{"url":"value","valueString":"true"}],"url":"http://hl7.org/fhir/tools/StructureDefinition/ig-parameter"},{"extension":[{"url":"code","valueCode":"apply-publisher"},{"url":"value","valueString":"true"}],"url":"http://hl7.org/fhir/tools/StructureDefinition/ig-parameter"},{"extension":[{"url":"code","valueCode":"apply-version"},{"url":"value","valueString":"true"}],"url":"http://hl7.org/fhir/tools/StructureDefinition/ig-parameter"},{"extension":[{"url":"code","valueCode":"autoload-resources"},{"url":"value","valueString":"true"}],"url":"http://hl7.org/fhir/tools/StructureDefinition/ig-parameter"},{"extension":[{"url":"code","valueCode":"path-output"},{"url":"value","valueString":"docs"}],"url":"http://hl7.org/fhir/tools/StructureDefinition/ig-parameter"},{"extension":[{"url":"code","valueCode":"excludettl"},{"url":"value","valueString":"true"}],"url":"http://hl7.org/fhir/tools/StructureDefinition/ig-parameter"},{"extension":[{"url":"code","valueCode":"path-liquid"},{"url":"value","valueString":"template/liquid"}],"url":"http://hl7.org/fhir/tools/StructureDefinition/ig-parameter"},{"extension":[{"url":"code","valueCode":"path-liquid"},{"url":"value","valueString":"input/liquid"}],"url":"http://hl7.org/fhir/tools/StructureDefinition/ig-parameter"},{"extension":[{"url":"code","valueCode":"path-qa"},{"url":"value","valueString":"temp/qa"}],"url":"http://hl7.org/fhir/tools/StructureDefinition/ig-parameter"},{"extension":[{"url":"code","valueCode":"path-temp"},{"url":"value","valueString":"temp/pages"}],"url":"http://hl7.org/fhir/tools/StructureDefinition/ig-parameter"},{"extension":[{"url":"code","valueCode":"path-suppressed-warnings"},{"url":"value","valueString":"input/ignoreWarnings.txt"}],"url":"http://hl7.org/fhir/tools/StructureDefinition/ig-parameter"},{"extension":[{"url":"code","valueCode":"path-history"},{"url":"value","valueString":"https://johnmoehrke.github.io/MHV-PHR/history.html"}],"url":"http://hl7.org/fhir/tools/StructureDefinition/ig-parameter"},{"extension":[{"url":"code","valueCode":"template-html"},{"url":"value","valueString":"template-page.html"}],"url":"http://hl7.org/fhir/tools/StructureDefinition/ig-parameter"},{"extension":[{"url":"code","valueCode":"template-md"},{"url":"value","valueString":"template-page-md.html"}],"url":"http://hl7.org/fhir/tools/StructureDefinition/ig-parameter"},{"extension":[{"url":"code","valueCode":"apply-context"},{"url":"value","valueString":"true"}],"url":"http://hl7.org/fhir/tools/StructureDefinition/ig-parameter"},{"extension":[{"url":"code","valueCode":"apply-copyright"},{"url":"value","valueString":"true"}],"url":"http://hl7.org/fhir/tools/StructureDefinition/ig-parameter"},{"extension":[{"url":"code","valueCode":"apply-license"},{"url":"value","valueString":"true"}],"url":"http://hl7.org/fhir/tools/StructureDefinition/ig-parameter"},{"extension":[{"url":"code","valueCode":"fmm-definition"},{"url":"value","valueString":"http://hl7.org/fhir/versions.html#maturity"}],"url":"http://hl7.org/fhir/tools/StructureDefinition/ig-parameter"},{"extension":[{"url":"code","valueCode":"propagate-status"},{"url":"value","valueString":"true"}],"url":"http://hl7.org/fhir/tools/StructureDefinition/ig-parameter"},{"extension":[{"url":"code","valueCode":"excludelogbinaryformat"},{"url":"value","valueString":"true"}],"url":"http://hl7.org/fhir/tools/StructureDefinition/ig-parameter"},{"extension":[{"url":"code","valueCode":"tabbed-snapshots"},{"url":"value","valueString":"true"}],"url":"http://hl7.org/fhir/tools/StructureDefinition/ig-parameter"},{"extension":[{"url":"code","valueCode":"copyrightyear"},{"url":"value","valueString":"2022+"}],"url":"http://hl7.org/fhir/tools/StructureDefinition/ig-parameter"},{"extension":[{"url":"code","valueCode":"releaselabel"},{"url":"value","valueString":"ci-build"}],"url":"http://hl7.org/fhir/tools/StructureDefinition/ig-parameter"},{"extension":[{"url":"code","valueCode":"show-inherited-invariants"},{"url":"value","valueString":"false"}],"url":"http://hl7.org/fhir/tools/StructureDefinition/ig-parameter"},{"extension":[{"url":"code","valueCode":"usage-stats-opt-out"},{"url":"value","valueString":"true"}],"url":"http://hl7.org/fhir/tools/StructureDefinition/ig-parameter"},{"extension":[{"url":"code","valueCode":"logging"},{"url":"value","valueString":"progress"}],"url":"http://hl7.org/fhir/tools/StructureDefinition/ig-parameter"},{"extension":[{"url":"code","valueCode":"shownav"},{"url":"value","valueString":"true"}],"url":"http://hl7.org/fhir/tools/StructureDefinition/ig-parameter"},{"extension":[{"url":"code","valueCode":"active-tables"},{"url":"value","valueString":"false"}],"url":"http://hl7.org/fhir/tools/StructureDefinition/ig-parameter"},{"extension":[{"url":"code","valueCode":"apply-contact"},{"url":"value","valueString":"true"}],"url":"http://hl7.org/fhir/tools/StructureDefinition/ig-parameter"},{"extension":[{"url":"code","valueCode":"apply-jurisdiction"},{"url":"value","valueString":"true"}],"url":"http://hl7.org/fhir/tools/StructureDefinition/ig-parameter"},{"extension":[{"url":"code","valueCode":"apply-publisher"},{"url":"value","valueString":"true"}],"url":"http://hl7.org/fhir/tools/StructureDefinition/ig-parameter"},{"extension":[{"url":"code","valueCode":"apply-version"},{"url":"value","valueString":"true"}],"url":"http://hl7.org/fhir/tools/StructureDefinition/ig-parameter"},{"extension":[{"url":"code","valueCode":"autoload-resources"},{"url":"value","valueString":"true"}],"url":"http://hl7.org/fhir/tools/StructureDefinition/ig-parameter"},{"extension":[{"url":"code","valueCode":"path-output"},{"url":"value","valueString":"docs"}],"url":"http://hl7.org/fhir/tools/StructureDefinition/ig-parameter"},{"extension":[{"url":"code","valueCode":"excludettl"},{"url":"value","valueString":"true"}],"url":"http://hl7.org/fhir/tools/StructureDefinition/ig-parameter"},{"extension":[{"url":"code","valueCode":"path-liquid"},{"url":"value","valueString":"template/liquid"}],"url":"http://hl7.org/fhir/tools/StructureDefinition/ig-parameter"},{"extension":[{"url":"code","valueCode":"path-liquid"},{"url":"value","valueString":"input/liquid"}],"url":"http://hl7.org/fhir/tools/StructureDefinition/ig-parameter"},{"extension":[{"url":"code","valueCode":"path-qa"},{"url":"value","valueString":"temp/qa"}],"url":"http://hl7.org/fhir/tools/StructureDefinition/ig-parameter"},{"extension":[{"url":"code","valueCode":"path-temp"},{"url":"value","valueString":"temp/pages"}],"url":"http://hl7.org/fhir/tools/StructureDefinition/ig-parameter"},{"extension":[{"url":"code","valueCode":"path-suppressed-warnings"},{"url":"value","valueString":"input/ignoreWarnings.txt"}],"url":"http://hl7.org/fhir/tools/StructureDefinition/ig-parameter"},{"extension":[{"url":"code","valueCode":"path-history"},{"url":"value","valueString":"https://johnmoehrke.github.io/MHV-PHR/history.html"}],"url":"http://hl7.org/fhir/tools/StructureDefinition/ig-parameter"},{"extension":[{"url":"code","valueCode":"template-html"},{"url":"value","valueString":"template-page.html"}],"url":"http://hl7.org/fhir/tools/StructureDefinition/ig-parameter"},{"extension":[{"url":"code","valueCode":"template-md"},{"url":"value","valueString":"template-page-md.html"}],"url":"http://hl7.org/fhir/tools/StructureDefinition/ig-parameter"},{"extension":[{"url":"code","valueCode":"apply-context"},{"url":"value","valueString":"true"}],"url":"http://hl7.org/fhir/tools/StructureDefinition/ig-parameter"},{"extension":[{"url":"code","valueCode":"apply-copyright"},{"url":"value","valueString":"true"}],"url":"http://hl7.org/fhir/tools/StructureDefinition/ig-parameter"},{"extension":[{"url":"code","valueCode":"apply-license"},{"url":"value","valueString":"true"}],"url":"http://hl7.org/fhir/tools/StructureDefinition/ig-parameter"},{"extension":[{"url":"code","valueCode":"fmm-definition"},{"url":"value","valueString":"http://hl7.org/fhir/versions.html#maturity"}],"url":"http://hl7.org/fhir/tools/StructureDefinition/ig-parameter"},{"extension":[{"url":"code","valueCode":"propagate-status"},{"url":"value","valueString":"true"}],"url":"http://hl7.org/fhir/tools/StructureDefinition/ig-parameter"},{"extension":[{"url":"code","valueCode":"excludelogbinaryformat"},{"url":"value","valueString":"true"}],"url":"http://hl7.org/fhir/tools/StructureDefinition/ig-parameter"},{"extension":[{"url":"code","valueCode":"tabbed-snapshots"},{"url":"value","valueString":"true"}],"url":"http://hl7.org/fhir/tools/StructureDefinition/ig-parameter"}],"grouping":[{"id":"-dyn-capabilitystatement","name":"Behavior: Capability Statements","description":"The following artifacts define the specific capabilities that different types of systems are expected to have in order to comply with this implementation guide.  Systems conforming to this implementation guide are expected to declare conformance to one or more of the following capability statements."},{"id":"-str-profile","name":"Structures: Resource Profiles","description":"These define constraints on FHIR resources for systems conforming to this implementation guide."},{"id":"-term-valueset","name":"Terminology: Value Sets","description":"These define sets of codes used by systems conforming to this implementation guide."},{"id":"-map-conceptmap","name":"Terminology: Concept Maps","description":"These define transformations to convert between codes by systems conforming with this implementation guide."},{"id":"-ex-example","name":"Example: Example Instances","description":"These are example instances that show what data produced and consumed by systems conforming with this implementation guide might look like."}],"resource":[{"extension":[{"url":"http://hl7.org/fhir/StructureDefinition/implementationguide-page","valueUri":"StructureDefinition-VA.MHV.PHR.allergyIntolerance.html"}],"reference":{"reference":"StructureDefinition/VA.MHV.PHR.allergyIntolerance"},"name":"VA MHV PHR Allergy and Intolerance","description":"A profile on the AllergyIntolerance resource for MHV PHR exposing Allergies using FHIR API.\n\n- The mock example maps to [intoleranceConditions](https://github.com/department-of-veterans-affairs/mhv-np-cds-wsclient/blob/development/src/main/resources/xsd/templates/MHVIntoleranceConditionRead40011/template/MHVIntoleranceConditionRead40011.xsd) schema. \n- Should be based on US-Core for AllergyIntolerance Resource profile\n- a `clinicalStatus` of the allergy (e.g.,active or resolved)\n  - Given that intoleranceCondition.status is unclear; will presume we only see `active`\n  - set to `active`\n- a `code` which tells you what the patient is allergic to\n  - at least `code.text`\n  - would be good to have a coding, but there does not appear to be any source for that\n- a patient\n- category derived from .allergyType (multiple codes are multiple category)\n  - `D` -> #medication\n  - `F' -> #food\n  - `O` -> #environment\n\nTODO:\n- unclear\n  - `intoleranceCondition.status` is always `F` in the mock data I have been given, so unclear what the meaning is. From the name 'status' I presume this is the status of the allergy, but unclear.\n  - will presume we only get `active`\n  - reaction.reaction.code seems to be a number, but I can't find a codeSystem with these numbers.\n    - would be good to have SNOMED-CT, but this does not seem to be SNOMED","exampleBoolean":false,"groupingId":"-str-profile"},{"extension":[{"url":"http://hl7.org/fhir/StructureDefinition/implementationguide-page","valueUri":"StructureDefinition-VA.MHV.PHR.cbcReport.html"}],"reference":{"reference":"StructureDefinition/VA.MHV.PHR.cbcReport"},"name":"VA MHV PHR HDR CBC Report","description":"A profile showing how `labTestPromise` is mapped into a FHIR `DiagnosticReport`, `Observation`, and `Specimen`. Where the `labTestPromise` only has `labSubscript` of `CH` (presumed CBC).\n- LOINC#58410-2 'CBC panel - Blood by Automated count'\n\nThe given example aligns with the `Lab.xsd` schema. \n\nThe `labTestPromises` is mapped onto this FHIR `DiagnosticReport` for CBC laboratory reporting. The mapping to [HDR labTestPromise](StructureDefinition-VA.MHV.PHR.cbcReport-mappings.html#mappings-for-hdr-to-mhv-phr-labtestpromises)\n\nThe `labTestPromises.labTests` are each recorded as a FHIR [Observation for CBC result](StructureDefinition-VA.MHV.PHR.cbcTest.html) that is contained in the DiagnosticReport. The map to [HDR cbcTestPromise](StructureDefinition-VA.MHV.PHR.cbcTest-mappings.html#mappings-for-hdr-labtests-to-mhv-phr-labtestpromises-labtests). \n\nThe `labTestPromises.specimen` is mapped into a FHIR [Specimen](StructureDefinition-VA.MHV.PHR.cbcSpecimen.html) resource that is contained in the DiagnosticReport. The map to [HDR Specimen](StructureDefinition-VA.MHV.PHR.cbcSpecimen-mappings.html#mappings-for-hdr-labtestpromises-specimen-to-mhv-phr-labtestpromises-specimen).\n\nThe use of contained means that we do not need to de-duplicate the lab tests or specimen.\n\nTODO determine impact of the new LOINC report on this topic https://loinc.org/file-access/?download-id=22762 the impact has not been assessed. I followed FHIR US-Core.\n\nThis profile is based on [US-Core DiagnosticReport profile for Laboratory Results Reporting](https://hl7.org/fhir/us/core/StructureDefinition-us-core-diagnosticreport-lab.html) and lab Observations. Following the [US-Core example for CBC](https://www.hl7.org/fhir/us/core/DiagnosticReport-cbc.html)","exampleBoolean":false,"groupingId":"-str-profile"},{"extension":[{"url":"http://hl7.org/fhir/StructureDefinition/implementationguide-page","valueUri":"StructureDefinition-VA.MHV.PHR.cbcSpecimen.html"}],"reference":{"reference":"StructureDefinition/VA.MHV.PHR.cbcSpecimen"},"name":"VA MHV PHR HDR CBC Specimen","description":"A profile showing how the `labTestPromises.specimen` is mapped into a FHIR Specimen.\n\n- This is usually a contained resource, contained in the Lab Report. The use of contained is for simplicity sake and to limit the need to manage Specimen resource instances\n- must have a type \n  - `Specimen.type.text` <- `labTestPromises.specimen.specimenSource`\n- should have a `collectedDateTime` derived from `labTestPromises.specimen.specimenTakenDate`","exampleBoolean":false,"groupingId":"-str-profile"},{"extension":[{"url":"http://hl7.org/fhir/StructureDefinition/implementationguide-page","valueUri":"StructureDefinition-VA.MHV.PHR.cbcTest.html"}],"reference":{"reference":"StructureDefinition/VA.MHV.PHR.cbcTest"},"name":"VA MHV PHR CBC labTest","description":"A profile showing how HDR labTests will be exposed using FHIR API to MyHealtheVet PHR.\n\nOne Observation holds one `labTests`\n- This profile is based on [US-Core Lab](https://hl7.org/fhir/us/core/StructureDefinition-us-core-observation-lab.html)\n- `orderedTestCode -> `.category`\n- 'chemistryResults`\n  - `valueInterpretation` -> `.interpretation` (mock data has `L`, `H`, or absent) (? low, high, normal ?)\n  - `observedStatus` (mock data has `F`, `C`, ) (? final vs preliminary ?)\n  - `testIdentifier` -> `.code`\n  - `referenceRange` -> `.referenceRange`\n  - `labCommentEvents` -> `.note.text`\n  - `observationValue` -> `.valueQuantity.value`\n  - `observationUnits.unit` -> `.valueQuantity.unit`\n  - `observationUnits.code` -> `.valueQuantity.code` - likely need to adjust some\n  - `observationUnits.codingSystem` -> `.valueQuantity.system`\n  - `performingOrganization` -> `.performer`\n- given this is contained in the DiagnosticReport, then \n  - no `.subject` is populated\n  - effective[x] is presumed from the DiagnosticReport\n  - issued is presumed from the DiagnosticReport\n  - specimen is presumed from the DiagnosticReport","exampleBoolean":false,"groupingId":"-str-profile"},{"extension":[{"url":"http://hl7.org/fhir/StructureDefinition/implementationguide-page","valueUri":"StructureDefinition-VA.MHV.PHR.condition.html"}],"reference":{"reference":"StructureDefinition/VA.MHV.PHR.condition"},"name":"VA MHV PHR problems","description":"A profile on the Condition resource for MHV PHR exposing Problems using FHIR API.\n\n- The mock example maps best to VIA_v4.0.7_uat.wsdl. \n- Should be based on US-Core for Condition Resource\n- Presume we will not expose those that are ProblemTO.removed = true\n\nTODO:\n- not clear if the ProblemTO.location is describing, is it evidence?\n- what are the other values for ProblemTO.status\n- not clear what ProblemTO.accuity.tag is\n- not clear what ProblemTo.facility is","exampleBoolean":false,"groupingId":"-str-profile"},{"extension":[{"url":"http://hl7.org/fhir/StructureDefinition/implementationguide-page","valueUri":"StructureDefinition-VA.MHV.PHR.ecg.html"}],"reference":{"reference":"StructureDefinition/VA.MHV.PHR.ecg"},"name":"VA MHV PHR ECG","description":"A profile on the DocumentReference resource for MHV PHR exposing ECG (ClinicalProcedureTO) using FHIR API.\n\n- The mock example maps best to VIA_v4.0.7_uat.wsdl. \n- based on US-Core for Clinical Notes\n- must also have category of [Cardiology (LP29708-2)](https://loinc.org/LP29708-2)\n- .identifier holds the ClinicalProcedureTO.id\n- must have type of LOINC 11524-6\n\nTODO Questions:\n- none","exampleBoolean":false,"groupingId":"-str-profile"},{"extension":[{"url":"http://hl7.org/fhir/StructureDefinition/implementationguide-page","valueUri":"StructureDefinition-VA.MHV.PHR.imaging.html"}],"reference":{"reference":"StructureDefinition/VA.MHV.PHR.imaging"},"name":"VA MHV PHR Radiology","description":"A profile on the DocumentReference resource for MHV PHR exposing Radiology note (ImagingExamTO) using FHIR API.\n\n- The mock example maps best to VIA_v4.0.7_uat.wsdl. \n- based on US-Core for Clinical Notes\n- type LOINC#18748-4 `Diagnostic imaging study`\n- see [mapping](StructureDefinition-VA.MHV.PHR.imaging-mappings.html#mappings-for-vdif-to-mhv-phr-imagingexamto) for details\n- An example of a [transaction Bundle](Bundle-images.html) with many image reports as DocumentReference. This was [transformed using the included XSLT](StructureDefinition-VA.MHV.PHR.imaging.html#notes) from the [mock sample SOAP message](https://github.com/JohnMoehrke/MHV-PHR/blob/main/mocks/radiology.xml) MHV receives.\n\nTODO Questions:\n- some schema elements found in VIA_v4.0.7_uat.wsdl are not mapped here because I can't tell what is in them. Most of them likely have a place to go in the FHIR model, but I need to know more about them.\n  - hasImages\n  - imagingType - always was GENERAL RADIOLOGY\n  - facility - no clear place in DocumentReference. Need to understand this better, is it data best put inside a contained Encounter?\n  - these never appeared in examples\n    - modifiers\n    - clinicalHX\n    - impression\n    - imagingExamTO\n    - reportId","exampleBoolean":false,"groupingId":"-str-profile"},{"extension":[{"url":"http://hl7.org/fhir/StructureDefinition/implementationguide-page","valueUri":"StructureDefinition-VA.MHV.PHR.immunization.html"}],"reference":{"reference":"StructureDefinition/VA.MHV.PHR.immunization"},"name":"VA MHV PHR Immunization","description":"A profile on the Immunization that declares how MHV will expose PHR immunization.\n\n**Proposed mapping not yet approved for implementation**\n\n* Derived off of US-Core Immunization\n  * US-Core already requires: status, vaccineCode, patient, occurance[x], primarySource\n* must point at the patient\n* must have status of completed \n* must have identifier as cross reference to original source\n* must have a code.text or code.coding from a valueset\n  * code.coding should be a CVX but we don't have such.\n  * Might have a CPT code\n* must have a date (occuranceDateTime) the vaccine was administered from the UI\n  * will also be used for recorded date\n* must be indicated this data are not official record (primarySource=false)\n* any reaction is recorded as a contained observation\n* may have a comment note\n* once created will have an id, versionId, lastUpdated.\n* Not sure if text will be populated\n\nMapping from [ImmunizationTO](StructureDefinition-VA.MHV.PHR.immunization-mappings.html#mappings-for-vdif-to-mhv-phr-immunizationto)\n\nTODO Questions: \n- The given mock example aligns with both VIA_v4.0.7_uat.wsdl and mockey-mdws3-service.wsdl. The VIA schema has more elements. The mapping is only for elements that were in both and for which I had an example. Better mapping can be done if specific schema can be identifed, and more rich mock example.\n- reaction appears to be a controlled vocabulary (e.g. FEVER), or is it a number (1-11 - convertReactionCode())?\n- contraindicated -- appears to be a number (e.g. 0). No idea what the values might be or what they might mean\n- id - presuming this is a persisted identifier we can cross-reference with\n- series - this appears to be a controlled vocabulary (e.g. COMPLETE). What are the possible values and what do they mean?\n- encounter - should we convert these to instances of FHIR Encounter?\n- could have function that converts a defined set of ImmunizationTO.name values to proper codes. This might be an advanced feature.","exampleBoolean":false,"groupingId":"-str-profile"},{"extension":[{"url":"http://hl7.org/fhir/StructureDefinition/implementationguide-page","valueUri":"StructureDefinition-VA.MHV.PHR.labReport.html"}],"reference":{"reference":"StructureDefinition/VA.MHV.PHR.labReport"},"name":"VA MHV PHR Lab Report","description":"A profile showing how LabReportTO is mapped into a FHIR DiagnosticReport, Observation, and Specimen.\n\nThe given example aligns with the VIA_v4.0.7_uat.wsdl. LabReportTO, LabTestTO, LabResultTO and LabSpecimenTO\n\nThe LabReportTO is mapped onto this FHIR DiagnosticReport for laboratory reporting. The mapping to [VDIF LabReportTO](StructureDefinition-VA.MHV.PHR.labReport-mappings.html#mappings-for-vdif-to-mhv-phr-labreportto)\n\nThe LabTestTO plus LabResultTO are combined and mapped onto a FHIR [Observation for laboratory result](StructureDefinition-VA.MHV.PHR.labTest.html) that is contained in the DiagnosticReport. The map to [VDIF LabTestTO and LabResultTO](StructureDefinition-VA.MHV.PHR.labTest-mappings.html#mappings-for-vdif-to-mhv-phr-labtestto).\n\nThe LabSpecimen is mapped into a [Specimen](StructureDefinition-VA.MHV.PHR.LabSpecimen.html) resource that is contained in the DiagnosticReport. The map to [VDIF LabSpecimenTO](StructureDefinition-VA.MHV.PHR.LabSpecimen-mappings.html#mappings-for-vdif-to-mhv-phr-labspecimen).\n\nThe use of contained means that we do not need to de-duplicate the lab tests or specimen.\n\nTODO determine impact of the new LOINC report on this topic https://loinc.org/file-access/?download-id=22762 the impact has not been assessed. I followed FHIR US-Core.\n\nTODO confirm: Are there other labReportTO.type values beyond SP, and MI? or is the example limited to just these? We really need to find a legitimate LOINC code for these two kinds of reports. I am not confident of the LOINC code I picked for the MI (LOINC#79381-0), I am slightly more confident of the code I picked for SP (LOINC#60567-5)\n\n- This profile should be based on US-Core DiagnosticReport profile for Laboratory Results Reporting and lab Observations.","exampleBoolean":false,"groupingId":"-str-profile"},{"extension":[{"url":"http://hl7.org/fhir/StructureDefinition/implementationguide-page","valueUri":"StructureDefinition-VA.MHV.PHR.LabSpecimen.html"}],"reference":{"reference":"StructureDefinition/VA.MHV.PHR.LabSpecimen"},"name":"VA MHV PHR Lab Specimen","description":"A profile showing how the `LabSpecimenTO` is mapped into a FHIR Specimen.\n\n- This is a contained resource, contained in the Lab Report or the Lab Test. The use of contained is for simplicity sake and to limit the need to manage Specimen resource instances\n- must have a type \n  - `Specimen.type.text` <- `LabSpecimenTO.name`\n  - type should be a code derived from LabSpecimenTO.name\n- should have a `collectedDateTime` derived from `LabSpecimenTO.collectionDate`\n- may have an `identifier` - `Specimen.identifier` <- `LabSpecimenTO.id`\n  - if no `LabSpecimenTO.id` is given, then the Specimen resource must be contained\n- should have an `accessionIdentifier` derived from `LabSpecimenTO.accessionNum`\n\nTODO questions: \n- examples didn't have much populated\n- not clear what site and facility might contain, so can't tell where they would go\n- some examples are likely FHIR Device (old hardware left foot), so this might change","exampleBoolean":false,"groupingId":"-str-profile"},{"extension":[{"url":"http://hl7.org/fhir/StructureDefinition/implementationguide-page","valueUri":"StructureDefinition-VA.MHV.PHR.labTest.html"}],"reference":{"reference":"StructureDefinition/VA.MHV.PHR.labTest"},"name":"VA MHV PHR labTest","description":"A profile showing how LabTestTO and LabResultTO will be exposed using FHIR API to MyHealtheVet PHR.\n\n- This profile is based on US-Core Lab\n- sometimes a contained Specimen is needed","exampleBoolean":false,"groupingId":"-str-profile"},{"extension":[{"url":"http://hl7.org/fhir/StructureDefinition/implementationguide-page","valueUri":"StructureDefinition-VA.MHV.PHR.location.html"}],"reference":{"reference":"StructureDefinition/VA.MHV.PHR.location"},"name":"VA MHV PHR Location","description":"A profile on the Location resource for MHV PHR exposing Location using FHIR API.\n\n- based on US-Core for Location\n\nMapping to [VDIF HospitalLocationTO](StructureDefinition-VA.MHV.PHR.location-mappings.html#mappings-for-vdif-to-mhv-phr-hospitallocationto).","exampleBoolean":false,"groupingId":"-str-profile"},{"extension":[{"url":"http://hl7.org/fhir/StructureDefinition/implementationguide-page","valueUri":"StructureDefinition-VA.MHV.PHR.note.html"}],"reference":{"reference":"StructureDefinition/VA.MHV.PHR.note"},"name":"VA MHV PHR Notes","description":"A profile on the DocumentReference resource for MHV PHR exposing Notes (NoteTO) using FHIR API.\n\n- The mock example maps best to VIA_v4.0.7_uat.wsdl. \n- based on US-Core for Clinical Notes\n- `type` seems to hold an enum (A, PN, DS). \n  - `A` - LOINC#83320-2 \\\"Allergy and Immunology Adverse event note\\\"\n  - `PN` - LOINC#11505-5 \\\"Physician procedure note\\\"\n  - `DS` - LOINC#18842-5 \\\"Discharge summary\\\"\n  - anything else should be logged as not yet understood\n- not used in DocumentReference\n  - masterIdentifier 0..0\n  - docStatus 0..0\n  - relatesTo 0..0\n  - description 0..0\n  - securityLabel 0..0\n  - content.format 0..0\n  - context.encounter 0..0\n  - context.event 0..0\n  - context.facilityType 0..0\n  - context.practiceSetting 0..0\n  - context.sourcePatientInfo 0..0\n\nTODO Questions:\n- is `standardTitle` or `type` used to differentiate between various note types?\n- `status` might be derived from `NoteTO.status`, but at this point I presume we are only told about current notes and don't know what other `NoteTO.status` values might happen\n- what other `type` values might we see?\n- some schema elements found in VIA_v4.0.7_uat.wsdl are not mapped here because I can't tell what is in them. Most of them likely have a place to go in the FHIR model, but I need to know more about them.\n  - serviceCategory\n  - cosigner\n  - hasAdendum\n  - isAddendum\n  - originalNoteID\n  - hasImages\n  - itemId\n  - signatureTimestamp\n  - consultId\n  - surgicalProcId\n  - prfId\n  - parentId\n  - procTimestamp\n  - subject","exampleBoolean":false,"groupingId":"-str-profile"},{"extension":[{"url":"http://hl7.org/fhir/StructureDefinition/implementationguide-page","valueUri":"StructureDefinition-VA.MHV.PHR.organization.html"}],"reference":{"reference":"StructureDefinition/VA.MHV.PHR.organization"},"name":"VA MHV PHR Organization","description":"A profile on the Organization resource for MHV PHR exposing Organization using FHIR API.\n\n- based on US-Core for Organization\n- used for Lab Site. In FHIR R4, the Lab site needs to go into .performer which can't take a Location. (TechnicalDebt)\n\nMap to [VDIF labSiteID](StructureDefinition-VA.MHV.PHR.organization-mappings.html#mappings-for-vdif-to-mhv-phr-labsiteid)","exampleBoolean":false,"groupingId":"-str-profile"},{"extension":[{"url":"http://hl7.org/fhir/StructureDefinition/implementationguide-page","valueUri":"StructureDefinition-VA.MHV.PHR.patient.html"}],"reference":{"reference":"StructureDefinition/VA.MHV.PHR.patient"},"name":"VA MHV PHR Patient","description":"A profile on the Patient resource for MHV PHR exposing Patient using FHIR API.\n\n- based on US-Core for Patient\n- record the ICN value into the Patient.identifier\n  - seems other ID values are possible too such as mpiPID, localPID, SSN.\n- some elements could be converted into `codes` but doing minimal translation. \n- notes given example\n  - dropping age as not useful in persisted data, prefer dob\n  - dropping occupation - could be recorded as SDOH Observation\n  - dropping confidentiality flag - not sure the meaning - could be .meta.security\n  - dropping patientFlags - not sure the meaning\n  - dropping activeInsurance - could go into Account resource - could go in extension as text blob\n  - dropping currentMeansStatus\n  - dropping elegibilityCode\n\nMapping to [VDIF PatientTO](StructureDefinition-VA.MHV.PHR.patient-mappings.html#mappings-for-vdif-to-mhv-phr-patientto)","exampleBoolean":false,"groupingId":"-str-profile"},{"extension":[{"url":"http://hl7.org/fhir/StructureDefinition/implementationguide-page","valueUri":"StructureDefinition-VA.MHV.PHR.practitioner.html"}],"reference":{"reference":"StructureDefinition/VA.MHV.PHR.practitioner"},"name":"VA MHV PHR Practitioner","description":"A profile on the Practitioner resource for MHV PHR exposing Practitioner using FHIR API.\n\n- based on US-Core for Practitioner\n- used for UserTO, and AuthorTO\n- might be used for PersonTO or is that RelatedPerson?\n\nMapping to [VDIF UserTO](StructureDefinition-VA.MHV.PHR.practitioner-mappings.html#mappings-for-vdif-to-mhv-phr-userto) and [VDIF AuthorTO](StructureDefinition-VA.MHV.PHR.practitioner-mappings.html#mappings-for-vdif-to-mhv-phr-authorto)","exampleBoolean":false,"groupingId":"-str-profile"},{"extension":[{"url":"http://hl7.org/fhir/StructureDefinition/implementationguide-page","valueUri":"StructureDefinition-VA.MHV.PHR.vitals.html"}],"reference":{"reference":"StructureDefinition/VA.MHV.PHR.vitals"},"name":"VA MHV PHR Vital-Signs","description":"A profile on the Observation resource for MHV PHR exposing Vital-Signs using FHIR API.\n\n- The mock example maps best to VIA_v4.0.7_uat.wsdl.\n- Should be based on US-Core for Vital-Signs Observation Resource\n- status of `final`\n- category code of `vital-signs`\n- code should be LOINC if available\n  - [Concept Map from VitalSignTO.type.name to LOINC code](ConceptMap-ObservationTypeTOVsLoincCode.html)\n  - note some of these codes are high confidence, many are not\n- patient\n- Not preserving the VitalSignTO.low and .high as they are referenceRange\n- value\n  - Blood Pressure - no `.value[x]`, but has `.component`\n  - Pain - `.valueInteger`\n  - Those with units use `.valueQuantity` else `.valueString`\n- value units\n  - There is a units within the data, and it seems mostly to be the proper code from the proper code system UCUM\n  - some units are not proper formal UCUM, so I had to fix `lb` and `in` - [Utility UCUM](utility.html)","exampleBoolean":false,"groupingId":"-str-profile"},{"extension":[{"url":"http://hl7.org/fhir/StructureDefinition/implementationguide-page","valueUri":"StructureDefinition-VA.MHV.PHR.vitalsBP.html"}],"reference":{"reference":"StructureDefinition/VA.MHV.PHR.vitalsBP"},"name":"VA MHV PHR Vital-Signs for Blood Pressure","description":"A profile on the Observation resource for Blood Pressure\n\n- Used only with Blood-Pressure\n- Should be based on US-Core for Vital-Signs Observation Resource\n- status of `final`\n- category code of `vital-signs`\n- code should be LOINC if available\n  - [Concept Map from VitalSignTO.type.name to LOINC code](ConceptMap-ObservationTypeTOVsLoincCode.html)\n- patient\n- Not preserving the VitalSignTO.low and .high as they are referenceRange\n- Blood Pressure in the mock examples is triple recorded: First with both values, Second with just Systolic, Third with Diastolic. There only seems to be a nearness relationship. Note that only the first one has a type.id. So I recommend we use only the first, and split the values out. Note no pulse is recorded.\n  - Blood Pressure is recorded with `.component` rather than `.value[x]`","exampleBoolean":false,"groupingId":"-str-profile"},{"extension":[{"url":"http://hl7.org/fhir/StructureDefinition/implementationguide-page","valueUri":"StructureDefinition-VA.MHV.PHR.vitalsPain.html"}],"reference":{"reference":"StructureDefinition/VA.MHV.PHR.vitalsPain"},"name":"VA MHV PHR Vital-Signs for PAIN","description":"A profile on the Observation resource for Pain\n\n- Should be based on US-Core for Vital-Signs Observation Resource\n- status of `final`\n- category code of `vital-signs`\n- code should be LOINC if available\n  - [Concept Map from VitalSignTO.type.name to LOINC code](ConceptMap-ObservationTypeTOVsLoincCode.html)\n- patient\n- Not preserving the VitalSignTO.low and .high as they are referenceRange\n- Note the pain integer is stored in quantity, as that is what PGHD has been using.","exampleBoolean":false,"groupingId":"-str-profile"},{"extension":[{"url":"http://hl7.org/fhir/StructureDefinition/implementationguide-page","valueUri":"ValueSet-LabReportVS.html"}],"reference":{"reference":"ValueSet/LabReportVS"},"name":"Known Lab Report types","description":"Lab Report types","exampleBoolean":false,"groupingId":"-term-valueset"},{"extension":[{"url":"http://hl7.org/fhir/StructureDefinition/implementationguide-page","valueUri":"ValueSet-NoteTypeVS.html"}],"reference":{"reference":"ValueSet/NoteTypeVS"},"name":"Known Note types","description":"Note types","exampleBoolean":false,"groupingId":"-term-valueset"},{"extension":[{"url":"http://hl7.org/fhir/StructureDefinition/implementationguide-page","valueUri":"CapabilityStatement-MHVcapabilities.html"}],"reference":{"reference":"CapabilityStatement/MHVcapabilities"},"name":"MHVcapabilities","description":"CapabilityStatement prototype for MHV as a FHIR Server exposing PHR data","exampleBoolean":false,"groupingId":"-dyn-capabilitystatement"},{"extension":[{"url":"http://hl7.org/fhir/StructureDefinition/implementationguide-page","valueUri":"ConceptMap-ObservationTypeTOVsLoincCode.html"}],"reference":{"reference":"ConceptMap/ObservationTypeTOVsLoincCode"},"name":"Vital Sign ObservationTypeTO.name to Loinc Code","description":"map between VitalSignTO.type(ObservationTypeTO.name) string and LOINC code.","exampleBoolean":false,"groupingId":"-map-conceptmap"},{"extension":[{"url":"http://hl7.org/fhir/StructureDefinition/implementationguide-page","valueUri":"Condition-ex-MHV-condition-1.html"}],"reference":{"reference":"Condition/ex-MHV-condition-1"},"name":"Example 1 of an MHV condition","description":"Example from a mock ProblemTO","exampleCanonical":"https://johnmoehrke.github.io/MHV-PHR/StructureDefinition/VA.MHV.PHR.condition","groupingId":"-ex-example"},{"extension":[{"url":"http://hl7.org/fhir/StructureDefinition/implementationguide-page","valueUri":"Condition-ex-MHV-condition-10.html"}],"reference":{"reference":"Condition/ex-MHV-condition-10"},"name":"Example 10 of an MHV condition","description":"Example from a mock ProblemTO","exampleCanonical":"https://johnmoehrke.github.io/MHV-PHR/StructureDefinition/VA.MHV.PHR.condition","groupingId":"-ex-example"},{"extension":[{"url":"http://hl7.org/fhir/StructureDefinition/implementationguide-page","valueUri":"Condition-ex-MHV-condition-11.html"}],"reference":{"reference":"Condition/ex-MHV-condition-11"},"name":"Example 11 of an MHV condition","description":"Example from a mock ProblemTO","exampleCanonical":"https://johnmoehrke.github.io/MHV-PHR/StructureDefinition/VA.MHV.PHR.condition","groupingId":"-ex-example"},{"extension":[{"url":"http://hl7.org/fhir/StructureDefinition/implementationguide-page","valueUri":"Condition-ex-MHV-condition-2.html"}],"reference":{"reference":"Condition/ex-MHV-condition-2"},"name":"Example 2 of an MHV condition","description":"Example from a mock ProblemTO","exampleCanonical":"https://johnmoehrke.github.io/MHV-PHR/StructureDefinition/VA.MHV.PHR.condition","groupingId":"-ex-example"},{"extension":[{"url":"http://hl7.org/fhir/StructureDefinition/implementationguide-page","valueUri":"Condition-ex-MHV-condition-3.html"}],"reference":{"reference":"Condition/ex-MHV-condition-3"},"name":"Example 3 of an MHV condition","description":"Example from a mock ProblemTO","exampleCanonical":"https://johnmoehrke.github.io/MHV-PHR/StructureDefinition/VA.MHV.PHR.condition","groupingId":"-ex-example"},{"extension":[{"url":"http://hl7.org/fhir/StructureDefinition/implementationguide-page","valueUri":"Condition-ex-MHV-condition-4.html"}],"reference":{"reference":"Condition/ex-MHV-condition-4"},"name":"Example 4 of an MHV condition","description":"Example from a mock ProblemTO","exampleCanonical":"https://johnmoehrke.github.io/MHV-PHR/StructureDefinition/VA.MHV.PHR.condition","groupingId":"-ex-example"},{"extension":[{"url":"http://hl7.org/fhir/StructureDefinition/implementationguide-page","valueUri":"Condition-ex-MHV-condition-5.html"}],"reference":{"reference":"Condition/ex-MHV-condition-5"},"name":"Example 5 of an MHV condition","description":"Example from a mock ProblemTO","exampleCanonical":"https://johnmoehrke.github.io/MHV-PHR/StructureDefinition/VA.MHV.PHR.condition","groupingId":"-ex-example"},{"extension":[{"url":"http://hl7.org/fhir/StructureDefinition/implementationguide-page","valueUri":"Condition-ex-MHV-condition-6.html"}],"reference":{"reference":"Condition/ex-MHV-condition-6"},"name":"Example 6 of an MHV condition","description":"Example from a mock ProblemTO","exampleCanonical":"https://johnmoehrke.github.io/MHV-PHR/StructureDefinition/VA.MHV.PHR.condition","groupingId":"-ex-example"},{"extension":[{"url":"http://hl7.org/fhir/StructureDefinition/implementationguide-page","valueUri":"Condition-ex-MHV-condition-7.html"}],"reference":{"reference":"Condition/ex-MHV-condition-7"},"name":"Example 7 of an MHV condition","description":"Example from a mock ProblemTO","exampleCanonical":"https://johnmoehrke.github.io/MHV-PHR/StructureDefinition/VA.MHV.PHR.condition","groupingId":"-ex-example"},{"extension":[{"url":"http://hl7.org/fhir/StructureDefinition/implementationguide-page","valueUri":"Condition-ex-MHV-condition-8.html"}],"reference":{"reference":"Condition/ex-MHV-condition-8"},"name":"Example 8 of an MHV condition","description":"Example from a mock ProblemTO","exampleCanonical":"https://johnmoehrke.github.io/MHV-PHR/StructureDefinition/VA.MHV.PHR.condition","groupingId":"-ex-example"},{"extension":[{"url":"http://hl7.org/fhir/StructureDefinition/implementationguide-page","valueUri":"Condition-ex-MHV-condition-9.html"}],"reference":{"reference":"Condition/ex-MHV-condition-9"},"name":"Example 9 of an MHV condition","description":"Example from a mock ProblemTO","exampleCanonical":"https://johnmoehrke.github.io/MHV-PHR/StructureDefinition/VA.MHV.PHR.condition","groupingId":"-ex-example"},{"extension":[{"url":"http://hl7.org/fhir/StructureDefinition/implementationguide-page","valueUri":"DocumentReference-ex-MHV-ecg-0.html"}],"reference":{"reference":"DocumentReference/ex-MHV-ecg-0"},"name":"Example 0 of a MHV ECG","description":"Derived from the a mock ClinicalProcedureTO:","exampleCanonical":"https://johnmoehrke.github.io/MHV-PHR/StructureDefinition/VA.MHV.PHR.ecg","groupingId":"-ex-example"},{"extension":[{"url":"http://hl7.org/fhir/StructureDefinition/implementationguide-page","valueUri":"DocumentReference-ex-MHV-ecg-1.html"}],"reference":{"reference":"DocumentReference/ex-MHV-ecg-1"},"name":"Example 1 of a MHV ECG","description":"Derived from the a mock ClinicalProcedureTO:","exampleCanonical":"https://johnmoehrke.github.io/MHV-PHR/StructureDefinition/VA.MHV.PHR.ecg","groupingId":"-ex-example"},{"extension":[{"url":"http://hl7.org/fhir/StructureDefinition/implementationguide-page","valueUri":"DocumentReference-ex-MHV-ecg-2.html"}],"reference":{"reference":"DocumentReference/ex-MHV-ecg-2"},"name":"Example 2 of a MHV ECG","description":"Derived from the a mock ClinicalProcedureTO:","exampleCanonical":"https://johnmoehrke.github.io/MHV-PHR/StructureDefinition/VA.MHV.PHR.ecg","groupingId":"-ex-example"},{"extension":[{"url":"http://hl7.org/fhir/StructureDefinition/implementationguide-page","valueUri":"DocumentReference-ex-MHV-ecg-3.html"}],"reference":{"reference":"DocumentReference/ex-MHV-ecg-3"},"name":"Example 3 of a MHV ECG","description":"Derived from the a mock ClinicalProcedureTO:","exampleCanonical":"https://johnmoehrke.github.io/MHV-PHR/StructureDefinition/VA.MHV.PHR.ecg","groupingId":"-ex-example"},{"extension":[{"url":"http://hl7.org/fhir/StructureDefinition/implementationguide-page","valueUri":"DocumentReference-ex-MHV-ecg-4.html"}],"reference":{"reference":"DocumentReference/ex-MHV-ecg-4"},"name":"Example 4 of a MHV ECG","description":"Derived from the a mock ClinicalProcedureTO:","exampleCanonical":"https://johnmoehrke.github.io/MHV-PHR/StructureDefinition/VA.MHV.PHR.ecg","groupingId":"-ex-example"},{"extension":[{"url":"http://hl7.org/fhir/StructureDefinition/implementationguide-page","valueUri":"DocumentReference-ex-MHV-ecg-5.html"}],"reference":{"reference":"DocumentReference/ex-MHV-ecg-5"},"name":"Example 5 of a MHV ECG","description":"Derived from the a mock ClinicalProcedureTO:","exampleCanonical":"https://johnmoehrke.github.io/MHV-PHR/StructureDefinition/VA.MHV.PHR.ecg","groupingId":"-ex-example"},{"extension":[{"url":"http://hl7.org/fhir/StructureDefinition/implementationguide-page","valueUri":"Observation-ex-MHV-heartRate-1.html"}],"reference":{"reference":"Observation/ex-MHV-heartRate-1"},"name":"Example of an MHV heartRate R4 observation","description":"Heart Rate holding typical values","exampleCanonical":"https://johnmoehrke.github.io/MHV-PHR/StructureDefinition/VA.MHV.PHR.vitals","groupingId":"-ex-example"},{"extension":[{"url":"http://hl7.org/fhir/StructureDefinition/implementationguide-page","valueUri":"DocumentReference-ex-MHV-imaging-0.html"}],"reference":{"reference":"DocumentReference/ex-MHV-imaging-0"},"name":"Example 0 of a MHV Radiology (Imaging Exam)","description":"Derived from the a mock ImagingExamTO:","exampleCanonical":"https://johnmoehrke.github.io/MHV-PHR/StructureDefinition/VA.MHV.PHR.imaging","groupingId":"-ex-example"},{"extension":[{"url":"http://hl7.org/fhir/StructureDefinition/implementationguide-page","valueUri":"Immunization-ex-MHV-immunization-1.html"}],"reference":{"reference":"Immunization/ex-MHV-immunization-1"},"name":"Example 1 of an MHV immunization","description":"Example from a mock ImmunizationTO","exampleCanonical":"https://johnmoehrke.github.io/MHV-PHR/StructureDefinition/VA.MHV.PHR.immunization","groupingId":"-ex-example"},{"extension":[{"url":"http://hl7.org/fhir/StructureDefinition/implementationguide-page","valueUri":"Immunization-ex-MHV-immunization-2.html"}],"reference":{"reference":"Immunization/ex-MHV-immunization-2"},"name":"Example 2 of an MHV immunization","description":"Example from a mock ImmunizationTO","exampleCanonical":"https://johnmoehrke.github.io/MHV-PHR/StructureDefinition/VA.MHV.PHR.immunization","groupingId":"-ex-example"},{"extension":[{"url":"http://hl7.org/fhir/StructureDefinition/implementationguide-page","valueUri":"DiagnosticReport-ex-MHV-labReport-1.html"}],"reference":{"reference":"DiagnosticReport/ex-MHV-labReport-1"},"name":"Example 1 of an MHV labReport","description":"Example from a mock labReportTO","exampleCanonical":"https://johnmoehrke.github.io/MHV-PHR/StructureDefinition/VA.MHV.PHR.labReport","groupingId":"-ex-example"},{"extension":[{"url":"http://hl7.org/fhir/StructureDefinition/implementationguide-page","valueUri":"DiagnosticReport-ex-MHV-labReport-2.html"}],"reference":{"reference":"DiagnosticReport/ex-MHV-labReport-2"},"name":"Example 2 of an MHV labReport","description":"Example from a mock labReportTO","exampleCanonical":"https://johnmoehrke.github.io/MHV-PHR/StructureDefinition/VA.MHV.PHR.labReport","groupingId":"-ex-example"},{"extension":[{"url":"http://hl7.org/fhir/StructureDefinition/implementationguide-page","valueUri":"DiagnosticReport-ex-MHV-labReport-3.html"}],"reference":{"reference":"DiagnosticReport/ex-MHV-labReport-3"},"name":"Example 3 of an MHV labReport","description":"Example from a mock labReportTO","exampleCanonical":"https://johnmoehrke.github.io/MHV-PHR/StructureDefinition/VA.MHV.PHR.labReport","groupingId":"-ex-example"},{"extension":[{"url":"http://hl7.org/fhir/StructureDefinition/implementationguide-page","valueUri":"DiagnosticReport-ex-MHV-labReport-4.html"}],"reference":{"reference":"DiagnosticReport/ex-MHV-labReport-4"},"name":"Example 4 of an MHV labReport","description":"Example from a mock labReportTO","exampleCanonical":"https://johnmoehrke.github.io/MHV-PHR/StructureDefinition/VA.MHV.PHR.labReport","groupingId":"-ex-example"},{"extension":[{"url":"http://hl7.org/fhir/StructureDefinition/implementationguide-page","valueUri":"DiagnosticReport-ex-MHV-labReport-5.html"}],"reference":{"reference":"DiagnosticReport/ex-MHV-labReport-5"},"name":"Example 5 of an MHV labReport","description":"Example from a mock labReportTO","exampleCanonical":"https://johnmoehrke.github.io/MHV-PHR/StructureDefinition/VA.MHV.PHR.labReport","groupingId":"-ex-example"},{"extension":[{"url":"http://hl7.org/fhir/StructureDefinition/implementationguide-page","valueUri":"DiagnosticReport-ex-MHV-labReport-6.html"}],"reference":{"reference":"DiagnosticReport/ex-MHV-labReport-6"},"name":"Example 6 of an MHV labReport","description":"Example from a mock labReportTO","exampleCanonical":"https://johnmoehrke.github.io/MHV-PHR/StructureDefinition/VA.MHV.PHR.labReport","groupingId":"-ex-example"},{"extension":[{"url":"http://hl7.org/fhir/StructureDefinition/implementationguide-page","valueUri":"DiagnosticReport-ex-MHV-labReport-7.html"}],"reference":{"reference":"DiagnosticReport/ex-MHV-labReport-7"},"name":"Example 7 of an MHV labReport","description":"Example from a mock labReportTO","exampleCanonical":"https://johnmoehrke.github.io/MHV-PHR/StructureDefinition/VA.MHV.PHR.labReport","groupingId":"-ex-example"},{"extension":[{"url":"http://hl7.org/fhir/StructureDefinition/implementationguide-page","valueUri":"DiagnosticReport-ex-MHV-labReport-8.html"}],"reference":{"reference":"DiagnosticReport/ex-MHV-labReport-8"},"name":"Example 8 of an MHV labReport","description":"Example from a mock labReportTO","exampleCanonical":"https://johnmoehrke.github.io/MHV-PHR/StructureDefinition/VA.MHV.PHR.labReport","groupingId":"-ex-example"},{"extension":[{"url":"http://hl7.org/fhir/StructureDefinition/implementationguide-page","valueUri":"Location-ex-MHV-location-2938.html"}],"reference":{"reference":"Location/ex-MHV-location-2938"},"name":"Location PCT_O PATIL (F/U)","description":"This example derived off of a mock VitalSignTO","exampleCanonical":"https://johnmoehrke.github.io/MHV-PHR/StructureDefinition/VA.MHV.PHR.location","groupingId":"-ex-example"},{"extension":[{"url":"http://hl7.org/fhir/StructureDefinition/implementationguide-page","valueUri":"Location-ex-MHV-location-552.html"}],"reference":{"reference":"Location/ex-MHV-location-552"},"name":"Location DAYTON Lab","description":"This example derived off of a mock NoteTO","exampleCanonical":"https://johnmoehrke.github.io/MHV-PHR/StructureDefinition/VA.MHV.PHR.location","groupingId":"-ex-example"},{"extension":[{"url":"http://hl7.org/fhir/StructureDefinition/implementationguide-page","valueUri":"Location-ex-MHV-location-984.html"}],"reference":{"reference":"Location/ex-MHV-location-984"},"name":"Location DAYTSHR TEST Lab","description":"This example derived off of a mock HospitalLocationTO","exampleCanonical":"https://johnmoehrke.github.io/MHV-PHR/StructureDefinition/VA.MHV.PHR.location","groupingId":"-ex-example"},{"extension":[{"url":"http://hl7.org/fhir/StructureDefinition/implementationguide-page","valueUri":"Location-ex-MHV-location-989.html"}],"reference":{"reference":"Location/ex-MHV-location-989"},"name":"Location DAYT29 TEST Lab","description":"This example derived off of a mock ClinicalProcedureTO","exampleCanonical":"https://johnmoehrke.github.io/MHV-PHR/StructureDefinition/VA.MHV.PHR.location","groupingId":"-ex-example"},{"extension":[{"url":"http://hl7.org/fhir/StructureDefinition/implementationguide-page","valueUri":"DocumentReference-ex-MHV-note-0.html"}],"reference":{"reference":"DocumentReference/ex-MHV-note-0"},"name":"Example 0 of a MHV Note","description":"Derived from the a mock NoteTO:","exampleCanonical":"https://johnmoehrke.github.io/MHV-PHR/StructureDefinition/VA.MHV.PHR.note","groupingId":"-ex-example"},{"extension":[{"url":"http://hl7.org/fhir/StructureDefinition/implementationguide-page","valueUri":"DocumentReference-ex-MHV-note-1.html"}],"reference":{"reference":"DocumentReference/ex-MHV-note-1"},"name":"Example 1 of a MHV Note","description":"Derived from the a mock NoteTO:","exampleCanonical":"https://johnmoehrke.github.io/MHV-PHR/StructureDefinition/VA.MHV.PHR.note","groupingId":"-ex-example"},{"extension":[{"url":"http://hl7.org/fhir/StructureDefinition/implementationguide-page","valueUri":"DocumentReference-ex-MHV-note-2.html"}],"reference":{"reference":"DocumentReference/ex-MHV-note-2"},"name":"Example 2 of a MHV Note","description":"Derived from the a mock NoteTO:","exampleCanonical":"https://johnmoehrke.github.io/MHV-PHR/StructureDefinition/VA.MHV.PHR.note","groupingId":"-ex-example"},{"extension":[{"url":"http://hl7.org/fhir/StructureDefinition/implementationguide-page","valueUri":"DocumentReference-ex-MHV-note-3.html"}],"reference":{"reference":"DocumentReference/ex-MHV-note-3"},"name":"Example 3 of a MHV Note","description":"Derived from the a mock NoteTO:","exampleCanonical":"https://johnmoehrke.github.io/MHV-PHR/StructureDefinition/VA.MHV.PHR.note","groupingId":"-ex-example"},{"extension":[{"url":"http://hl7.org/fhir/StructureDefinition/implementationguide-page","valueUri":"DocumentReference-ex-MHV-note-4.html"}],"reference":{"reference":"DocumentReference/ex-MHV-note-4"},"name":"Example 4 of a MHV Note","description":"Derived from the a mock NoteTO:\n\nNote dropped cosigner","exampleCanonical":"https://johnmoehrke.github.io/MHV-PHR/StructureDefinition/VA.MHV.PHR.note","groupingId":"-ex-example"},{"extension":[{"url":"http://hl7.org/fhir/StructureDefinition/implementationguide-page","valueUri":"Organization-ex-MHV-organization-989.html"}],"reference":{"reference":"Organization/ex-MHV-organization-989"},"name":"Organization lab site 989","description":"This example derived off of a mock diagnostic report","exampleCanonical":"https://johnmoehrke.github.io/MHV-PHR/StructureDefinition/VA.MHV.PHR.organization","groupingId":"-ex-example"},{"extension":[{"url":"http://hl7.org/fhir/StructureDefinition/implementationguide-page","valueUri":"Observation-ex-MHV-pain-1.html"}],"reference":{"reference":"Observation/ex-MHV-pain-1"},"name":"Example of a MHV pain R4 observation of 10","description":"holding typical values","exampleCanonical":"https://johnmoehrke.github.io/MHV-PHR/StructureDefinition/VA.MHV.PHR.vitalsPain","groupingId":"-ex-example"},{"extension":[{"url":"http://hl7.org/fhir/StructureDefinition/implementationguide-page","valueUri":"Patient-ex-MHV-patient-0.html"}],"reference":{"reference":"Patient/ex-MHV-patient-0"},"name":"Example MHVLISAONE from PatientTO","description":"This example is derived off of a mock PatientTO","exampleCanonical":"https://johnmoehrke.github.io/MHV-PHR/StructureDefinition/VA.MHV.PHR.patient","groupingId":"-ex-example"},{"extension":[{"url":"http://hl7.org/fhir/StructureDefinition/implementationguide-page","valueUri":"Patient-ex-MHV-patient-1.html"}],"reference":{"reference":"Patient/ex-MHV-patient-1"},"name":"Example DAYSHR from PatientTO","description":"This example is derived off of a mock PatientTO","exampleCanonical":"https://johnmoehrke.github.io/MHV-PHR/StructureDefinition/VA.MHV.PHR.patient","groupingId":"-ex-example"},{"extension":[{"url":"http://hl7.org/fhir/StructureDefinition/implementationguide-page","valueUri":"Patient-ex-MHV-patient-2.html"}],"reference":{"reference":"Patient/ex-MHV-patient-2"},"name":"Example ROBERT from PatientTO","description":"This example is derived off of a mock PatientTO","exampleCanonical":"https://johnmoehrke.github.io/MHV-PHR/StructureDefinition/VA.MHV.PHR.patient","groupingId":"-ex-example"},{"extension":[{"url":"http://hl7.org/fhir/StructureDefinition/implementationguide-page","valueUri":"Practitioner-ex-MHV-practitioner.html"}],"reference":{"reference":"Practitioner/ex-MHV-practitioner"},"name":"Example Practitioner","description":"holding typical values","exampleCanonical":"https://johnmoehrke.github.io/MHV-PHR/StructureDefinition/VA.MHV.PHR.practitioner","groupingId":"-ex-example"},{"extension":[{"url":"http://hl7.org/fhir/StructureDefinition/implementationguide-page","valueUri":"Practitioner-ex-MHV-practitioner-110.html"}],"reference":{"reference":"Practitioner/ex-MHV-practitioner-110"},"name":"Example Practitoner 110","description":"Phyllis Mangas","exampleCanonical":"https://johnmoehrke.github.io/MHV-PHR/StructureDefinition/VA.MHV.PHR.practitioner","groupingId":"-ex-example"},{"extension":[{"url":"http://hl7.org/fhir/StructureDefinition/implementationguide-page","valueUri":"Practitioner-ex-MHV-practitioner-22572.html"}],"reference":{"reference":"Practitioner/ex-MHV-practitioner-22572"},"name":"Example Practitoner 22572","description":"Phyllis Mangas","exampleCanonical":"https://johnmoehrke.github.io/MHV-PHR/StructureDefinition/VA.MHV.PHR.practitioner","groupingId":"-ex-example"},{"extension":[{"url":"http://hl7.org/fhir/StructureDefinition/implementationguide-page","valueUri":"Practitioner-ex-MHV-practitioner-36556.html"}],"reference":{"reference":"Practitioner/ex-MHV-practitioner-36556"},"name":"Example Practitoner 36556","description":"Maruf Ahmed","exampleCanonical":"https://johnmoehrke.github.io/MHV-PHR/StructureDefinition/VA.MHV.PHR.practitioner","groupingId":"-ex-example"},{"extension":[{"url":"http://hl7.org/fhir/StructureDefinition/implementationguide-page","valueUri":"Practitioner-ex-MHV-practitioner-37569.html"}],"reference":{"reference":"Practitioner/ex-MHV-practitioner-37569"},"name":"Example Practitoner 37569","description":"Muazzam Khan","exampleCanonical":"https://johnmoehrke.github.io/MHV-PHR/StructureDefinition/VA.MHV.PHR.practitioner","groupingId":"-ex-example"},{"extension":[{"url":"http://hl7.org/fhir/StructureDefinition/implementationguide-page","valueUri":"Practitioner-ex-MHV-practitioner-4262.html"}],"reference":{"reference":"Practitioner/ex-MHV-practitioner-4262"},"name":"Example Practitoner 4262","description":"Phyllis Mangas","exampleCanonical":"https://johnmoehrke.github.io/MHV-PHR/StructureDefinition/VA.MHV.PHR.practitioner","groupingId":"-ex-example"},{"extension":[{"url":"http://hl7.org/fhir/StructureDefinition/implementationguide-page","valueUri":"Practitioner-ex-MHV-practitioner-6051.html"}],"reference":{"reference":"Practitioner/ex-MHV-practitioner-6051"},"name":"Example Practitoner 6051","description":"Phyllis Mangas","exampleCanonical":"https://johnmoehrke.github.io/MHV-PHR/StructureDefinition/VA.MHV.PHR.practitioner","groupingId":"-ex-example"},{"extension":[{"url":"http://hl7.org/fhir/StructureDefinition/implementationguide-page","valueUri":"Observation-ex-MHV-vitals-1.html"}],"reference":{"reference":"Observation/ex-MHV-vitals-1"},"name":"Example 1 of an MHV vital-sign","description":"Example from a mock VitalSignTO","exampleCanonical":"https://johnmoehrke.github.io/MHV-PHR/StructureDefinition/VA.MHV.PHR.vitalsBP","groupingId":"-ex-example"},{"extension":[{"url":"http://hl7.org/fhir/StructureDefinition/implementationguide-page","valueUri":"Bundle-images.html"}],"reference":{"reference":"Bundle/images"},"name":"Bundle of Radiology results from mock data","description":"An example of a transaction Bundle with many image reports as DocumentReference. This was [transformed using the included XSLT](StructureDefinition-VA.MHV.PHR.imaging.html#notes) from the [mock sample SOAP message](https://github.com/JohnMoehrke/MHV-PHR/blob/main/mocks/radiology.xml) MHV receives.","exampleBoolean":true,"groupingId":"-ex-example"},{"extension":[{"url":"http://hl7.org/fhir/StructureDefinition/implementationguide-page","valueUri":"Bundle-vitals.html"}],"reference":{"reference":"Bundle/vitals"},"name":"Bundle of Vitals from mock data","description":"An example of a transaction Bundle with many vitals reports as Observation This was [transformed using the included XSLT](StructureDefinition-VA.MHV.PHR.vitals.html#notes) from the [mock sample SOAP message](https://github.com/JohnMoehrke/MHV-PHR/blob/main/mocks/vitals.xml) MHV receives.","exampleBoolean":true,"groupingId":"-ex-example"}],"page":{"extension":[{"url":"http://hl7.org/fhir/StructureDefinition/structuredefinition-standards-status","valueCode":"informative"},{"url":"http://hl7.org/fhir/tools/StructureDefinition/ig-page-name","valueUrl":"toc.html"}],"nameUrl":"toc.html","title":"Table of Contents","generation":"html","page":[{"extension":[{"url":"http://hl7.org/fhir/StructureDefinition/structuredefinition-standards-status","valueCode":"informative"},{"url":"http://hl7.org/fhir/tools/StructureDefinition/ig-page-name","valueUrl":"index.html"}],"nameUrl":"index.html","title":"Home Page","generation":"markdown"},{"extension":[{"url":"http://hl7.org/fhir/StructureDefinition/structuredefinition-standards-status","valueCode":"informative"},{"url":"http://hl7.org/fhir/tools/StructureDefinition/ig-page-name","valueUrl":"background.html"}],"nameUrl":"background.html","title":"Background","generation":"markdown"},{"extension":[{"url":"http://hl7.org/fhir/StructureDefinition/structuredefinition-standards-status","valueCode":"informative"},{"url":"http://hl7.org/fhir/tools/StructureDefinition/ig-page-name","valueUrl":"utility.html"}],"nameUrl":"utility.html","title":"Utility Functions","generation":"markdown"},{"extension":[{"url":"http://hl7.org/fhir/StructureDefinition/structuredefinition-standards-status","valueCode":"informative"},{"url":"http://hl7.org/fhir/tools/StructureDefinition/ig-page-name","valueUrl":"ConvertDate.html"}],"nameUrl":"ConvertDate.html","title":"ConvertDate()","generation":"markdown"},{"extension":[{"url":"http://hl7.org/fhir/StructureDefinition/structuredefinition-standards-status","valueCode":"informative"},{"url":"http://hl7.org/fhir/tools/StructureDefinition/ig-page-name","valueUrl":"identifier.html"}],"nameUrl":"identifier.html","title":"Id vs Identifier","generation":"markdown"},{"extension":[{"url":"http://hl7.org/fhir/StructureDefinition/structuredefinition-standards-status","valueCode":"informative"},{"url":"http://hl7.org/fhir/tools/StructureDefinition/ig-page-name","valueUrl":"vitals.html"}],"nameUrl":"vitals.html","title":"Vitals","generation":"markdown"},{"extension":[{"url":"http://hl7.org/fhir/StructureDefinition/structuredefinition-standards-status","valueCode":"informative"},{"url":"http://hl7.org/fhir/tools/StructureDefinition/ig-page-name","valueUrl":"testplan.html"}],"nameUrl":"testplan.html","title":"Test Plan","generation":"markdown"},{"extension":[{"url":"http://hl7.org/fhir/StructureDefinition/structuredefinition-standards-status","valueCode":"informative"},{"url":"http://hl7.org/fhir/tools/StructureDefinition/ig-page-name","valueUrl":"downloads.html"}],"nameUrl":"downloads.html","title":"Downloads","generation":"markdown"},{"extension":[{"url":"http://hl7.org/fhir/tools/StructureDefinition/ig-page-name","valueUrl":"artifacts.html"}],"nameUrl":"artifacts.html","title":"Artifacts Summary","generation":"html","page":[{"extension":[{"url":"http://hl7.org/fhir/tools/StructureDefinition/ig-page-name","valueUrl":"CapabilityStatement-MHVcapabilities.html"}],"nameUrl":"CapabilityStatement-MHVcapabilities.html","title":"MHVcapabilities","generation":"generated"},{"extension":[{"url":"http://hl7.org/fhir/tools/StructureDefinition/ig-page-name","valueUrl":"StructureDefinition-VA.MHV.PHR.allergyIntolerance.html"}],"nameUrl":"StructureDefinition-VA.MHV.PHR.allergyIntolerance.html","title":"VA MHV PHR Allergy and Intolerance","generation":"generated"},{"extension":[{"url":"http://hl7.org/fhir/tools/StructureDefinition/ig-page-name","valueUrl":"StructureDefinition-VA.MHV.PHR.cbcReport.html"}],"nameUrl":"StructureDefinition-VA.MHV.PHR.cbcReport.html","title":"VA MHV PHR HDR CBC Report","generation":"generated"},{"extension":[{"url":"http://hl7.org/fhir/tools/StructureDefinition/ig-page-name","valueUrl":"StructureDefinition-VA.MHV.PHR.cbcSpecimen.html"}],"nameUrl":"StructureDefinition-VA.MHV.PHR.cbcSpecimen.html","title":"VA MHV PHR HDR CBC Specimen","generation":"generated"},{"extension":[{"url":"http://hl7.org/fhir/tools/StructureDefinition/ig-page-name","valueUrl":"StructureDefinition-VA.MHV.PHR.cbcTest.html"}],"nameUrl":"StructureDefinition-VA.MHV.PHR.cbcTest.html","title":"VA MHV PHR CBC labTest","generation":"generated"},{"extension":[{"url":"http://hl7.org/fhir/tools/StructureDefinition/ig-page-name","valueUrl":"StructureDefinition-VA.MHV.PHR.condition.html"}],"nameUrl":"StructureDefinition-VA.MHV.PHR.condition.html","title":"VA MHV PHR problems","generation":"generated"},{"extension":[{"url":"http://hl7.org/fhir/tools/StructureDefinition/ig-page-name","valueUrl":"StructureDefinition-VA.MHV.PHR.ecg.html"}],"nameUrl":"StructureDefinition-VA.MHV.PHR.ecg.html","title":"VA MHV PHR ECG","generation":"generated"},{"extension":[{"url":"http://hl7.org/fhir/tools/StructureDefinition/ig-page-name","valueUrl":"StructureDefinition-VA.MHV.PHR.imaging.html"}],"nameUrl":"StructureDefinition-VA.MHV.PHR.imaging.html","title":"VA MHV PHR Radiology","generation":"generated"},{"extension":[{"url":"http://hl7.org/fhir/tools/StructureDefinition/ig-page-name","valueUrl":"StructureDefinition-VA.MHV.PHR.immunization.html"}],"nameUrl":"StructureDefinition-VA.MHV.PHR.immunization.html","title":"VA MHV PHR Immunization","generation":"generated"},{"extension":[{"url":"http://hl7.org/fhir/tools/StructureDefinition/ig-page-name","valueUrl":"StructureDefinition-VA.MHV.PHR.labReport.html"}],"nameUrl":"StructureDefinition-VA.MHV.PHR.labReport.html","title":"VA MHV PHR Lab Report","generation":"generated"},{"extension":[{"url":"http://hl7.org/fhir/tools/StructureDefinition/ig-page-name","valueUrl":"StructureDefinition-VA.MHV.PHR.LabSpecimen.html"}],"nameUrl":"StructureDefinition-VA.MHV.PHR.LabSpecimen.html","title":"VA MHV PHR Lab Specimen","generation":"generated"},{"extension":[{"url":"http://hl7.org/fhir/tools/StructureDefinition/ig-page-name","valueUrl":"StructureDefinition-VA.MHV.PHR.labTest.html"}],"nameUrl":"StructureDefinition-VA.MHV.PHR.labTest.html","title":"VA MHV PHR labTest","generation":"generated"},{"extension":[{"url":"http://hl7.org/fhir/tools/StructureDefinition/ig-page-name","valueUrl":"StructureDefinition-VA.MHV.PHR.location.html"}],"nameUrl":"StructureDefinition-VA.MHV.PHR.location.html","title":"VA MHV PHR Location","generation":"generated"},{"extension":[{"url":"http://hl7.org/fhir/tools/StructureDefinition/ig-page-name","valueUrl":"StructureDefinition-VA.MHV.PHR.note.html"}],"nameUrl":"StructureDefinition-VA.MHV.PHR.note.html","title":"VA MHV PHR Notes","generation":"generated"},{"extension":[{"url":"http://hl7.org/fhir/tools/StructureDefinition/ig-page-name","valueUrl":"StructureDefinition-VA.MHV.PHR.organization.html"}],"nameUrl":"StructureDefinition-VA.MHV.PHR.organization.html","title":"VA MHV PHR Organization","generation":"generated"},{"extension":[{"url":"http://hl7.org/fhir/tools/StructureDefinition/ig-page-name","valueUrl":"StructureDefinition-VA.MHV.PHR.patient.html"}],"nameUrl":"StructureDefinition-VA.MHV.PHR.patient.html","title":"VA MHV PHR Patient","generation":"generated"},{"extension":[{"url":"http://hl7.org/fhir/tools/StructureDefinition/ig-page-name","valueUrl":"StructureDefinition-VA.MHV.PHR.practitioner.html"}],"nameUrl":"StructureDefinition-VA.MHV.PHR.practitioner.html","title":"VA MHV PHR Practitioner","generation":"generated"},{"extension":[{"url":"http://hl7.org/fhir/tools/StructureDefinition/ig-page-name","valueUrl":"StructureDefinition-VA.MHV.PHR.vitals.html"}],"nameUrl":"StructureDefinition-VA.MHV.PHR.vitals.html","title":"VA MHV PHR Vital-Signs","generation":"generated"},{"extension":[{"url":"http://hl7.org/fhir/tools/StructureDefinition/ig-page-name","valueUrl":"StructureDefinition-VA.MHV.PHR.vitalsBP.html"}],"nameUrl":"StructureDefinition-VA.MHV.PHR.vitalsBP.html","title":"VA MHV PHR Vital-Signs for Blood Pressure","generation":"generated"},{"extension":[{"url":"http://hl7.org/fhir/tools/StructureDefinition/ig-page-name","valueUrl":"StructureDefinition-VA.MHV.PHR.vitalsPain.html"}],"nameUrl":"StructureDefinition-VA.MHV.PHR.vitalsPain.html","title":"VA MHV PHR Vital-Signs for PAIN","generation":"generated"},{"extension":[{"url":"http://hl7.org/fhir/tools/StructureDefinition/ig-page-name","valueUrl":"ValueSet-LabReportVS.html"}],"nameUrl":"ValueSet-LabReportVS.html","title":"Known Lab Report types","generation":"generated"},{"extension":[{"url":"http://hl7.org/fhir/tools/StructureDefinition/ig-page-name","valueUrl":"ValueSet-NoteTypeVS.html"}],"nameUrl":"ValueSet-NoteTypeVS.html","title":"Known Note types","generation":"generated"},{"extension":[{"url":"http://hl7.org/fhir/tools/StructureDefinition/ig-page-name","valueUrl":"ConceptMap-ObservationTypeTOVsLoincCode.html"}],"nameUrl":"ConceptMap-ObservationTypeTOVsLoincCode.html","title":"Vital Sign ObservationTypeTO.name to Loinc Code","generation":"generated"},{"extension":[{"url":"http://hl7.org/fhir/tools/StructureDefinition/ig-page-name","valueUrl":"Condition-ex-MHV-condition-1.html"}],"nameUrl":"Condition-ex-MHV-condition-1.html","title":"Example 1 of an MHV condition","generation":"generated"},{"extension":[{"url":"http://hl7.org/fhir/tools/StructureDefinition/ig-page-name","valueUrl":"Condition-ex-MHV-condition-10.html"}],"nameUrl":"Condition-ex-MHV-condition-10.html","title":"Example 10 of an MHV condition","generation":"generated"},{"extension":[{"url":"http://hl7.org/fhir/tools/StructureDefinition/ig-page-name","valueUrl":"Condition-ex-MHV-condition-11.html"}],"nameUrl":"Condition-ex-MHV-condition-11.html","title":"Example 11 of an MHV condition","generation":"generated"},{"extension":[{"url":"http://hl7.org/fhir/tools/StructureDefinition/ig-page-name","valueUrl":"Condition-ex-MHV-condition-2.html"}],"nameUrl":"Condition-ex-MHV-condition-2.html","title":"Example 2 of an MHV condition","generation":"generated"},{"extension":[{"url":"http://hl7.org/fhir/tools/StructureDefinition/ig-page-name","valueUrl":"Condition-ex-MHV-condition-3.html"}],"nameUrl":"Condition-ex-MHV-condition-3.html","title":"Example 3 of an MHV condition","generation":"generated"},{"extension":[{"url":"http://hl7.org/fhir/tools/StructureDefinition/ig-page-name","valueUrl":"Condition-ex-MHV-condition-4.html"}],"nameUrl":"Condition-ex-MHV-condition-4.html","title":"Example 4 of an MHV condition","generation":"generated"},{"extension":[{"url":"http://hl7.org/fhir/tools/StructureDefinition/ig-page-name","valueUrl":"Condition-ex-MHV-condition-5.html"}],"nameUrl":"Condition-ex-MHV-condition-5.html","title":"Example 5 of an MHV condition","generation":"generated"},{"extension":[{"url":"http://hl7.org/fhir/tools/StructureDefinition/ig-page-name","valueUrl":"Condition-ex-MHV-condition-6.html"}],"nameUrl":"Condition-ex-MHV-condition-6.html","title":"Example 6 of an MHV condition","generation":"generated"},{"extension":[{"url":"http://hl7.org/fhir/tools/StructureDefinition/ig-page-name","valueUrl":"Condition-ex-MHV-condition-7.html"}],"nameUrl":"Condition-ex-MHV-condition-7.html","title":"Example 7 of an MHV condition","generation":"generated"},{"extension":[{"url":"http://hl7.org/fhir/tools/StructureDefinition/ig-page-name","valueUrl":"Condition-ex-MHV-condition-8.html"}],"nameUrl":"Condition-ex-MHV-condition-8.html","title":"Example 8 of an MHV condition","generation":"generated"},{"extension":[{"url":"http://hl7.org/fhir/tools/StructureDefinition/ig-page-name","valueUrl":"Condition-ex-MHV-condition-9.html"}],"nameUrl":"Condition-ex-MHV-condition-9.html","title":"Example 9 of an MHV condition","generation":"generated"},{"extension":[{"url":"http://hl7.org/fhir/tools/StructureDefinition/ig-page-name","valueUrl":"DocumentReference-ex-MHV-ecg-0.html"}],"nameUrl":"DocumentReference-ex-MHV-ecg-0.html","title":"Example 0 of a MHV ECG","generation":"generated"},{"extension":[{"url":"http://hl7.org/fhir/tools/StructureDefinition/ig-page-name","valueUrl":"DocumentReference-ex-MHV-ecg-1.html"}],"nameUrl":"DocumentReference-ex-MHV-ecg-1.html","title":"Example 1 of a MHV ECG","generation":"generated"},{"extension":[{"url":"http://hl7.org/fhir/tools/StructureDefinition/ig-page-name","valueUrl":"DocumentReference-ex-MHV-ecg-2.html"}],"nameUrl":"DocumentReference-ex-MHV-ecg-2.html","title":"Example 2 of a MHV ECG","generation":"generated"},{"extension":[{"url":"http://hl7.org/fhir/tools/StructureDefinition/ig-page-name","valueUrl":"DocumentReference-ex-MHV-ecg-3.html"}],"nameUrl":"DocumentReference-ex-MHV-ecg-3.html","title":"Example 3 of a MHV ECG","generation":"generated"},{"extension":[{"url":"http://hl7.org/fhir/tools/StructureDefinition/ig-page-name","valueUrl":"DocumentReference-ex-MHV-ecg-4.html"}],"nameUrl":"DocumentReference-ex-MHV-ecg-4.html","title":"Example 4 of a MHV ECG","generation":"generated"},{"extension":[{"url":"http://hl7.org/fhir/tools/StructureDefinition/ig-page-name","valueUrl":"DocumentReference-ex-MHV-ecg-5.html"}],"nameUrl":"DocumentReference-ex-MHV-ecg-5.html","title":"Example 5 of a MHV ECG","generation":"generated"},{"extension":[{"url":"http://hl7.org/fhir/tools/StructureDefinition/ig-page-name","valueUrl":"Observation-ex-MHV-heartRate-1.html"}],"nameUrl":"Observation-ex-MHV-heartRate-1.html","title":"Example of an MHV heartRate R4 observation","generation":"generated"},{"extension":[{"url":"http://hl7.org/fhir/tools/StructureDefinition/ig-page-name","valueUrl":"DocumentReference-ex-MHV-imaging-0.html"}],"nameUrl":"DocumentReference-ex-MHV-imaging-0.html","title":"Example 0 of a MHV Radiology (Imaging Exam)","generation":"generated"},{"extension":[{"url":"http://hl7.org/fhir/tools/StructureDefinition/ig-page-name","valueUrl":"Immunization-ex-MHV-immunization-1.html"}],"nameUrl":"Immunization-ex-MHV-immunization-1.html","title":"Example 1 of an MHV immunization","generation":"generated"},{"extension":[{"url":"http://hl7.org/fhir/tools/StructureDefinition/ig-page-name","valueUrl":"Immunization-ex-MHV-immunization-2.html"}],"nameUrl":"Immunization-ex-MHV-immunization-2.html","title":"Example 2 of an MHV immunization","generation":"generated"},{"extension":[{"url":"http://hl7.org/fhir/tools/StructureDefinition/ig-page-name","valueUrl":"DiagnosticReport-ex-MHV-labReport-1.html"}],"nameUrl":"DiagnosticReport-ex-MHV-labReport-1.html","title":"Example 1 of an MHV labReport","generation":"generated"},{"extension":[{"url":"http://hl7.org/fhir/tools/StructureDefinition/ig-page-name","valueUrl":"DiagnosticReport-ex-MHV-labReport-2.html"}],"nameUrl":"DiagnosticReport-ex-MHV-labReport-2.html","title":"Example 2 of an MHV labReport","generation":"generated"},{"extension":[{"url":"http://hl7.org/fhir/tools/StructureDefinition/ig-page-name","valueUrl":"DiagnosticReport-ex-MHV-labReport-3.html"}],"nameUrl":"DiagnosticReport-ex-MHV-labReport-3.html","title":"Example 3 of an MHV labReport","generation":"generated"},{"extension":[{"url":"http://hl7.org/fhir/tools/StructureDefinition/ig-page-name","valueUrl":"DiagnosticReport-ex-MHV-labReport-4.html"}],"nameUrl":"DiagnosticReport-ex-MHV-labReport-4.html","title":"Example 4 of an MHV labReport","generation":"generated"},{"extension":[{"url":"http://hl7.org/fhir/tools/StructureDefinition/ig-page-name","valueUrl":"DiagnosticReport-ex-MHV-labReport-5.html"}],"nameUrl":"DiagnosticReport-ex-MHV-labReport-5.html","title":"Example 5 of an MHV labReport","generation":"generated"},{"extension":[{"url":"http://hl7.org/fhir/tools/StructureDefinition/ig-page-name","valueUrl":"DiagnosticReport-ex-MHV-labReport-6.html"}],"nameUrl":"DiagnosticReport-ex-MHV-labReport-6.html","title":"Example 6 of an MHV labReport","generation":"generated"},{"extension":[{"url":"http://hl7.org/fhir/tools/StructureDefinition/ig-page-name","valueUrl":"DiagnosticReport-ex-MHV-labReport-7.html"}],"nameUrl":"DiagnosticReport-ex-MHV-labReport-7.html","title":"Example 7 of an MHV labReport","generation":"generated"},{"extension":[{"url":"http://hl7.org/fhir/tools/StructureDefinition/ig-page-name","valueUrl":"DiagnosticReport-ex-MHV-labReport-8.html"}],"nameUrl":"DiagnosticReport-ex-MHV-labReport-8.html","title":"Example 8 of an MHV labReport","generation":"generated"},{"extension":[{"url":"http://hl7.org/fhir/tools/StructureDefinition/ig-page-name","valueUrl":"Location-ex-MHV-location-2938.html"}],"nameUrl":"Location-ex-MHV-location-2938.html","title":"Location PCT_O PATIL (F/U)","generation":"generated"},{"extension":[{"url":"http://hl7.org/fhir/tools/StructureDefinition/ig-page-name","valueUrl":"Location-ex-MHV-location-552.html"}],"nameUrl":"Location-ex-MHV-location-552.html","title":"Location DAYTON Lab","generation":"generated"},{"extension":[{"url":"http://hl7.org/fhir/tools/StructureDefinition/ig-page-name","valueUrl":"Location-ex-MHV-location-984.html"}],"nameUrl":"Location-ex-MHV-location-984.html","title":"Location DAYTSHR TEST Lab","generation":"generated"},{"extension":[{"url":"http://hl7.org/fhir/tools/StructureDefinition/ig-page-name","valueUrl":"Location-ex-MHV-location-989.html"}],"nameUrl":"Location-ex-MHV-location-989.html","title":"Location DAYT29 TEST Lab","generation":"generated"},{"extension":[{"url":"http://hl7.org/fhir/tools/StructureDefinition/ig-page-name","valueUrl":"DocumentReference-ex-MHV-note-0.html"}],"nameUrl":"DocumentReference-ex-MHV-note-0.html","title":"Example 0 of a MHV Note","generation":"generated"},{"extension":[{"url":"http://hl7.org/fhir/tools/StructureDefinition/ig-page-name","valueUrl":"DocumentReference-ex-MHV-note-1.html"}],"nameUrl":"DocumentReference-ex-MHV-note-1.html","title":"Example 1 of a MHV Note","generation":"generated"},{"extension":[{"url":"http://hl7.org/fhir/tools/StructureDefinition/ig-page-name","valueUrl":"DocumentReference-ex-MHV-note-2.html"}],"nameUrl":"DocumentReference-ex-MHV-note-2.html","title":"Example 2 of a MHV Note","generation":"generated"},{"extension":[{"url":"http://hl7.org/fhir/tools/StructureDefinition/ig-page-name","valueUrl":"DocumentReference-ex-MHV-note-3.html"}],"nameUrl":"DocumentReference-ex-MHV-note-3.html","title":"Example 3 of a MHV Note","generation":"generated"},{"extension":[{"url":"http://hl7.org/fhir/tools/StructureDefinition/ig-page-name","valueUrl":"DocumentReference-ex-MHV-note-4.html"}],"nameUrl":"DocumentReference-ex-MHV-note-4.html","title":"Example 4 of a MHV Note","generation":"generated"},{"extension":[{"url":"http://hl7.org/fhir/tools/StructureDefinition/ig-page-name","valueUrl":"Organization-ex-MHV-organization-989.html"}],"nameUrl":"Organization-ex-MHV-organization-989.html","title":"Organization lab site 989","generation":"generated"},{"extension":[{"url":"http://hl7.org/fhir/tools/StructureDefinition/ig-page-name","valueUrl":"Observation-ex-MHV-pain-1.html"}],"nameUrl":"Observation-ex-MHV-pain-1.html","title":"Example of a MHV pain R4 observation of 10","generation":"generated"},{"extension":[{"url":"http://hl7.org/fhir/tools/StructureDefinition/ig-page-name","valueUrl":"Patient-ex-MHV-patient-0.html"}],"nameUrl":"Patient-ex-MHV-patient-0.html","title":"Example MHVLISAONE from PatientTO","generation":"generated"},{"extension":[{"url":"http://hl7.org/fhir/tools/StructureDefinition/ig-page-name","valueUrl":"Patient-ex-MHV-patient-1.html"}],"nameUrl":"Patient-ex-MHV-patient-1.html","title":"Example DAYSHR from PatientTO","generation":"generated"},{"extension":[{"url":"http://hl7.org/fhir/tools/StructureDefinition/ig-page-name","valueUrl":"Patient-ex-MHV-patient-2.html"}],"nameUrl":"Patient-ex-MHV-patient-2.html","title":"Example ROBERT from PatientTO","generation":"generated"},{"extension":[{"url":"http://hl7.org/fhir/tools/StructureDefinition/ig-page-name","valueUrl":"Practitioner-ex-MHV-practitioner.html"}],"nameUrl":"Practitioner-ex-MHV-practitioner.html","title":"Example Practitioner","generation":"generated"},{"extension":[{"url":"http://hl7.org/fhir/tools/StructureDefinition/ig-page-name","valueUrl":"Practitioner-ex-MHV-practitioner-110.html"}],"nameUrl":"Practitioner-ex-MHV-practitioner-110.html","title":"Example Practitoner 110","generation":"generated"},{"extension":[{"url":"http://hl7.org/fhir/tools/StructureDefinition/ig-page-name","valueUrl":"Practitioner-ex-MHV-practitioner-22572.html"}],"nameUrl":"Practitioner-ex-MHV-practitioner-22572.html","title":"Example Practitoner 22572","generation":"generated"},{"extension":[{"url":"http://hl7.org/fhir/tools/StructureDefinition/ig-page-name","valueUrl":"Practitioner-ex-MHV-practitioner-36556.html"}],"nameUrl":"Practitioner-ex-MHV-practitioner-36556.html","title":"Example Practitoner 36556","generation":"generated"},{"extension":[{"url":"http://hl7.org/fhir/tools/StructureDefinition/ig-page-name","valueUrl":"Practitioner-ex-MHV-practitioner-37569.html"}],"nameUrl":"Practitioner-ex-MHV-practitioner-37569.html","title":"Example Practitoner 37569","generation":"generated"},{"extension":[{"url":"http://hl7.org/fhir/tools/StructureDefinition/ig-page-name","valueUrl":"Practitioner-ex-MHV-practitioner-4262.html"}],"nameUrl":"Practitioner-ex-MHV-practitioner-4262.html","title":"Example Practitoner 4262","generation":"generated"},{"extension":[{"url":"http://hl7.org/fhir/tools/StructureDefinition/ig-page-name","valueUrl":"Practitioner-ex-MHV-practitioner-6051.html"}],"nameUrl":"Practitioner-ex-MHV-practitioner-6051.html","title":"Example Practitoner 6051","generation":"generated"},{"extension":[{"url":"http://hl7.org/fhir/tools/StructureDefinition/ig-page-name","valueUrl":"Observation-ex-MHV-vitals-1.html"}],"nameUrl":"Observation-ex-MHV-vitals-1.html","title":"Example 1 of an MHV vital-sign","generation":"generated"},{"extension":[{"url":"http://hl7.org/fhir/tools/StructureDefinition/ig-page-name","valueUrl":"Bundle-images.html"}],"nameUrl":"Bundle-images.html","title":"Bundle of Radiology results from mock data","generation":"generated"},{"extension":[{"url":"http://hl7.org/fhir/tools/StructureDefinition/ig-page-name","valueUrl":"Bundle-vitals.html"}],"nameUrl":"Bundle-vitals.html","title":"Bundle of Vitals from mock data","generation":"generated"}]}]},"parameter":[{"code":"path-resource","value":"fsh-generated/resources"},{"code":"path-resource","value":"input/examples"},{"code":"path-resource","value":"input/resources"},{"code":"path-resource","value":"input/capabilities"},{"code":"path-resource","value":"input/extensions"},{"code":"path-resource","value":"input/models"},{"code":"path-resource","value":"input/operations"},{"code":"path-resource","value":"input/profiles"},{"code":"path-resource","value":"input/vocabulary"},{"code":"path-resource","value":"input/testing"},{"code":"path-resource","value":"input/history"},{"code":"path-pages","value":"template/config"},{"code":"path-pages","value":"input/images"},{"code":"path-tx-cache","value":"input-cache/txcache"}]}}