{"resourceType":"ValueSet","id":"ConditionVerificationVS","text":{"status":"extensions","div":"<div xmlns=\"http://www.w3.org/1999/xhtml\"><ul><li>Include these codes as defined in <a href=\"http://terminology.hl7.org/5.3.0/CodeSystem-condition-ver-status.html\"><code>http://terminology.hl7.org/CodeSystem/condition-ver-status</code></a><table class=\"none\"><tr><td style=\"white-space:nowrap\"><b>Code</b></td><td><b>Display</b></td><td><b>Definition</b></td></tr><tr><td><a href=\"http://terminology.hl7.org/5.3.0/CodeSystem-condition-ver-status.html#condition-ver-status-confirmed\">confirmed</a></td><td style=\"color: #cccccc\">Confirmed</td><td>There is sufficient evidence to assert the presence of the subject's condition.</td></tr><tr><td><a href=\"http://terminology.hl7.org/5.3.0/CodeSystem-condition-ver-status.html#condition-ver-status-unconfirmed\">unconfirmed</a></td><td style=\"color: #cccccc\">Unconfirmed</td><td>There is not sufficient evidence to assert the presence of the subject's condition.</td></tr></table></li></ul></div>"},"extension":[{"url":"http://hl7.org/fhir/StructureDefinition/structuredefinition-fmm","valueInteger":1,"_valueInteger":{"extension":[{"url":"http://hl7.org/fhir/StructureDefinition/structuredefinition-conformance-derivedFrom","valueCanonical":"https://department-of-veterans-affairs.github.io/mhv-fhir-phr-mapping/ImplementationGuide/va.mhv.fhir.phr"}]}},{"url":"http://hl7.org/fhir/StructureDefinition/structuredefinition-standards-status","valueCode":"trial-use","_valueCode":{"extension":[{"url":"http://hl7.org/fhir/StructureDefinition/structuredefinition-conformance-derivedFrom","valueCanonical":"https://department-of-veterans-affairs.github.io/mhv-fhir-phr-mapping/ImplementationGuide/va.mhv.fhir.phr"}]}}],"url":"https://department-of-veterans-affairs.github.io/mhv-fhir-phr-mapping/ValueSet/ConditionVerificationVS","version":"0.2.6","name":"ConditionVerificationVS","title":"Subset of condition verification status","status":"active","experimental":false,"date":"2023-10-20T10:16:33-05:00","publisher":"VA Digital Services","contact":[{"name":"VA Digital Services","telecom":[{"system":"url","value":"http://va.gov"}]},{"name":"John Moehrke (himself)","telecom":[{"system":"email","value":"John.Moehrke@va.gov"}]}],"description":"not all of them","jurisdiction":[{"coding":[{"system":"urn:iso:std:iso:3166","code":"US"}]}],"compose":{"include":[{"system":"http://terminology.hl7.org/CodeSystem/condition-ver-status","concept":[{"code":"confirmed"},{"code":"unconfirmed"}]}]}}