{"resourceType":"ValueSet","id":"LabReportVS","text":{"status":"generated","div":"<div xmlns=\"http://www.w3.org/1999/xhtml\"><ul><li>Include these codes as defined in <a href=\"http://loinc.org\"><code>http://loinc.org</code></a><table class=\"none\"><tr><td style=\"white-space:nowrap\"><b>Code</b></td><td><b>Display</b></td></tr><tr><td><a href=\"https://loinc.org/79381-0/\">79381-0</a></td><td>Gastrointestinal pathogens panel - Stool by NAA with probe detection</td></tr><tr><td><a href=\"https://loinc.org/60567-5/\">60567-5</a></td><td>Comprehensive pathology report panel</td></tr></table></li></ul></div>"},"extension":[{"url":"http://hl7.org/fhir/StructureDefinition/structuredefinition-fmm","valueInteger":1,"_valueInteger":{"extension":[{"url":"http://hl7.org/fhir/StructureDefinition/structuredefinition-conformance-derivedFrom","valueCanonical":"https://johnmoehrke.github.io/MHV-PHR/ImplementationGuide/va.mhv.phr.example"}]}},{"url":"http://hl7.org/fhir/StructureDefinition/structuredefinition-standards-status","valueCode":"trial-use","_valueCode":{"extension":[{"url":"http://hl7.org/fhir/StructureDefinition/structuredefinition-conformance-derivedFrom","valueCanonical":"https://johnmoehrke.github.io/MHV-PHR/ImplementationGuide/va.mhv.phr.example"}]}}],"url":"https://johnmoehrke.github.io/MHV-PHR/ValueSet/LabReportVS","version":"0.1.18-beta","name":"LabReportVS","title":"Known Lab Report types","status":"active","experimental":false,"date":"2023-07-21T16:23:00-05:00","publisher":"John Moehrke (himself)","contact":[{"name":"John Moehrke (himself)","telecom":[{"system":"url","value":"http://healthcaresecprivacy.blogspot.com"},{"system":"email","value":"JohnMoehrke@gmail.com"}]},{"name":"John Moehrke (himself)","telecom":[{"system":"email","value":"JohnMoehrke@gmail.com"}]}],"description":"Lab Report types","jurisdiction":[{"coding":[{"system":"urn:iso:std:iso:3166","code":"US"}]}],"compose":{"include":[{"system":"http://loinc.org","concept":[{"code":"79381-0","display":"Gastrointestinal pathogens panel - Stool by NAA with probe detection"},{"code":"60567-5","display":"Comprehensive pathology report panel"}]}]}}