URL,Version,Status,OIDs,Name,Title,Descriptino,Uses,Used,Sources
https://department-of-veterans-affairs.github.io/mhv-fhir-phr-mapping/ValueSet/AllergyCategoryVS,0.2.8,active,,AllergyCategoryVS,Subset of allergy intolerance category,"not all of them",,"hl7.fhir.r4.core"
https://department-of-veterans-affairs.github.io/mhv-fhir-phr-mapping/ValueSet/AllergyObservedHistoricVS,0.2.8,active,,AllergyObservedHistoricVS,Allergy Observed vs Historic ValueSet,"The codes for Allergy Observed vs Historic",,"Internal"
https://department-of-veterans-affairs.github.io/mhv-fhir-phr-mapping/ValueSet/ConditionVerificationVS,0.2.8,active,,ConditionVerificationVS,Subset of condition verification status,"not all of them",,"THO"
https://department-of-veterans-affairs.github.io/mhv-fhir-phr-mapping/ValueSet/DocumentReferenceTypeVS,0.2.8,active,,DocumentReferenceTypeVS,Known DocumentReference types,"DocumentReference types",,"LOINC"
https://department-of-veterans-affairs.github.io/mhv-fhir-phr-mapping/ValueSet/LabReportVS,0.2.8,active,,LabReportVS,Known Lab Report types,"Lab Report types",,"LOINC"
https://department-of-veterans-affairs.github.io/mhv-fhir-phr-mapping/ValueSet/NoteTypeVS,0.2.8,active,,NoteTypeVS,Known Note types,"Note types",,"LOINC"
