<?xml version="1.0" encoding="UTF-8"?>

<AllergyIntolerance xmlns="http://hl7.org/fhir">
  <id value="ex-MHV-allergy-3"/>
  <meta>
    <profile value="https://department-of-veterans-affairs.github.io/mhv-fhir-phr-mapping/StructureDefinition/VA.MHV.PHR.allergyIntolerance"/>
  </meta>
  <text>
    <status value="generated"/><div xmlns="http://www.w3.org/1999/xhtml"><p class="res-header-id"><b>Generated Narrative: AllergyIntolerance ex-MHV-allergy-3</b></p><a name="ex-MHV-allergy-3"> </a><a name="hcex-MHV-allergy-3"> </a><a name="ex-MHV-allergy-3-en-US"> </a><p><b>identifier</b>: <code>http://va.gov/systems/979_120.8</code>/67934 (use: official, )</p><p><b>clinicalStatus</b>: <span title="Codes:{http://terminology.hl7.org/CodeSystem/allergyintolerance-clinical active}">Active</span></p><p><b>category</b>: Medication</p><p><b>code</b>: <span title="Codes:">LORTAB</span></p><p><b>patient</b>: <a href="Patient-ex-MHV-patient-89486.html">MHVPDAADLZ MHVASPXXI  Unknown, DoB: 1000-01-01 ( urn:oid:2.16.840.1.113883.4.349#89486 (use: usual, ))</a></p><p><b>recordedDate</b>: 2006-02-01 13:58:00+0000</p><p><b>recorder</b>: Organization 979</p><h3>Reactions</h3><table class="grid"><tr><td style="display: none">-</td><td><b>Manifestation</b></td></tr><tr><td style="display: none">*</td><td><span title="Codes:{urn:oid:2.16.840.1.113883.6.233 4691091}">NAUSEA AND VOMITING</span></td></tr></table><hr/><blockquote><p class="res-header-id"><b>Generated Narrative: Organization  #ex-MHV-organization-979</b></p><a name="ex-MHV-allergy-3/ex-MHV-organization-979"> </a><a name="hcex-MHV-allergy-3/ex-MHV-organization-979"> </a><a name="ex-MHV-allergy-3/ex-MHV-organization-979-en-US"> </a><p><b>identifier</b>: FI/979 (use: usual, )</p><p><b>active</b>: true</p><p><b>name</b>: Organization 979</p></blockquote></div>
  </text>
  <contained>
    <Organization>
      <id value="ex-MHV-organization-979"/>
      <meta>
        <profile value="https://department-of-veterans-affairs.github.io/mhv-fhir-phr-mapping/StructureDefinition/VA.MHV.PHR.organization"/>
      </meta>
      <identifier>
        <use value="usual"/>
        <type>
          <text value="FI"/>
        </type>
        <system value="urn:oid:2.16.840.1.113883.4.349"/>
        <value value="979"/>
      </identifier>
      <active value="true"/>
      <name value="Organization 979"/>
    </Organization>
  </contained>
  <extension url="https://department-of-veterans-affairs.github.io/mhv-fhir-phr-mapping/StructureDefinition/allergyObservedHistoric">
    <valueCode value="h"/>
  </extension>
  <identifier>
    <use value="official"/>
    <system value="http://va.gov/systems/979_120.8"/>
    <value value="67934"/>
  </identifier>
  <clinicalStatus>
    <coding>
      <system value="http://terminology.hl7.org/CodeSystem/allergyintolerance-clinical"/>
      <code value="active"/>
    </coding>
  </clinicalStatus>
  <category value="medication"/>
  <code>
    <text value="LORTAB"/>
  </code>
  <patient>
    <reference value="Patient/ex-MHV-patient-89486"/>
  </patient>
  <recordedDate value="2006-02-01T13:58:00Z"/>
  <recorder>
    <extension url="http://hl7.org/fhir/StructureDefinition/alternate-reference">
      <valueReference>
        <reference value="#ex-MHV-organization-979"/>
      </valueReference>
    </extension>
    <display value="Organization 979"/>
  </recorder>
  <reaction>
    <manifestation>
      <coding>
        <system value="urn:oid:2.16.840.1.113883.6.233"/>
        <code value="4691091"/>
      </coding>
      <text value="NAUSEA AND VOMITING"/>
    </manifestation>
  </reaction>
</AllergyIntolerance>