<?xml version="1.0" encoding="UTF-8"?>

<AllergyIntolerance xmlns="http://hl7.org/fhir">
  <id value="ex-MHV-allergy-15"/>
  <meta>
    <profile value="https://department-of-veterans-affairs.github.io/mhv-fhir-phr-mapping/StructureDefinition/VA.MHV.PHR.allergyIntolerance"/>
  </meta>
  <text>
    <status value="extensions"/><div xmlns="http://www.w3.org/1999/xhtml"><p><b>Generated Narrative: AllergyIntolerance</b><a name="ex-MHV-allergy-15"> </a></p><div style="display: inline-block; background-color: #d9e0e7; padding: 6px; margin: 4px; border: 1px solid #8da1b4; border-radius: 5px; line-height: 60%"><p style="margin-bottom: 0px">Resource AllergyIntolerance &quot;ex-MHV-allergy-15&quot; </p><p style="margin-bottom: 0px">Profile: <a href="StructureDefinition-VA.MHV.PHR.allergyIntolerance.html">VA MHV PHR Allergy and Intolerance</a></p></div><p><b>Allergy Observed vs Historic</b>: o</p><p><b>identifier</b>: <code>http://va.gov/systems/979_120.8</code>/69129 (use: OFFICIAL)</p><p><b>clinicalStatus</b>: Active <span style="background: LightGoldenRodYellow; margin: 4px; border: 1px solid khaki"> (<a href="http://terminology.hl7.org/5.0.0/CodeSystem-allergyintolerance-clinical.html">AllergyIntolerance Clinical Status Codes</a>#active)</span></p><p><b>category</b>: environment</p><p><b>code</b>: RUBBER <span style="background: LightGoldenRodYellow; margin: 4px; border: 1px solid khaki"> ()</span></p><p><b>patient</b>: <a href="Patient-ex-MHV-patient-89486.html">Patient/ex-MHV-patient-89486</a> &quot; MHVASPXXI&quot;</p><p><b>recordedDate</b>: 2014-08-25 17:12:00+0000</p><p><b>recorder</b>: <span>: Organization 979</span></p><p><b>note</b>: Patient has a Moderate allergy to Rubber. This is a test to

see if it shows up on the Report. SSC TEST 8/25/2014  ( @Aug 25, 2014, 12:13:24 PM)</p><blockquote><p><b>reaction</b></p><p><b>manifestation</b>: RASH <span style="background: LightGoldenRodYellow; margin: 4px; border: 1px solid khaki"> (unknown#4538635)</span></p></blockquote><blockquote><p><b>reaction</b></p><p><b>manifestation</b>: SWELLING <span style="background: LightGoldenRodYellow; margin: 4px; border: 1px solid khaki"> (unknown#4637164)</span></p></blockquote><blockquote><p><b>reaction</b></p><p><b>manifestation</b>: LOW BLOOD PRESSURE <span style="background: LightGoldenRodYellow; margin: 4px; border: 1px solid khaki"> (unknown#4637093)</span></p></blockquote><blockquote><p><b>reaction</b></p><p><b>manifestation</b>: ANXIETY <span style="background: LightGoldenRodYellow; margin: 4px; border: 1px solid khaki"> (unknown#4637050)</span></p></blockquote><blockquote><p><b>reaction</b></p><p><b>manifestation</b>: NASAL CONGESTION <span style="background: LightGoldenRodYellow; margin: 4px; border: 1px solid khaki"> (unknown#4637212)</span></p></blockquote><blockquote><p><b>reaction</b></p><p><b>manifestation</b>: COUGH <span style="background: LightGoldenRodYellow; margin: 4px; border: 1px solid khaki"> (unknown#4637020)</span></p></blockquote><hr/><blockquote><p><b>Generated Narrative: Organization #ex-MHV-organization-979</b><a name="ex-MHV-organization-979"> </a></p><p><b>identifier</b>: FI/979 (use: USUAL)</p><p><b>active</b>: true</p><p><b>name</b>: Organization 979</p></blockquote></div>
  </text>
  <contained>
    <Organization>
      <id value="ex-MHV-organization-979"/>
      <meta>
        <profile value="https://department-of-veterans-affairs.github.io/mhv-fhir-phr-mapping/StructureDefinition/VA.MHV.PHR.organization"/>
      </meta>
      <identifier>
        <use value="usual"/>
        <type>
          <text value="FI"/>
        </type>
        <system value="urn:oid:2.16.840.1.113883.4.349"/>
        <value value="979"/>
      </identifier>
      <active value="true"/>
      <name value="Organization 979"/>
    </Organization>
  </contained>
  <extension url="https://department-of-veterans-affairs.github.io/mhv-fhir-phr-mapping/StructureDefinition/allergyObservedHistoric">
    <valueCode value="o"/>
  </extension>
  <identifier>
    <use value="official"/>
    <system value="http://va.gov/systems/979_120.8"/>
    <value value="69129"/>
  </identifier>
  <clinicalStatus>
    <coding>
      <system value="http://terminology.hl7.org/CodeSystem/allergyintolerance-clinical"/>
      <code value="active"/>
    </coding>
  </clinicalStatus>
  <category value="environment"/>
  <code>
    <text value="RUBBER"/>
  </code>
  <patient>
    <reference value="Patient/ex-MHV-patient-89486"/>
  </patient>
  <recordedDate value="2014-08-25T17:12:00Z"/>
  <recorder>
    <extension url="http://hl7.org/fhir/StructureDefinition/alternate-reference">
      <valueReference>
        <reference value="#ex-MHV-organization-979"/>
      </valueReference>
    </extension>
    <display value="Organization 979"/>
  </recorder>
  <note>
    <time value="2014-08-25T17:13:24Z"/>
    <text value="Patient has a Moderate allergy to Rubber. This is a test to&#xD;&#xA;&#xD;&#xA;see if it shows up on the Report. SSC TEST 8/25/2014 "/>
  </note>
  <reaction>
    <manifestation>
      <coding>
        <system value="urn:oid:2.16.840.1.113883.6.233"/>
        <code value="4538635"/>
      </coding>
      <text value="RASH"/>
    </manifestation>
  </reaction>
  <reaction>
    <manifestation>
      <coding>
        <system value="urn:oid:2.16.840.1.113883.6.233"/>
        <code value="4637164"/>
      </coding>
      <text value="SWELLING"/>
    </manifestation>
  </reaction>
  <reaction>
    <manifestation>
      <coding>
        <system value="urn:oid:2.16.840.1.113883.6.233"/>
        <code value="4637093"/>
      </coding>
      <text value="LOW BLOOD PRESSURE"/>
    </manifestation>
  </reaction>
  <reaction>
    <manifestation>
      <coding>
        <system value="urn:oid:2.16.840.1.113883.6.233"/>
        <code value="4637050"/>
      </coding>
      <text value="ANXIETY"/>
    </manifestation>
  </reaction>
  <reaction>
    <manifestation>
      <coding>
        <system value="urn:oid:2.16.840.1.113883.6.233"/>
        <code value="4637212"/>
      </coding>
      <text value="NASAL CONGESTION"/>
    </manifestation>
  </reaction>
  <reaction>
    <manifestation>
      <coding>
        <system value="urn:oid:2.16.840.1.113883.6.233"/>
        <code value="4637020"/>
      </coding>
      <text value="COUGH"/>
    </manifestation>
  </reaction>
</AllergyIntolerance>