<?xml version="1.0" encoding="UTF-8"?>

<AllergyIntolerance xmlns="http://hl7.org/fhir">
  <id value="ex-MHV-allergy-13"/>
  <meta>
    <profile value="https://department-of-veterans-affairs.github.io/mhv-fhir-phr-mapping/StructureDefinition/VA.MHV.PHR.allergyIntolerance"/>
  </meta>
  <text>
    <status value="generated"/><div xmlns="http://www.w3.org/1999/xhtml"><p><b>Generated Narrative: AllergyIntolerance</b><a name="ex-MHV-allergy-13"> </a></p><div style="display: inline-block; background-color: #d9e0e7; padding: 6px; margin: 4px; border: 1px solid #8da1b4; border-radius: 5px; line-height: 60%"><p style="margin-bottom: 0px">Resource AllergyIntolerance &quot;ex-MHV-allergy-13&quot; </p><p style="margin-bottom: 0px">Profile: <a href="StructureDefinition-VA.MHV.PHR.allergyIntolerance.html">VA MHV PHR Allergy and Intolerance</a></p></div><p><b>identifier</b>: id: 69123 (use: USUAL)</p><p><b>clinicalStatus</b>: Active <span style="background: LightGoldenRodYellow; margin: 4px; border: 1px solid khaki"> (<a href="http://terminology.hl7.org/5.0.0/CodeSystem-allergyintolerance-clinical.html">AllergyIntolerance Clinical Status Codes</a>#active)</span></p><p><b>verificationStatus</b>: Unconfirmed <span style="background: LightGoldenRodYellow; margin: 4px; border: 1px solid khaki"> (<a href="http://terminology.hl7.org/5.0.0/CodeSystem-allergyintolerance-verification.html">AllergyIntolerance Verification Status</a>#unconfirmed)</span></p><p><b>category</b>: environment</p><p><b>code</b>: BEE STINGS <span style="background: LightGoldenRodYellow; margin: 4px; border: 1px solid khaki"> ()</span></p><p><b>patient</b>: <a href="Patient-ex-MHV-patient-89486.html">Patient/ex-MHV-patient-89486</a> &quot; MHVASPXXI&quot;</p><p><b>onset</b>: 2012-08-24 15:47:00+0000</p><p><b>recorder</b>: <span>??</span></p><blockquote><p><b>reaction</b></p><p><b>manifestation</b>: RESPIRATORY DISTRESS <span style="background: LightGoldenRodYellow; margin: 4px; border: 1px solid khaki"> (unknown#4637183)</span></p></blockquote><blockquote><p><b>reaction</b></p><p><b>manifestation</b>: SWELLING <span style="background: LightGoldenRodYellow; margin: 4px; border: 1px solid khaki"> (unknown#4637164)</span></p></blockquote></div>
  </text>
  <identifier>
    <use value="usual"/>
    <system value="http://va.gov/systems/979_120.8"/>
    <value value="69123"/>
  </identifier>
  <clinicalStatus>
    <coding>
      <system value="http://terminology.hl7.org/CodeSystem/allergyintolerance-clinical"/>
      <code value="active"/>
    </coding>
  </clinicalStatus>
  <verificationStatus>
    <coding>
      <system value="http://terminology.hl7.org/CodeSystem/allergyintolerance-verification"/>
      <code value="unconfirmed"/>
    </coding>
  </verificationStatus>
  <category value="environment"/>
  <code>
    <text value="BEE STINGS"/>
  </code>
  <patient>
    <reference value="Patient/ex-MHV-patient-89486"/>
  </patient>
  <onsetDateTime value="2012-08-24T15:47:00Z"/>
  <recorder>
    <extension url="http://hl7.org/fhir/StructureDefinition/alternate-reference">
      <valueReference>
        <reference value="Organization/ex-MHV-organization-979"/>
      </valueReference>
    </extension>
  </recorder>
  <reaction>
    <manifestation>
      <coding>
        <system value="urn:oid:2.16.840.1.113883.6.233"/>
        <code value="4637183"/>
      </coding>
      <text value="RESPIRATORY DISTRESS"/>
    </manifestation>
  </reaction>
  <reaction>
    <manifestation>
      <coding>
        <system value="urn:oid:2.16.840.1.113883.6.233"/>
        <code value="4637164"/>
      </coding>
      <text value="SWELLING"/>
    </manifestation>
  </reaction>
</AllergyIntolerance>