<?xml version="1.0" encoding="UTF-8"?>

<AllergyIntolerance xmlns="http://hl7.org/fhir">
  <id value="ex-MHV-allergy-7"/>
  <meta>
    <profile value="https://department-of-veterans-affairs.github.io/mhv-fhir-phr-mapping/StructureDefinition/VA.MHV.PHR.allergyIntolerance"/>
  </meta>
  <text>
    <status value="generated"/><div xmlns="http://www.w3.org/1999/xhtml"><p><b>Generated Narrative: AllergyIntolerance</b><a name="ex-MHV-allergy-7"> </a></p><div style="display: inline-block; background-color: #d9e0e7; padding: 6px; margin: 4px; border: 1px solid #8da1b4; border-radius: 5px; line-height: 60%"><p style="margin-bottom: 0px">Resource AllergyIntolerance &quot;ex-MHV-allergy-7&quot; </p><p style="margin-bottom: 0px">Profile: <a href="StructureDefinition-VA.MHV.PHR.allergyIntolerance.html">VA MHV PHR Allergy and Intolerance</a></p></div><p><b>identifier</b>: id: 69072 (use: USUAL)</p><p><b>clinicalStatus</b>: Active <span style="background: LightGoldenRodYellow; margin: 4px; border: 1px solid khaki"> (<a href="http://terminology.hl7.org/5.0.0/CodeSystem-allergyintolerance-clinical.html">AllergyIntolerance Clinical Status Codes</a>#active)</span></p><p><b>verificationStatus</b>: Unconfirmed <span style="background: LightGoldenRodYellow; margin: 4px; border: 1px solid khaki"> (<a href="http://terminology.hl7.org/5.0.0/CodeSystem-allergyintolerance-verification.html">AllergyIntolerance Verification Status</a>#unconfirmed)</span></p><p><b>category</b>: medication</p><p><b>code</b>: PENICILLIN <span style="background: LightGoldenRodYellow; margin: 4px; border: 1px solid khaki"> ([not stated] &quot;(INACTIVE) PENICILLINS&quot;; [not stated] &quot;PENICILLIN-G RELATED PENICILLINS&quot;; [not stated] &quot;PENICILLINS,AMINO DERIVATIVES&quot;; [not stated] &quot;PENICILLINASE-RESISTANT PENICILLINS&quot;; [not stated] &quot;EXTENDED SPECTRUM PENICILLINS&quot;)</span></p><p><b>patient</b>: <a href="Patient-ex-MHV-patient-89486.html">Patient/ex-MHV-patient-89486</a> &quot; MHVASPXXI&quot;</p><p><b>onset</b>: 2011-02-21 08:09:00+0000</p><p><b>recorder</b>: <span>??</span></p><p><b>note</b>: test ( @Feb 21, 2011, 2:09:43 AM)</p><h3>Reactions</h3><table class="grid"><tr><td style="display: none">-</td><td><b>Manifestation</b></td></tr><tr><td style="display: none">*</td><td>SWELLING <span style="background: LightGoldenRodYellow; margin: 4px; border: 1px solid khaki"> (unknown#4637164)</span></td></tr></table></div>
  </text>
  <identifier>
    <use value="usual"/>
    <system value="http://va.gov/systems/979_120.8"/>
    <value value="69072"/>
  </identifier>
  <clinicalStatus>
    <coding>
      <system value="http://terminology.hl7.org/CodeSystem/allergyintolerance-clinical"/>
      <code value="active"/>
    </coding>
  </clinicalStatus>
  <verificationStatus>
    <coding>
      <system value="http://terminology.hl7.org/CodeSystem/allergyintolerance-verification"/>
      <code value="unconfirmed"/>
    </coding>
  </verificationStatus>
  <category value="medication"/>
  <code>
    <coding>
      <display value="(INACTIVE) PENICILLINS"/>
    </coding>
    <coding>
      <display value="PENICILLIN-G RELATED PENICILLINS"/>
    </coding>
    <coding>
      <display value="PENICILLINS,AMINO DERIVATIVES"/>
    </coding>
    <coding>
      <display value="PENICILLINASE-RESISTANT PENICILLINS"/>
    </coding>
    <coding>
      <display value="EXTENDED SPECTRUM PENICILLINS"/>
    </coding>
    <text value="PENICILLIN"/>
  </code>
  <patient>
    <reference value="Patient/ex-MHV-patient-89486"/>
  </patient>
  <onsetDateTime value="2011-02-21T08:09:00Z"/>
  <recorder>
    <extension url="http://hl7.org/fhir/StructureDefinition/alternate-reference">
      <valueReference>
        <reference value="Organization/ex-MHV-organization-979"/>
      </valueReference>
    </extension>
  </recorder>
  <note>
    <time value="2011-02-21T08:09:43Z"/>
    <text value="test"/>
  </note>
  <reaction>
    <manifestation>
      <coding>
        <system value="urn:oid:2.16.840.1.113883.6.233"/>
        <code value="4637164"/>
      </coding>
      <text value="SWELLING"/>
    </manifestation>
  </reaction>
</AllergyIntolerance>