<?xml version="1.0" encoding="UTF-8"?>

<AllergyIntolerance xmlns="http://hl7.org/fhir">
  <id value="ex-MHV-allergy-3"/>
  <meta>
    <profile value="https://department-of-veterans-affairs.github.io/mhv-fhir-phr-mapping/StructureDefinition/VA.MHV.PHR.allergyIntolerance"/>
  </meta>
  <text>
    <status value="generated"/><div xmlns="http://www.w3.org/1999/xhtml"><p><b>Generated Narrative: AllergyIntolerance</b><a name="ex-MHV-allergy-3"> </a></p><div style="display: inline-block; background-color: #d9e0e7; padding: 6px; margin: 4px; border: 1px solid #8da1b4; border-radius: 5px; line-height: 60%"><p style="margin-bottom: 0px">Resource AllergyIntolerance &quot;ex-MHV-allergy-3&quot; </p><p style="margin-bottom: 0px">Profile: <a href="StructureDefinition-VA.MHV.PHR.allergyIntolerance.html">VA MHV PHR Allergy and Intolerance</a></p></div><p><b>identifier</b>: id: 67934 (use: OFFICIAL)</p><p><b>clinicalStatus</b>: Active <span style="background: LightGoldenRodYellow; margin: 4px; border: 1px solid khaki"> (<a href="http://terminology.hl7.org/5.0.0/CodeSystem-allergyintolerance-clinical.html">AllergyIntolerance Clinical Status Codes</a>#active)</span></p><p><b>verificationStatus</b>: Unconfirmed <span style="background: LightGoldenRodYellow; margin: 4px; border: 1px solid khaki"> (<a href="http://terminology.hl7.org/5.0.0/CodeSystem-allergyintolerance-verification.html">AllergyIntolerance Verification Status</a>#unconfirmed)</span></p><p><b>category</b>: medication</p><p><b>code</b>: LORTAB <span style="background: LightGoldenRodYellow; margin: 4px; border: 1px solid khaki"> ()</span></p><p><b>patient</b>: <a href="Patient-ex-MHV-patient-89486.html">Patient/ex-MHV-patient-89486</a> &quot; MHVASPXXI&quot;</p><p><b>onset</b>: 2006-02-01 13:58:00+0000</p><p><b>recorder</b>: <span>: Organization 979</span></p><h3>Reactions</h3><table class="grid"><tr><td style="display: none">-</td><td><b>Manifestation</b></td></tr><tr><td style="display: none">*</td><td>NAUSEA AND VOMITING <span style="background: LightGoldenRodYellow; margin: 4px; border: 1px solid khaki"> (unknown#4691091)</span></td></tr></table><hr/><blockquote><p><b>Generated Narrative: Organization #ex-MHV-organization-979</b><a name="ex-MHV-organization-979"> </a></p><p><b>identifier</b>: FI: 979 (use: USUAL)</p><p><b>active</b>: true</p><p><b>name</b>: Organization 979</p></blockquote></div>
  </text>
  <contained>
    <Organization>
      <id value="ex-MHV-organization-979"/>
      <meta>
        <profile value="https://department-of-veterans-affairs.github.io/mhv-fhir-phr-mapping/StructureDefinition/VA.MHV.PHR.organization"/>
      </meta>
      <identifier>
        <use value="usual"/>
        <type>
          <text value="FI"/>
        </type>
        <system value="urn:oid:2.16.840.1.113883.4.349"/>
        <value value="979"/>
      </identifier>
      <active value="true"/>
      <name value="Organization 979"/>
    </Organization>
  </contained>
  <identifier>
    <use value="official"/>
    <system value="http://va.gov/systems/979_120.8"/>
    <value value="67934"/>
  </identifier>
  <clinicalStatus>
    <coding>
      <system value="http://terminology.hl7.org/CodeSystem/allergyintolerance-clinical"/>
      <code value="active"/>
    </coding>
  </clinicalStatus>
  <verificationStatus>
    <coding>
      <system value="http://terminology.hl7.org/CodeSystem/allergyintolerance-verification"/>
      <code value="unconfirmed"/>
    </coding>
  </verificationStatus>
  <category value="medication"/>
  <code>
    <text value="LORTAB"/>
  </code>
  <patient>
    <reference value="Patient/ex-MHV-patient-89486"/>
  </patient>
  <onsetDateTime value="2006-02-01T13:58:00Z"/>
  <recorder>
    <extension url="http://hl7.org/fhir/StructureDefinition/alternate-reference">
      <valueReference>
        <reference value="#ex-MHV-organization-979"/>
      </valueReference>
    </extension>
    <display value="Organization 979"/>
  </recorder>
  <reaction>
    <manifestation>
      <coding>
        <system value="urn:oid:2.16.840.1.113883.6.233"/>
        <code value="4691091"/>
      </coding>
      <text value="NAUSEA AND VOMITING"/>
    </manifestation>
  </reaction>
</AllergyIntolerance>