<?xml version="1.0" encoding="UTF-8"?>

<ConceptMap xmlns="http://hl7.org/fhir">
  <id value="ObservationTypeTOVsLoincCode"/>
  <text>
    <status value="extensions"/><div xmlns="http://www.w3.org/1999/xhtml">Placeholder</div>
  </text>
  <extension url="http://hl7.org/fhir/StructureDefinition/structuredefinition-fmm">
    <valueInteger value="1">
      <extension url="http://hl7.org/fhir/StructureDefinition/structuredefinition-conformance-derivedFrom">
        <valueCanonical value="https://department-of-veterans-affairs.github.io/mhv-fhir-phr-mapping/ImplementationGuide/va.mhv.fhir.phr"/>
      </extension>
    </valueInteger>
  </extension>
  <extension url="http://hl7.org/fhir/StructureDefinition/structuredefinition-standards-status">
    <valueCode value="trial-use">
      <extension url="http://hl7.org/fhir/StructureDefinition/structuredefinition-conformance-derivedFrom">
        <valueCanonical value="https://department-of-veterans-affairs.github.io/mhv-fhir-phr-mapping/ImplementationGuide/va.mhv.fhir.phr"/>
      </extension>
    </valueCode>
  </extension>
  <url value="https://department-of-veterans-affairs.github.io/mhv-fhir-phr-mapping/ConceptMap/ObservationTypeTOVsLoincCode"/>
  <version value="0.2.1"/>
  <name value="ObservationTypeTOVsLoincCode"/>
  <title value="Vital Sign ObservationTypeTO.name to Loinc Code"/>
  <status value="active"/>
  <experimental value="false"/>
  <date value="2023-08-25"/>
  <publisher value="VA Digital Services"/>
  <contact>
    <name value="VA Digital Services"/>
    <telecom>
      <system value="url"/>
      <value value="http://va.gov"/>
    </telecom>
    <telecom>
      <system value="email"/>
      <value value="JohnMoehrke@gmail.com"/>
    </telecom>
  </contact>
  <contact>
    <name value="John Moehrke (himself)"/>
    <telecom>
      <system value="email"/>
      <value value="JohnMoehrke@gmail.com"/>
    </telecom>
  </contact>
  <description value="Map between VitalSignTO.type(ObservationTypeTO.name) VUID/string and LOINC code."/>
  <jurisdiction>
    <coding>
      <system value="urn:iso:std:iso:3166"/>
      <code value="US"/>
    </coding>
  </jurisdiction>
  <purpose value="To be able to use proper LOINC code in the FHIR Observation"/>
  <group>
    <source value="urn:oid:2.16.840.1.113883.6.233"/>
    <target value="http://loinc.org"/>
    <element>
      <code value="unknown"/>
      <display value="ABDMONAL GIRTH"/>
      <target>
        <code value="LP31969-6"/>
        <display value="Abdominal circumference"/>
        <equivalence value="equivalent"/>
        <comment value="seems like possible match"/>
      </target>
    </element>
    <element>
      <code value="4688718"/>
      <display value="AUDIOMETRY"/>
      <target>
        <code value="28615-3"/>
        <display value="Audiology study"/>
        <equivalence value="equal"/>
      </target>
    </element>
    <element>
      <code value="4500634"/>
      <display value="BLOOD PRESSURE"/>
      <target>
        <code value="85354-9"/>
        <display value="Blood pressure panel with all children optional"/>
        <equivalence value="equal"/>
      </target>
    </element>
    <element>
      <code value="4500638"/>
      <display value="TEMPERATURE"/>
      <target>
        <code value="8310-5"/>
        <display value="Body temperature"/>
        <equivalence value="equal"/>
      </target>
    </element>
    <element>
      <code value="4688719"/>
      <display value="CENTRAL VENOUS PRESSURE"/>
      <target>
        <code value="8591-0"/>
        <display value="Central venous pressure (CVP) Mean"/>
        <equivalence value="equal"/>
      </target>
    </element>
    <element>
      <code value="4688720"/>
      <display value="CIRCUMFERENCE%2FGIRTH"/>
      <target>
        <code value="9844-2"/>
        <display value="Body region Circumference"/>
        <equivalence value="equal"/>
      </target>
    </element>
    <element>
      <code value="4688721"/>
      <display value="FETAL HEART TONES"/>
      <target>
        <code value="11616-0"/>
        <display value="Fetal Heart Narrative Activity US"/>
        <equivalence value="equal"/>
      </target>
    </element>
    <element>
      <code value="4688722"/>
      <display value="FUNDAL HEIGHT"/>
      <target>
        <code value="11881-0"/>
        <display value="Uterus Fundal height Tape measure"/>
        <equivalence value="equal"/>
      </target>
    </element>
    <element>
      <code value="unknown"/>
      <display value="HEAD CIRCUMFERENCE"/>
      <target>
        <code value="9843-4"/>
        <display value="Head Occipital-frontal circumference"/>
        <equivalence value="equivalent"/>
        <comment value="seems like possible match"/>
      </target>
    </element>
    <element>
      <code value="4688723"/>
      <display value="HEARING"/>
      <target>
        <code value="32437-6"/>
        <display value="Physical findings of Hearing"/>
        <equivalence value="equal"/>
      </target>
    </element>
    <element>
      <code value="4688724"/>
      <display value="HEIGHT"/>
      <target>
        <code value="8302-2"/>
        <display value="Body height"/>
        <equivalence value="equal"/>
      </target>
    </element>
    <element>
      <code value="4500635"/>
      <display value="PAIN"/>
      <target>
        <code value="72514-3"/>
        <display value="Pain severity - 0-10 verbal numeric rating [Score] - Reported"/>
        <equivalence value="equal"/>
      </target>
    </element>
    <element>
      <code value="4500637"/>
      <display value="PULSE OXIMETRY"/>
      <target>
        <code value="2708-6"/>
        <display value="Oxygen saturation in Arterial blood"/>
        <equivalence value="equal"/>
      </target>
    </element>
    <element>
      <code value="4500636"/>
      <display value="PULSE"/>
      <target>
        <code value="8867-4"/>
        <display value="Heart rate"/>
        <equivalence value="equal"/>
      </target>
    </element>
    <element>
      <code value="4688725"/>
      <display value="RESPIRATION"/>
      <target>
        <code value="9279-1"/>
        <display value="Respiratory Rate"/>
        <equivalence value="equal"/>
      </target>
    </element>
    <element>
      <code value="4688726"/>
      <display value="TONOMETRY"/>
      <target>
        <code value="28630-2"/>
        <display value="Tonometry study"/>
        <equivalence value="equal"/>
      </target>
    </element>
    <element>
      <code value="4688727"/>
      <display value="VISION CORRECTED"/>
      <target>
        <code value="70936-0"/>
        <display value="Vision testing Narrative"/>
        <equivalence value="equal"/>
      </target>
    </element>
    <element>
      <code value="4688728"/>
      <display value="VISION UNCORRECTED"/>
      <target>
        <code value="70936-0"/>
        <display value="Vision testing Narrative"/>
        <equivalence value="equal"/>
      </target>
    </element>
    <element>
      <code value="4500639"/>
      <display value="WEIGHT"/>
      <target>
        <code value="29463-7"/>
        <display value="Body weight"/>
        <equivalence value="equal"/>
      </target>
    </element>
  </group>
</ConceptMap>