<?xml version="1.0" encoding="UTF-8"?>

<ConceptMap xmlns="http://hl7.org/fhir">
  <id value="VF-VitalsDevice"/>
  <text>
    <status value="extensions"/><div xmlns="http://www.w3.org/1999/xhtml"><p>Mapping from (not specified) to (not specified)</p><p>ACTIVE. Published on 2023-12-15 by VA Digital Services (VA Digital Services: <a href="http://va.gov">http://va.gov</a>, John Moehrke (himself): <a href="mailto:John.Moehrke@va.gov">John.Moehrke@va.gov</a>). </p><div><p>Map between VitalSignTO.qualifier VUID/string and SNOMED code for Observation.extension[observation-deviceCode].valueCodeableConcept</p>
</div><br/><p><b>Group 1</b>Mapping from <code>urn:oid:2.16.840.1.113883.6.233</code> to <a href="http://hl7.org/fhir/R4/codesystem-snomedct.html">SNOMED CT (all versions)</a></p><table class="grid"><tr><td><b>Source Code</b></td><td><b>Relationship</b></td><td><b>Target Code</b></td></tr><tr><td>4500641 (ADULT CUFF)</td><td><a href="http://hl7.org/fhir/R4/codesystem-concept-map-equivalence.html#equal" title="equal">is equal to</a></td><td>133936004 (Adult)</td></tr><tr><td>4688635 (AEROSOL/HUMIDIFIED MASK)</td><td><a href="http://hl7.org/fhir/R4/codesystem-concept-map-equivalence.html#equal" title="equal">is equal to</a></td><td>426851007 (Aerosol oxygen mask)</td></tr><tr><td>4688698 (AMBU BAG (BAG VALVE MASK))</td><td><a href="http://hl7.org/fhir/R4/codesystem-concept-map-equivalence.html#equal" title="equal">is equal to</a></td><td>371785003 (Ambu bag)</td></tr><tr><td>4688701 (ARTERIAL LINE)</td><td><a href="http://hl7.org/fhir/R4/codesystem-concept-map-equivalence.html#equal" title="equal">is equal to</a></td><td>261241001 (Arterial line)</td></tr><tr><td>4711312 (ASSISTED VENTILATOR)</td><td><a href="http://hl7.org/fhir/R4/codesystem-concept-map-equivalence.html#equal" title="equal">is equal to</a></td><td>243141005 (Mechanically assisted spontaneous ventilation)</td></tr><tr><td>4688641 (BED)</td><td><a href="http://hl7.org/fhir/R4/codesystem-concept-map-equivalence.html#equal" title="equal">is equal to</a></td><td>466289007 (Bed scale)</td></tr><tr><td>4688695 (BIPAP (BI-LEVEL POSITIVE AIRWAY PRESSURE))</td><td><a href="http://hl7.org/fhir/R4/codesystem-concept-map-equivalence.html#equal" title="equal">is equal to</a></td><td>243142003 (Dual pressure spontaneous ventilation support)</td></tr><tr><td>4688691 (BIPAP-CPAP (BI-LEVEL POSITIVE AIRWAY PRESSURE-CONTINUOUS POSITIVE AIRWAY PRESSURE))</td><td><a href="http://hl7.org/fhir/R4/codesystem-concept-map-equivalence.html#equal" title="equal">is equal to</a></td><td>229306004 (Positive pressure therapy)</td></tr><tr><td>4688646 (CHAIR)</td><td><a href="http://hl7.org/fhir/R4/codesystem-concept-map-equivalence.html#equal" title="equal">is equal to</a></td><td>467496001 (Chair scale, mechanical)</td></tr><tr><td>4688647 (CONTROLLED VENTILATOR)</td><td><a href="http://hl7.org/fhir/R4/codesystem-concept-map-equivalence.html#equal" title="equal">is equal to</a></td><td>243147009 (Controlled ventilation)</td></tr><tr><td>4688690 (CPAP (CONTINUOUS POSITIVE AIRWAY PRESSURE))</td><td><a href="http://hl7.org/fhir/R4/codesystem-concept-map-equivalence.html#equal" title="equal">is equal to</a></td><td>47545007 (Continuous positive airway pressure ventilation treatment)</td></tr><tr><td>4688649 (CUFF-AUTOMATED (AUTOMATED CUFF))</td><td><a href="http://hl7.org/fhir/R4/codesystem-concept-map-equivalence.html#equal" title="equal">is equal to</a></td><td>445949006 (Electronic sphygmomanometer)</td></tr><tr><td>4688688 (CUFF-MANUAL (MANUAL CUFF))</td><td><a href="http://hl7.org/fhir/R4/codesystem-concept-map-equivalence.html#equal" title="equal">is equal to</a></td><td>464069000 (Mercury manual sphygmomanometer)</td></tr><tr><td>4688650 (DOPPLER)</td><td><a href="http://hl7.org/fhir/R4/codesystem-concept-map-equivalence.html#equal" title="equal">is equal to</a></td><td>268447006 (Doppler studies)</td></tr><tr><td>4688654 (FACE TENT)</td><td><a href="http://hl7.org/fhir/R4/codesystem-concept-map-equivalence.html#equal" title="equal">is equal to</a></td><td>426294006 (Face tent oxygen delivery device)</td></tr><tr><td>4536584 (LARYNGEAL MASK AIRWAY)</td><td><a href="http://hl7.org/fhir/R4/codesystem-concept-map-equivalence.html#equal" title="equal">is equal to</a></td><td>257268009 (Laryngeal mask)</td></tr><tr><td>4688659 (LEAD)</td><td><a href="http://hl7.org/fhir/R4/codesystem-concept-map-equivalence.html#equal" title="equal">is equal to</a></td><td>257467001 (Electrocardiogram lead)</td></tr><tr><td>4688661 (LG ADULT CUFF)</td><td><a href="http://hl7.org/fhir/R4/codesystem-concept-map-equivalence.html#equal" title="equal">is equal to</a></td><td>255509001 (Large)</td></tr><tr><td>4688684 (LIFT SCALE)</td><td><a href="http://hl7.org/fhir/R4/codesystem-concept-map-equivalence.html#equal" title="equal">is equal to</a></td><td>462242008 (Patient sling scale)</td></tr><tr><td>4688664 (MASK)</td><td><a href="http://hl7.org/fhir/R4/codesystem-concept-map-equivalence.html#equal" title="equal">is equal to</a></td><td>336602003 (Oxygen mask)</td></tr><tr><td>4688665 (MONITOR)</td><td><a href="http://hl7.org/fhir/R4/codesystem-concept-map-equivalence.html#equal" title="equal">is equal to</a></td><td>706767009 (Patient data recorder)</td></tr><tr><td>4688687 (MUSTACHE CANNULA)</td><td><a href="http://hl7.org/fhir/R4/codesystem-concept-map-equivalence.html#equal" title="equal">is equal to</a></td><td>336623009 (Oxygen nasal cannula)</td></tr><tr><td>4688666 (NASAL CANNULA)</td><td><a href="http://hl7.org/fhir/R4/codesystem-concept-map-equivalence.html#equal" title="equal">is equal to</a></td><td>336623009 (Oxygen nasal cannula)</td></tr><tr><td>4688667 (NON RE-BREATHER)</td><td><a href="http://hl7.org/fhir/R4/codesystem-concept-map-equivalence.html#equal" title="equal">is equal to</a></td><td>427591007 (Nonrebreather oxygen mask)</td></tr><tr><td>4711338 (PARTIAL RE-BREATHER)</td><td><a href="http://hl7.org/fhir/R4/codesystem-concept-map-equivalence.html#equal" title="equal">is equal to</a></td><td>425926003 (Partial rebreather oxygen mask)</td></tr><tr><td>4711339 (PEDIATRIC CUFF)</td><td><a href="http://hl7.org/fhir/R4/codesystem-concept-map-equivalence.html#equal" title="equal">is equal to</a></td><td>67822003 (Child)</td></tr><tr><td>4711340 (PENDANT CANNULA)</td><td><a href="http://hl7.org/fhir/R4/codesystem-concept-map-equivalence.html#equal" title="equal">is equal to</a></td><td>336623009 (Oxygen nasal cannula)</td></tr><tr><td>4693051 (RESERVOIR CANNULA)</td><td><a href="http://hl7.org/fhir/R4/codesystem-concept-map-equivalence.html#equal" title="equal">is equal to</a></td><td>336623009 (Oxygen nasal cannula)</td></tr><tr><td>4688705 (SM ADULT CUFF)</td><td><a href="http://hl7.org/fhir/R4/codesystem-concept-map-equivalence.html#equal" title="equal">is equal to</a></td><td>255507004 (Small)</td></tr><tr><td>4688709 (THIGH CUFF)</td><td><a href="http://hl7.org/fhir/R4/codesystem-concept-map-equivalence.html#equal" title="equal">is equal to</a></td><td>118712001 (Procedure on thigh)</td></tr><tr><td>4688710 (T-PIECE)</td><td><a href="http://hl7.org/fhir/R4/codesystem-concept-map-equivalence.html#equal" title="equal">is equal to</a></td><td>6097006 (T-tube, device)</td></tr><tr><td>4688711 (TRACHEOSTOMY COLLAR)</td><td><a href="http://hl7.org/fhir/R4/codesystem-concept-map-equivalence.html#equal" title="equal">is equal to</a></td><td>465839001 (Tracheostomy mask, oxygen)</td></tr><tr><td>4688715 (VENTILATOR)</td><td><a href="http://hl7.org/fhir/R4/codesystem-concept-map-equivalence.html#equal" title="equal">is equal to</a></td><td>40617009 (Artificial respiration)</td></tr><tr><td>4688716 (VENTURI MASK)</td><td><a href="http://hl7.org/fhir/R4/codesystem-concept-map-equivalence.html#equal" title="equal">is equal to</a></td><td>465433006 (Venturi oxygen face mask)</td></tr><tr><td>4688693 (WHEELCHAIR SCALE)</td><td><a href="http://hl7.org/fhir/R4/codesystem-concept-map-equivalence.html#equal" title="equal">is equal to</a></td><td>466532009 (Wheelchair scale)</td></tr></table></div>
  </text>
  <extension url="http://hl7.org/fhir/StructureDefinition/structuredefinition-fmm">
    <valueInteger value="1">
      <extension url="http://hl7.org/fhir/StructureDefinition/structuredefinition-conformance-derivedFrom">
        <valueCanonical value="https://department-of-veterans-affairs.github.io/mhv-fhir-phr-mapping/ImplementationGuide/va.mhv.fhir.phr"/>
      </extension>
    </valueInteger>
  </extension>
  <extension url="http://hl7.org/fhir/StructureDefinition/structuredefinition-standards-status">
    <valueCode value="trial-use">
      <extension url="http://hl7.org/fhir/StructureDefinition/structuredefinition-conformance-derivedFrom">
        <valueCanonical value="https://department-of-veterans-affairs.github.io/mhv-fhir-phr-mapping/ImplementationGuide/va.mhv.fhir.phr"/>
      </extension>
    </valueCode>
  </extension>
  <url value="https://department-of-veterans-affairs.github.io/mhv-fhir-phr-mapping/ConceptMap/VF-VitalsDevice"/>
  <version value="0.3.4"/>
  <name value="VF_VitalsDevice"/>
  <title value="Vitals Device used to SNOMED code"/>
  <status value="active"/>
  <experimental value="false"/>
  <date value="2023-12-15"/>
  <publisher value="VA Digital Services"/>
  <contact>
    <name value="VA Digital Services"/>
    <telecom>
      <system value="url"/>
      <value value="http://va.gov"/>
    </telecom>
  </contact>
  <contact>
    <name value="John Moehrke (himself)"/>
    <telecom>
      <system value="email"/>
      <value value="John.Moehrke@va.gov"/>
    </telecom>
  </contact>
  <description value="Map between VitalSignTO.qualifier VUID/string and SNOMED code for Observation.extension[observation-deviceCode].valueCodeableConcept"/>
  <jurisdiction>
    <coding>
      <system value="urn:iso:std:iso:3166"/>
      <code value="US"/>
    </coding>
  </jurisdiction>
  <purpose value="VF_VitalsDevice"/>
  <group>
    <source value="urn:oid:2.16.840.1.113883.6.233"/>
    <target value="http://snomed.info/sct"/>
    <element>
      <code value="4500641"/>
      <display value="ADULT CUFF"/>
      <target>
        <modifierExtension url="http://hl7.org/fhir/1.0/StructureDefinition/extension-ConceptMap.element.target.equivalence">
          <valueCode value="equal"/>
        </modifierExtension>
        <code value="133936004"/>
        <display value="Adult"/>
        <equivalence value="equal"/>
      </target>
    </element>
    <element>
      <code value="4688635"/>
      <display value="AEROSOL/HUMIDIFIED MASK"/>
      <target>
        <modifierExtension url="http://hl7.org/fhir/1.0/StructureDefinition/extension-ConceptMap.element.target.equivalence">
          <valueCode value="equal"/>
        </modifierExtension>
        <code value="426851007"/>
        <display value="Aerosol oxygen mask"/>
        <equivalence value="equal"/>
      </target>
    </element>
    <element>
      <code value="4688698"/>
      <display value="AMBU BAG (BAG VALVE MASK)"/>
      <target>
        <modifierExtension url="http://hl7.org/fhir/1.0/StructureDefinition/extension-ConceptMap.element.target.equivalence">
          <valueCode value="equal"/>
        </modifierExtension>
        <code value="371785003"/>
        <display value="Ambu bag"/>
        <equivalence value="equal"/>
      </target>
    </element>
    <element>
      <code value="4688701"/>
      <display value="ARTERIAL LINE"/>
      <target>
        <modifierExtension url="http://hl7.org/fhir/1.0/StructureDefinition/extension-ConceptMap.element.target.equivalence">
          <valueCode value="equal"/>
        </modifierExtension>
        <code value="261241001"/>
        <display value="Arterial line"/>
        <equivalence value="equal"/>
      </target>
    </element>
    <element>
      <code value="4711312"/>
      <display value="ASSISTED VENTILATOR"/>
      <target>
        <modifierExtension url="http://hl7.org/fhir/1.0/StructureDefinition/extension-ConceptMap.element.target.equivalence">
          <valueCode value="equal"/>
        </modifierExtension>
        <code value="243141005"/>
        <display value="Mechanically assisted spontaneous ventilation"/>
        <equivalence value="equal"/>
      </target>
    </element>
    <element>
      <code value="4688641"/>
      <display value="BED"/>
      <target>
        <modifierExtension url="http://hl7.org/fhir/1.0/StructureDefinition/extension-ConceptMap.element.target.equivalence">
          <valueCode value="equal"/>
        </modifierExtension>
        <code value="466289007"/>
        <display value="Bed scale"/>
        <equivalence value="equal"/>
      </target>
    </element>
    <element>
      <code value="4688695"/>
      <display value="BIPAP (BI-LEVEL POSITIVE AIRWAY PRESSURE)"/>
      <target>
        <modifierExtension url="http://hl7.org/fhir/1.0/StructureDefinition/extension-ConceptMap.element.target.equivalence">
          <valueCode value="equal"/>
        </modifierExtension>
        <code value="243142003"/>
        <display value="Dual pressure spontaneous ventilation support"/>
        <equivalence value="equal"/>
      </target>
    </element>
    <element>
      <code value="4688691"/>
      <display value="BIPAP-CPAP (BI-LEVEL POSITIVE AIRWAY PRESSURE-CONTINUOUS POSITIVE AIRWAY PRESSURE)"/>
      <target>
        <modifierExtension url="http://hl7.org/fhir/1.0/StructureDefinition/extension-ConceptMap.element.target.equivalence">
          <valueCode value="equal"/>
        </modifierExtension>
        <code value="229306004"/>
        <display value="Positive pressure therapy"/>
        <equivalence value="equal"/>
      </target>
    </element>
    <element>
      <code value="4688646"/>
      <display value="CHAIR"/>
      <target>
        <modifierExtension url="http://hl7.org/fhir/1.0/StructureDefinition/extension-ConceptMap.element.target.equivalence">
          <valueCode value="equal"/>
        </modifierExtension>
        <code value="467496001"/>
        <display value="Chair scale, mechanical"/>
        <equivalence value="equal"/>
      </target>
    </element>
    <element>
      <code value="4688647"/>
      <display value="CONTROLLED VENTILATOR"/>
      <target>
        <modifierExtension url="http://hl7.org/fhir/1.0/StructureDefinition/extension-ConceptMap.element.target.equivalence">
          <valueCode value="equal"/>
        </modifierExtension>
        <code value="243147009"/>
        <display value="Controlled ventilation"/>
        <equivalence value="equal"/>
      </target>
    </element>
    <element>
      <code value="4688690"/>
      <display value="CPAP (CONTINUOUS POSITIVE AIRWAY PRESSURE)"/>
      <target>
        <modifierExtension url="http://hl7.org/fhir/1.0/StructureDefinition/extension-ConceptMap.element.target.equivalence">
          <valueCode value="equal"/>
        </modifierExtension>
        <code value="47545007"/>
        <display value="Continuous positive airway pressure ventilation treatment"/>
        <equivalence value="equal"/>
      </target>
    </element>
    <element>
      <code value="4688649"/>
      <display value="CUFF-AUTOMATED (AUTOMATED CUFF)"/>
      <target>
        <modifierExtension url="http://hl7.org/fhir/1.0/StructureDefinition/extension-ConceptMap.element.target.equivalence">
          <valueCode value="equal"/>
        </modifierExtension>
        <code value="445949006"/>
        <display value="Electronic sphygmomanometer"/>
        <equivalence value="equal"/>
      </target>
    </element>
    <element>
      <code value="4688688"/>
      <display value="CUFF-MANUAL (MANUAL CUFF)"/>
      <target>
        <modifierExtension url="http://hl7.org/fhir/1.0/StructureDefinition/extension-ConceptMap.element.target.equivalence">
          <valueCode value="equal"/>
        </modifierExtension>
        <code value="464069000"/>
        <display value="Mercury manual sphygmomanometer"/>
        <equivalence value="equal"/>
      </target>
    </element>
    <element>
      <code value="4688650"/>
      <display value="DOPPLER"/>
      <target>
        <modifierExtension url="http://hl7.org/fhir/1.0/StructureDefinition/extension-ConceptMap.element.target.equivalence">
          <valueCode value="equal"/>
        </modifierExtension>
        <code value="268447006"/>
        <display value="Doppler studies"/>
        <equivalence value="equal"/>
      </target>
    </element>
    <element>
      <code value="4688654"/>
      <display value="FACE TENT"/>
      <target>
        <modifierExtension url="http://hl7.org/fhir/1.0/StructureDefinition/extension-ConceptMap.element.target.equivalence">
          <valueCode value="equal"/>
        </modifierExtension>
        <code value="426294006"/>
        <display value="Face tent oxygen delivery device"/>
        <equivalence value="equal"/>
      </target>
    </element>
    <element>
      <code value="4536584"/>
      <display value="LARYNGEAL MASK AIRWAY"/>
      <target>
        <modifierExtension url="http://hl7.org/fhir/1.0/StructureDefinition/extension-ConceptMap.element.target.equivalence">
          <valueCode value="equal"/>
        </modifierExtension>
        <code value="257268009"/>
        <display value="Laryngeal mask"/>
        <equivalence value="equal"/>
      </target>
    </element>
    <element>
      <code value="4688659"/>
      <display value="LEAD"/>
      <target>
        <modifierExtension url="http://hl7.org/fhir/1.0/StructureDefinition/extension-ConceptMap.element.target.equivalence">
          <valueCode value="equal"/>
        </modifierExtension>
        <code value="257467001"/>
        <display value="Electrocardiogram lead"/>
        <equivalence value="equal"/>
      </target>
    </element>
    <element>
      <code value="4688661"/>
      <display value="LG ADULT CUFF"/>
      <target>
        <modifierExtension url="http://hl7.org/fhir/1.0/StructureDefinition/extension-ConceptMap.element.target.equivalence">
          <valueCode value="equal"/>
        </modifierExtension>
        <code value="255509001"/>
        <display value="Large"/>
        <equivalence value="equal"/>
      </target>
    </element>
    <element>
      <code value="4688684"/>
      <display value="LIFT SCALE"/>
      <target>
        <modifierExtension url="http://hl7.org/fhir/1.0/StructureDefinition/extension-ConceptMap.element.target.equivalence">
          <valueCode value="equal"/>
        </modifierExtension>
        <code value="462242008"/>
        <display value="Patient sling scale"/>
        <equivalence value="equal"/>
      </target>
    </element>
    <element>
      <code value="4688664"/>
      <display value="MASK"/>
      <target>
        <modifierExtension url="http://hl7.org/fhir/1.0/StructureDefinition/extension-ConceptMap.element.target.equivalence">
          <valueCode value="equal"/>
        </modifierExtension>
        <code value="336602003"/>
        <display value="Oxygen mask"/>
        <equivalence value="equal"/>
      </target>
    </element>
    <element>
      <code value="4688665"/>
      <display value="MONITOR"/>
      <target>
        <modifierExtension url="http://hl7.org/fhir/1.0/StructureDefinition/extension-ConceptMap.element.target.equivalence">
          <valueCode value="equal"/>
        </modifierExtension>
        <code value="706767009"/>
        <display value="Patient data recorder"/>
        <equivalence value="equal"/>
      </target>
    </element>
    <element>
      <code value="4688687"/>
      <display value="MUSTACHE CANNULA"/>
      <target>
        <modifierExtension url="http://hl7.org/fhir/1.0/StructureDefinition/extension-ConceptMap.element.target.equivalence">
          <valueCode value="equal"/>
        </modifierExtension>
        <code value="336623009"/>
        <display value="Oxygen nasal cannula"/>
        <equivalence value="equal"/>
      </target>
    </element>
    <element>
      <code value="4688666"/>
      <display value="NASAL CANNULA"/>
      <target>
        <modifierExtension url="http://hl7.org/fhir/1.0/StructureDefinition/extension-ConceptMap.element.target.equivalence">
          <valueCode value="equal"/>
        </modifierExtension>
        <code value="336623009"/>
        <display value="Oxygen nasal cannula"/>
        <equivalence value="equal"/>
      </target>
    </element>
    <element>
      <code value="4688667"/>
      <display value="NON RE-BREATHER"/>
      <target>
        <modifierExtension url="http://hl7.org/fhir/1.0/StructureDefinition/extension-ConceptMap.element.target.equivalence">
          <valueCode value="equal"/>
        </modifierExtension>
        <code value="427591007"/>
        <display value="Nonrebreather oxygen mask"/>
        <equivalence value="equal"/>
      </target>
    </element>
    <element>
      <code value="4711338"/>
      <display value="PARTIAL RE-BREATHER"/>
      <target>
        <modifierExtension url="http://hl7.org/fhir/1.0/StructureDefinition/extension-ConceptMap.element.target.equivalence">
          <valueCode value="equal"/>
        </modifierExtension>
        <code value="425926003"/>
        <display value="Partial rebreather oxygen mask"/>
        <equivalence value="equal"/>
      </target>
    </element>
    <element>
      <code value="4711339"/>
      <display value="PEDIATRIC CUFF"/>
      <target>
        <modifierExtension url="http://hl7.org/fhir/1.0/StructureDefinition/extension-ConceptMap.element.target.equivalence">
          <valueCode value="equal"/>
        </modifierExtension>
        <code value="67822003"/>
        <display value="Child"/>
        <equivalence value="equal"/>
      </target>
    </element>
    <element>
      <code value="4711340"/>
      <display value="PENDANT CANNULA"/>
      <target>
        <modifierExtension url="http://hl7.org/fhir/1.0/StructureDefinition/extension-ConceptMap.element.target.equivalence">
          <valueCode value="equal"/>
        </modifierExtension>
        <code value="336623009"/>
        <display value="Oxygen nasal cannula"/>
        <equivalence value="equal"/>
      </target>
    </element>
    <element>
      <code value="4693051"/>
      <display value="RESERVOIR CANNULA"/>
      <target>
        <modifierExtension url="http://hl7.org/fhir/1.0/StructureDefinition/extension-ConceptMap.element.target.equivalence">
          <valueCode value="equal"/>
        </modifierExtension>
        <code value="336623009"/>
        <display value="Oxygen nasal cannula"/>
        <equivalence value="equal"/>
      </target>
    </element>
    <element>
      <code value="4688705"/>
      <display value="SM ADULT CUFF"/>
      <target>
        <modifierExtension url="http://hl7.org/fhir/1.0/StructureDefinition/extension-ConceptMap.element.target.equivalence">
          <valueCode value="equal"/>
        </modifierExtension>
        <code value="255507004"/>
        <display value="Small"/>
        <equivalence value="equal"/>
      </target>
    </element>
    <element>
      <code value="4688709"/>
      <display value="THIGH CUFF"/>
      <target>
        <modifierExtension url="http://hl7.org/fhir/1.0/StructureDefinition/extension-ConceptMap.element.target.equivalence">
          <valueCode value="equal"/>
        </modifierExtension>
        <code value="118712001"/>
        <display value="Procedure on thigh"/>
        <equivalence value="equal"/>
      </target>
    </element>
    <element>
      <code value="4688710"/>
      <display value="T-PIECE"/>
      <target>
        <modifierExtension url="http://hl7.org/fhir/1.0/StructureDefinition/extension-ConceptMap.element.target.equivalence">
          <valueCode value="equal"/>
        </modifierExtension>
        <code value="6097006"/>
        <display value="T-tube, device"/>
        <equivalence value="equal"/>
      </target>
    </element>
    <element>
      <code value="4688711"/>
      <display value="TRACHEOSTOMY COLLAR"/>
      <target>
        <modifierExtension url="http://hl7.org/fhir/1.0/StructureDefinition/extension-ConceptMap.element.target.equivalence">
          <valueCode value="equal"/>
        </modifierExtension>
        <code value="465839001"/>
        <display value="Tracheostomy mask, oxygen"/>
        <equivalence value="equal"/>
      </target>
    </element>
    <element>
      <code value="4688715"/>
      <display value="VENTILATOR"/>
      <target>
        <modifierExtension url="http://hl7.org/fhir/1.0/StructureDefinition/extension-ConceptMap.element.target.equivalence">
          <valueCode value="equal"/>
        </modifierExtension>
        <code value="40617009"/>
        <display value="Artificial respiration"/>
        <equivalence value="equal"/>
      </target>
    </element>
    <element>
      <code value="4688716"/>
      <display value="VENTURI MASK"/>
      <target>
        <modifierExtension url="http://hl7.org/fhir/1.0/StructureDefinition/extension-ConceptMap.element.target.equivalence">
          <valueCode value="equal"/>
        </modifierExtension>
        <code value="465433006"/>
        <display value="Venturi oxygen face mask"/>
        <equivalence value="equal"/>
      </target>
    </element>
    <element>
      <code value="4688693"/>
      <display value="WHEELCHAIR SCALE"/>
      <target>
        <modifierExtension url="http://hl7.org/fhir/1.0/StructureDefinition/extension-ConceptMap.element.target.equivalence">
          <valueCode value="equal"/>
        </modifierExtension>
        <code value="466532009"/>
        <display value="Wheelchair scale"/>
        <equivalence value="equal"/>
      </target>
    </element>
  </group>
</ConceptMap>