<?xml version="1.0" encoding="UTF-8"?>

<Condition xmlns="http://hl7.org/fhir">
  <id value="f451313f-3b04-48ae-9b88-78f3fcc22b53"/>
  <meta>
    <profile value="https://department-of-veterans-affairs.github.io/mhv-fhir-phr-mapping/StructureDefinition/VA.MHV.PHR.condition"/>
  </meta>
  <text>
    <status value="generated"/><div xmlns="http://www.w3.org/1999/xhtml"><p class="res-header-id"><b>Generated Narrative: Condition f451313f-3b04-48ae-9b88-78f3fcc22b53</b></p><a name="f451313f-3b04-48ae-9b88-78f3fcc22b53"> </a><a name="hcf451313f-3b04-48ae-9b88-78f3fcc22b53"> </a><a name="f451313f-3b04-48ae-9b88-78f3fcc22b53-en-US"> </a><p><b>identifier</b>: <code>urn:oid:2.16.840.1.113883.4.349.4.984</code>/ProblemTO.352165 (use: usual, )</p><p><b>clinicalStatus</b>: <span title="Codes:{http://terminology.hl7.org/CodeSystem/condition-clinical active}">Active</span></p><p><b>verificationStatus</b>: <span title="Codes:{http://terminology.hl7.org/CodeSystem/condition-ver-status confirmed}">Confirmed</span></p><p><b>category</b>: <span title="Codes:{http://terminology.hl7.org/CodeSystem/condition-category problem-list-item}">Problem List Item</span></p><p><b>code</b>: <span title="Codes:{http://hl7.org/fhir/sid/icd-10-cm N18.2}">Chronic Kidney Disease Stage 2 (SCT 431856006)</span></p><p><b>subject</b>: <a href="Patient-ex-MHV-patient-4.html">VETERAN CASEY  Unknown, DoB: 1000-01-01 ( urn:oid:2.16.840.1.113883.4.349#4 (use: usual, ))</a></p><p><b>onset</b>: 2022-08-09</p><p><b>recordedDate</b>: 2022-08-18</p><p><b>recorder</b>: <a href="#hcf451313f-3b04-48ae-9b88-78f3fcc22b53/ex-MHV-practitioner-36556">Practitioner AHMED,MARUF</a></p><hr/><blockquote><p class="res-header-id"><b>Generated Narrative: Practitioner  #ex-MHV-practitioner-36556</b></p><a name="f451313f-3b04-48ae-9b88-78f3fcc22b53/ex-MHV-practitioner-36556"> </a><a name="hcf451313f-3b04-48ae-9b88-78f3fcc22b53/ex-MHV-practitioner-36556"> </a><a name="f451313f-3b04-48ae-9b88-78f3fcc22b53/ex-MHV-practitioner-36556-en-US"> </a><p><b>identifier</b>: <code>urn:oid:2.16.840.1.113883.4.349.4.989</code>/AuthorTO.37556 (use: usual, )</p><p><b>name</b>: AHMED,MARUF</p></blockquote><hr/><blockquote><p class="res-header-id"><b>Generated Narrative: Location  #ex-MHV-location-552</b></p><a name="f451313f-3b04-48ae-9b88-78f3fcc22b53/ex-MHV-location-552"> </a><a name="hcf451313f-3b04-48ae-9b88-78f3fcc22b53/ex-MHV-location-552"> </a><a name="f451313f-3b04-48ae-9b88-78f3fcc22b53/ex-MHV-location-552-en-US"> </a><p><b>identifier</b>: <code>urn:oid:2.16.840.1.113883.4.349.4.989</code>/HospitalLocationTO.552 (use: usual, )</p><p><b>name</b>: DAYTON</p></blockquote></div>
  </text>
  <contained>
    <Practitioner>
      <id value="ex-MHV-practitioner-36556"/>
      <meta>
        <profile value="https://department-of-veterans-affairs.github.io/mhv-fhir-phr-mapping/StructureDefinition/VA.MHV.PHR.practitioner"/>
      </meta>
      <identifier>
        <use value="usual"/>
        <system value="urn:oid:2.16.840.1.113883.4.349.4.989"/>
        <value value="AuthorTO.37556"/>
      </identifier>
      <name>
        <text value="AHMED,MARUF"/>
        <family value="MARUF"/>
        <given value="AHMED"/>
      </name>
    </Practitioner>
  </contained>
  <contained>
    <Location>
      <id value="ex-MHV-location-552"/>
      <meta>
        <profile value="https://department-of-veterans-affairs.github.io/mhv-fhir-phr-mapping/StructureDefinition/VA.MHV.PHR.location"/>
      </meta>
      <identifier>
        <use value="usual"/>
        <system value="urn:oid:2.16.840.1.113883.4.349.4.989"/>
        <value value="HospitalLocationTO.552"/>
      </identifier>
      <name value="DAYTON"/>
    </Location>
  </contained>
  <identifier>
    <use value="usual"/>
    <system value="urn:oid:2.16.840.1.113883.4.349.4.984"/>
    <value value="ProblemTO.352165"/>
  </identifier>
  <clinicalStatus>
    <coding>
      <system value="http://terminology.hl7.org/CodeSystem/condition-clinical"/>
      <code value="active"/>
    </coding>
  </clinicalStatus>
  <verificationStatus>
    <coding>
      <system value="http://terminology.hl7.org/CodeSystem/condition-ver-status"/>
      <code value="confirmed"/>
    </coding>
  </verificationStatus>
  <category>
    <coding>
      <system value="http://terminology.hl7.org/CodeSystem/condition-category"/>
      <code value="problem-list-item"/>
    </coding>
  </category>
  <code>
    <coding>
      <system value="http://hl7.org/fhir/sid/icd-10-cm"/>
      <code value="N18.2"/>
    </coding>
    <text value="Chronic Kidney Disease Stage 2 (SCT 431856006)"/>
  </code>
  <subject>
    <reference value="Patient/ex-MHV-patient-4"/>
  </subject>
  <onsetDateTime value="2022-08-09"/>
  <recordedDate value="2022-08-18"/>
  <recorder>
    <extension url="http://hl7.org/fhir/StructureDefinition/alternate-reference">
      <valueReference>
        <reference value="#ex-MHV-location-552"/>
      </valueReference>
    </extension>
    <reference value="#ex-MHV-practitioner-36556"/>
  </recorder>
</Condition>