<?xml version="1.0" encoding="UTF-8"?>

<Condition xmlns="http://hl7.org/fhir">
  <id value="7e55cbc8-4864-462d-a730-98ca4cccd4a2"/>
  <meta>
    <profile value="https://department-of-veterans-affairs.github.io/mhv-fhir-phr-mapping/StructureDefinition/VA.MHV.PHR.condition"/>
  </meta>
  <text>
    <status value="generated"/><div xmlns="http://www.w3.org/1999/xhtml"><p class="res-header-id"><b>Generated Narrative: Condition 7e55cbc8-4864-462d-a730-98ca4cccd4a2</b></p><a name="7e55cbc8-4864-462d-a730-98ca4cccd4a2"> </a><a name="hc7e55cbc8-4864-462d-a730-98ca4cccd4a2"> </a><a name="7e55cbc8-4864-462d-a730-98ca4cccd4a2-en-US"> </a><p><b>identifier</b>: <code>urn:oid:2.16.840.1.113883.4.349.4.989</code>/ProblemTO.318630 (use: usual, )</p><p><b>clinicalStatus</b>: <span title="Codes:{http://terminology.hl7.org/CodeSystem/condition-clinical active}">Active</span></p><p><b>verificationStatus</b>: <span title="Codes:{http://terminology.hl7.org/CodeSystem/condition-ver-status confirmed}">Confirmed</span></p><p><b>category</b>: <span title="Codes:{http://terminology.hl7.org/CodeSystem/condition-category problem-list-item}">Problem List Item</span></p><p><b>code</b>: <span title="Codes:{http://hl7.org/fhir/sid/icd-9-cm 724.2}">Lumbago (ICD-9-CM 724.2)</span></p><p><b>subject</b>: <a href="Patient-ex-MHV-patient-0.html">ROBERT MHVLISAONE  Male, DoB: 1962-08-09 ( urn:oid:2.16.840.1.113883.4.349#0 (use: usual, ))</a></p><p><b>recordedDate</b>: 2004-09-24</p><p><b>recorder</b>: <a href="#hc7e55cbc8-4864-462d-a730-98ca4cccd4a2/ex-MHV-practitioner-22572">Practitioner FELKLEY,KENNETH E</a></p><hr/><blockquote><p class="res-header-id"><b>Generated Narrative: Practitioner  #ex-MHV-practitioner-22572</b></p><a name="7e55cbc8-4864-462d-a730-98ca4cccd4a2/ex-MHV-practitioner-22572"> </a><a name="hc7e55cbc8-4864-462d-a730-98ca4cccd4a2/ex-MHV-practitioner-22572"> </a><a name="7e55cbc8-4864-462d-a730-98ca4cccd4a2/ex-MHV-practitioner-22572-en-US"> </a><p><b>identifier</b>: <code>urn:oid:2.16.840.1.113883.4.349.4.989</code>/AuthorTO.22572 (use: usual, )</p><p><b>name</b>: FELKLEY,KENNETH E</p></blockquote><hr/><blockquote><p class="res-header-id"><b>Generated Narrative: Location  #ex-MHV-location-552</b></p><a name="7e55cbc8-4864-462d-a730-98ca4cccd4a2/ex-MHV-location-552"> </a><a name="hc7e55cbc8-4864-462d-a730-98ca4cccd4a2/ex-MHV-location-552"> </a><a name="7e55cbc8-4864-462d-a730-98ca4cccd4a2/ex-MHV-location-552-en-US"> </a><p><b>identifier</b>: <code>urn:oid:2.16.840.1.113883.4.349.4.989</code>/HospitalLocationTO.552 (use: usual, )</p><p><b>name</b>: DAYTON</p></blockquote></div>
  </text>
  <contained>
    <Practitioner>
      <id value="ex-MHV-practitioner-22572"/>
      <meta>
        <profile value="https://department-of-veterans-affairs.github.io/mhv-fhir-phr-mapping/StructureDefinition/VA.MHV.PHR.practitioner"/>
      </meta>
      <identifier>
        <use value="usual"/>
        <system value="urn:oid:2.16.840.1.113883.4.349.4.989"/>
        <value value="AuthorTO.22572"/>
      </identifier>
      <name>
        <text value="FELKLEY,KENNETH E"/>
        <family value="FELKLEY"/>
        <given value="KENNETH"/>
        <given value="E"/>
      </name>
    </Practitioner>
  </contained>
  <contained>
    <Location>
      <id value="ex-MHV-location-552"/>
      <meta>
        <profile value="https://department-of-veterans-affairs.github.io/mhv-fhir-phr-mapping/StructureDefinition/VA.MHV.PHR.location"/>
      </meta>
      <identifier>
        <use value="usual"/>
        <system value="urn:oid:2.16.840.1.113883.4.349.4.989"/>
        <value value="HospitalLocationTO.552"/>
      </identifier>
      <name value="DAYTON"/>
    </Location>
  </contained>
  <identifier>
    <use value="usual"/>
    <system value="urn:oid:2.16.840.1.113883.4.349.4.989"/>
    <value value="ProblemTO.318630"/>
  </identifier>
  <clinicalStatus>
    <coding>
      <system value="http://terminology.hl7.org/CodeSystem/condition-clinical"/>
      <code value="active"/>
    </coding>
  </clinicalStatus>
  <verificationStatus>
    <coding>
      <system value="http://terminology.hl7.org/CodeSystem/condition-ver-status"/>
      <code value="confirmed"/>
    </coding>
  </verificationStatus>
  <category>
    <coding>
      <system value="http://terminology.hl7.org/CodeSystem/condition-category"/>
      <code value="problem-list-item"/>
    </coding>
  </category>
  <code>
    <coding>
      <system value="http://hl7.org/fhir/sid/icd-9-cm"/>
      <code value="724.2"/>
    </coding>
    <text value="Lumbago (ICD-9-CM 724.2)"/>
  </code>
  <subject>
    <reference value="Patient/ex-MHV-patient-0"/>
  </subject>
  <recordedDate value="2004-09-24"/>
  <recorder>
    <extension url="http://hl7.org/fhir/StructureDefinition/alternate-reference">
      <valueReference>
        <reference value="#ex-MHV-location-552"/>
      </valueReference>
    </extension>
    <reference value="#ex-MHV-practitioner-22572"/>
  </recorder>
</Condition>