<?xml version="1.0" encoding="UTF-8"?>

<Condition xmlns="http://hl7.org/fhir">
  <id value="49cdaa51-9e6d-4246-9b54-5c9f3db13909"/>
  <meta>
    <profile value="https://department-of-veterans-affairs.github.io/mhv-fhir-phr-mapping/StructureDefinition/VA.MHV.PHR.condition"/>
  </meta>
  <text>
    <status value="generated"/><div xmlns="http://www.w3.org/1999/xhtml"><p class="res-header-id"><b>Generated Narrative: Condition 49cdaa51-9e6d-4246-9b54-5c9f3db13909</b></p><a name="49cdaa51-9e6d-4246-9b54-5c9f3db13909"> </a><a name="hc49cdaa51-9e6d-4246-9b54-5c9f3db13909"> </a><a name="49cdaa51-9e6d-4246-9b54-5c9f3db13909-en-US"> </a><p><b>identifier</b>: <code>urn:oid:2.16.840.1.113883.4.349.4.984</code>/ProblemTO.352167 (use: usual, )</p><p><b>clinicalStatus</b>: <span title="Codes:{http://terminology.hl7.org/CodeSystem/condition-clinical inactive}">Inactive</span></p><p><b>verificationStatus</b>: <span title="Codes:{http://terminology.hl7.org/CodeSystem/condition-ver-status confirmed}">Confirmed</span></p><p><b>category</b>: <span title="Codes:{http://terminology.hl7.org/CodeSystem/condition-category problem-list-item}">Problem List Item</span></p><p><b>code</b>: <span title="Codes:{http://hl7.org/fhir/sid/icd-10-cm E11.3599}">Proliferative Diabetic Retinopathy (SCT 59276001)</span></p><p><b>subject</b>: <a href="Patient-ex-MHV-patient-4.html">VETERAN CASEY  Unknown, DoB: 1000-01-01 ( urn:oid:2.16.840.1.113883.4.349#4 (use: usual, ))</a></p><p><b>onset</b>: 2019-01-09</p><p><b>abatement</b>: 2024-02-13</p><p><b>recordedDate</b>: 2022-08-18</p><p><b>recorder</b>: <a href="#hc49cdaa51-9e6d-4246-9b54-5c9f3db13909/ex-MHV-practitioner-36556">Practitioner AHMED,MARUF</a></p><p><b>note</b>: test (By AHMED,MARUF @2022-08-18)</p><hr/><blockquote><p class="res-header-id"><b>Generated Narrative: Practitioner  #ex-MHV-practitioner-36556</b></p><a name="49cdaa51-9e6d-4246-9b54-5c9f3db13909/ex-MHV-practitioner-36556"> </a><a name="hc49cdaa51-9e6d-4246-9b54-5c9f3db13909/ex-MHV-practitioner-36556"> </a><a name="49cdaa51-9e6d-4246-9b54-5c9f3db13909/ex-MHV-practitioner-36556-en-US"> </a><p><b>identifier</b>: <code>urn:oid:2.16.840.1.113883.4.349.4.989</code>/AuthorTO.37556 (use: usual, )</p><p><b>name</b>: AHMED,MARUF</p></blockquote><hr/><blockquote><p class="res-header-id"><b>Generated Narrative: Location  #ex-MHV-location-552</b></p><a name="49cdaa51-9e6d-4246-9b54-5c9f3db13909/ex-MHV-location-552"> </a><a name="hc49cdaa51-9e6d-4246-9b54-5c9f3db13909/ex-MHV-location-552"> </a><a name="49cdaa51-9e6d-4246-9b54-5c9f3db13909/ex-MHV-location-552-en-US"> </a><p><b>identifier</b>: <code>urn:oid:2.16.840.1.113883.4.349.4.989</code>/HospitalLocationTO.552 (use: usual, )</p><p><b>name</b>: DAYTON</p></blockquote></div>
  </text>
  <contained>
    <Practitioner>
      <id value="ex-MHV-practitioner-36556"/>
      <meta>
        <profile value="https://department-of-veterans-affairs.github.io/mhv-fhir-phr-mapping/StructureDefinition/VA.MHV.PHR.practitioner"/>
      </meta>
      <identifier>
        <use value="usual"/>
        <system value="urn:oid:2.16.840.1.113883.4.349.4.989"/>
        <value value="AuthorTO.37556"/>
      </identifier>
      <name>
        <text value="AHMED,MARUF"/>
        <family value="MARUF"/>
        <given value="AHMED"/>
      </name>
    </Practitioner>
  </contained>
  <contained>
    <Location>
      <id value="ex-MHV-location-552"/>
      <meta>
        <profile value="https://department-of-veterans-affairs.github.io/mhv-fhir-phr-mapping/StructureDefinition/VA.MHV.PHR.location"/>
      </meta>
      <identifier>
        <use value="usual"/>
        <system value="urn:oid:2.16.840.1.113883.4.349.4.989"/>
        <value value="HospitalLocationTO.552"/>
      </identifier>
      <name value="DAYTON"/>
    </Location>
  </contained>
  <identifier>
    <use value="usual"/>
    <system value="urn:oid:2.16.840.1.113883.4.349.4.984"/>
    <value value="ProblemTO.352167"/>
  </identifier>
  <clinicalStatus>
    <coding>
      <system value="http://terminology.hl7.org/CodeSystem/condition-clinical"/>
      <code value="inactive"/>
    </coding>
  </clinicalStatus>
  <verificationStatus>
    <coding>
      <system value="http://terminology.hl7.org/CodeSystem/condition-ver-status"/>
      <code value="confirmed"/>
    </coding>
  </verificationStatus>
  <category>
    <coding>
      <system value="http://terminology.hl7.org/CodeSystem/condition-category"/>
      <code value="problem-list-item"/>
    </coding>
  </category>
  <code>
    <coding>
      <system value="http://hl7.org/fhir/sid/icd-10-cm"/>
      <code value="E11.3599"/>
    </coding>
    <text value="Proliferative Diabetic Retinopathy (SCT 59276001)"/>
  </code>
  <subject>
    <reference value="Patient/ex-MHV-patient-4"/>
  </subject>
  <onsetDateTime value="2019-01-09"/>
  <abatementDateTime value="2024-02-13"/>
  <recordedDate value="2022-08-18"/>
  <recorder>
    <extension url="http://hl7.org/fhir/StructureDefinition/alternate-reference">
      <valueReference>
        <reference value="#ex-MHV-location-552"/>
      </valueReference>
    </extension>
    <reference value="#ex-MHV-practitioner-36556"/>
  </recorder>
  <note>
    <authorString value="AHMED,MARUF"/>
    <time value="2022-08-18"/>
    <text value="test"/>
  </note>
</Condition>