<?xml version="1.0" encoding="UTF-8"?>

<DiagnosticReport xmlns="http://hl7.org/fhir">
  <id value="ex-MHV-labReport-1"/>
  <meta>
    <profile value="https://johnmoehrke.github.io/MHV-PHR/StructureDefinition/VA.MHV.PHR.labReport"/>
  </meta>
  <text>
    <status value="generated"/><div xmlns="http://www.w3.org/1999/xhtml"><h2><span title="Codes: {http://loinc.org 79381-0}">LR MICROBIOLOGY REPORT</span> (<span title="Codes: {http://terminology.hl7.org/CodeSystem/v2-0074 LAB}">Laboratory</span>) </h2><table class="grid"><tr><td>Subject</td><td><b>MTPZEROTWO,DAYTSHR</b> male, DoB Unknown ( mpiPID: 1013699147 (use: OFFICIAL))</td></tr><tr><td>When For</td><td>1995-08-03 14:49:00+0000</td></tr><tr><td>Reported</td><td>1995-08-03 14:49:00+0000</td></tr><tr><td>Identifier:</td><td> id: LabReportTO.MI;7049269 (use: USUAL)</td></tr></table><p><b>Report Details</b></p><table class="grid"><tr><td><b>Code</b></td><td><b>Value</b></td><td><b>When For</b></td></tr><tr><td colspan="3"><i>This Observation could not be resolved</i></td></tr></table><p>Accession [UID]: PARAS 95 264 []            Received: Aug 01, 1995@11:02
Collection sample: STOOL               Collection date: Jul 30, 1995
Site/Specimen: FECES
Provider: MANGAS,PHYLLIS A

* PARASITOLOGY FINAL REPORT =&gt; Aug 03, 1995   TECH CODE: 1003
Parasitology Remark(s):
NO OVA OR PARASITES FOUND</p></div>
  </text>
  <contained>
    <Observation>
      <id value="ex-MHV-labTest-1"/>
      <meta>
        <profile value="https://johnmoehrke.github.io/MHV-PHR/StructureDefinition/VA.MHV.PHR.labTest"/>
      </meta>
      <identifier>
        <use value="usual"/>
        <system value="urn:oid:2.16.840.1.113883.4.349.4.989"/>
        <value value="LabTestTO.MI;7049269;1"/>
      </identifier>
      <status value="final"/>
      <category>
        <coding>
          <system value="http://terminology.hl7.org/CodeSystem/observation-category"/>
          <code value="laboratory"/>
        </coding>
      </category>
      <code>
        <text value="Parasitology Remark(s)"/>
      </code>
      <subject>
        <reference value="Patient/ex-MHV-patient-1"/>
      </subject>
      <effectiveDateTime value="1995-08-03T14:49:00Z"/>
      <performer>
        <reference value="Organization/ex-MHV-organization-989"/>
      </performer>
      <valueString value="NO OVA OR PARASITES FOUND"/>
    </Observation>
  </contained>
  <contained>
    <Specimen>
      <id value="ex-MHV-specimen-1"/>
      <meta>
        <profile value="https://johnmoehrke.github.io/MHV-PHR/StructureDefinition/VA.MHV.PHR.LabSpecimen"/>
      </meta>
      <identifier>
        <use value="usual"/>
        <system value="urn:oid:2.16.840.1.113883.4.349.4.989"/>
        <value value="LabSpecimenTO.6Y100"/>
      </identifier>
      <accessionIdentifier>
        <use value="usual"/>
        <system value="urn:oid:2.16.840.1.113883.4.349.4.989"/>
        <value value="PARAS 95 264"/>
      </accessionIdentifier>
      <status value="available"/>
      <type>
        <text value="FECES"/>
      </type>
      <collection>
        <collectedDateTime value="1995-07-30"/>
      </collection>
    </Specimen>
  </contained>
  <identifier>
    <use value="usual"/>
    <system value="urn:oid:2.16.840.1.113883.4.349.4.989"/>
    <value value="LabReportTO.MI;7049269"/>
  </identifier>
  <status value="final"/>
  <category>
    <coding>
      <system value="http://terminology.hl7.org/CodeSystem/v2-0074"/>
      <code value="LAB"/>
    </coding>
  </category>
  <code>
    <coding>
      <system value="http://loinc.org"/>
      <code value="79381-0"/>
    </coding>
    <text value="LR MICROBIOLOGY REPORT"/>
  </code>
  <subject>
    <reference value="Patient/ex-MHV-patient-1"/>
  </subject>
  <effectiveDateTime value="1995-08-03T14:49:00Z"/>
  <issued value="1995-08-03T14:49:00Z"/>
  <performer>
    <reference value="Organization/ex-MHV-organization-989"/>
  </performer>
  <specimen>
    <reference value="#ex-MHV-specimen-1"/>
  </specimen>
  <result>
    <reference value="#ex-MHV-labTest-1"/>
  </result>
  <conclusion value="Accession [UID]: PARAS 95 264 []            Received: Aug 01, 1995@11:02&#xA;Collection sample: STOOL               Collection date: Jul 30, 1995&#xA;Site/Specimen: FECES&#xA;Provider: MANGAS,PHYLLIS A&#xA;&#xA;* PARASITOLOGY FINAL REPORT =&gt; Aug 03, 1995   TECH CODE: 1003&#xA;Parasitology Remark(s):&#xA;NO OVA OR PARASITES FOUND"/>
</DiagnosticReport>