<?xml version="1.0" encoding="UTF-8"?>

<DiagnosticReport xmlns="http://hl7.org/fhir">
  <id value="ex-MHV-chReport-1190740001"/>
  <meta>
    <profile value="https://department-of-veterans-affairs.github.io/mhv-fhir-phr-mapping/StructureDefinition/VA.MHV.PHR.chReport"/>
  </meta>
  <text>
    <status value="generated"/><div xmlns="http://www.w3.org/1999/xhtml"><p class="res-header-id"><b>Generated Narrative: DiagnosticReport ex-MHV-chReport-1190740001</b></p><a name="ex-MHV-chReport-1190740001"> </a><a name="hcex-MHV-chReport-1190740001"> </a><a name="ex-MHV-chReport-1190740001-en-US"> </a><h2><span title="Codes:">CH</span> (<span title="Codes:{http://terminology.hl7.org/CodeSystem/v2-0074 LAB}">Laboratory</span>, <span title="Codes:{http://terminology.hl7.org/CodeSystem/v2-0074 CH}">Chemistry</span>, <span title="Codes:{http://loinc.org 2823-3}">POTASSIUM:SCNC:PT:SER/PLAS:QN:</span>) </h2><table class="grid"><tr><td>Subject</td><td>No display for Patient </td></tr><tr><td>When For</td><td>2019-03-15 16:58:06-0500</td></tr><tr><td>Reported</td><td>2019-03-15 16:59:35-0500</td></tr><tr><td>Performer</td><td> <a href="#hcex-MHV-chReport-1190740001/ex-MHV-organization-979">Organization Organization 979</a></td></tr><tr><td>Identifier</td><td> <code>urn:fdc:TEST.SALT-LAKE.MED.VA.GOV:LR</code>/1190740001 (use: usual, )</td></tr></table><p><b>Report Details</b></p><table class="grid"><tr><td><b>Code</b></td><td><b>Value</b></td><td><b>Reference Range</b></td><td><b>Flags</b></td></tr><tr><td><a href="#hcex-MHV-chReport-1190740001/ex-MHV-chTest-1190740001a"><span title="Codes:{http://loinc.org 2823-3}, {http://va.gov/terminology/vistaDefinedTerms/95.3 4670505}">POTASSIUM</span></a></td><td>4.1 mmol/L</td><td>3.8-5.2</td><td>Final</td></tr></table><hr/><p class="res-header-id"><b>Generated Narrative: Organization  #ex-MHV-organization-979</b></p><a name="ex-MHV-chReport-1190740001/ex-MHV-organization-979"> </a><a name="hcex-MHV-chReport-1190740001/ex-MHV-organization-979"> </a><a name="ex-MHV-chReport-1190740001/ex-MHV-organization-979-en-US"> </a><p><b>identifier</b>: FI/979 (use: usual, )</p><p><b>active</b>: true</p><p><b>name</b>: Organization 979</p><hr/><p class="res-header-id"><b>Generated Narrative: Practitioner  #ex-MHV-practitioner-59845-VA660</b></p><a name="ex-MHV-chReport-1190740001/ex-MHV-practitioner-59845-VA660"> </a><a name="hcex-MHV-chReport-1190740001/ex-MHV-practitioner-59845-VA660"> </a><a name="ex-MHV-chReport-1190740001/ex-MHV-practitioner-59845-VA660-en-US"> </a><p><b>identifier</b>: <code>http://va.gov/terminology/vistaDefinedTerms/4</code>/59845-VA660</p><p><b>name</b>: LISA V HALL </p><hr/><p class="res-header-id"><b>Generated Narrative: Organization  #ex-MHV-organization-660</b></p><a name="ex-MHV-chReport-1190740001/ex-MHV-organization-660"> </a><a name="hcex-MHV-chReport-1190740001/ex-MHV-organization-660"> </a><a name="ex-MHV-chReport-1190740001/ex-MHV-organization-660-en-US"> </a><p><b>identifier</b>: FI/660 (use: usual, )</p><p><b>active</b>: true</p><p><b>name</b>: VA SALT LAKE CITY HEALTH CARE SYSTEM (660)</p><p><b>address</b>: 500 FOOTHILL BLVD. SALT LAKE CITY UT 84148 USA </p><hr/><p class="res-header-id"><b>Generated Narrative: ServiceRequest  #ex-MHV-chOrder-1190740001a</b></p><a name="ex-MHV-chReport-1190740001/ex-MHV-chOrder-1190740001a"> </a><a name="hcex-MHV-chReport-1190740001/ex-MHV-chOrder-1190740001a"> </a><a name="ex-MHV-chReport-1190740001/ex-MHV-chOrder-1190740001a-en-US"> </a><p><b>status</b>: Unknown</p><p><b>intent</b>: Order</p><p><b>category</b>: <span title="Codes:{http://snomed.info/sct 108252007}">Laboratory procedure</span></p><p><b>code</b>: <span title="Codes:{http://va.gov/terminology/vistaDefinedTerms/64 84140.0000}, {http://va.gov/terminology/vistaDefinedTerms/60 177}">Potassium</span></p><p><b>subject</b>: <a href="Patient-ex-MHV-patient-942104.html">L MHVSYSTEST  Unknown, DoB: 1000-01-01 ( urn:oid:2.16.840.1.113883.4.349#942104 (use: usual, ))</a></p><p><b>requester</b>: <a href="#ex-MHV-practitioner-59845-VA660">#ex-MHV-practitioner-59845-VA660</a></p><p><b>performer</b>: <a href="#ex-MHV-organization-660">#ex-MHV-organization-660</a></p><hr/><p class="res-header-id"><b>Generated Narrative: Observation  #ex-MHV-chTest-1190740001a</b></p><a name="ex-MHV-chReport-1190740001/ex-MHV-chTest-1190740001a"> </a><a name="hcex-MHV-chReport-1190740001/ex-MHV-chTest-1190740001a"> </a><a name="ex-MHV-chReport-1190740001/ex-MHV-chTest-1190740001a-en-US"> </a><p><b>basedOn</b>: <a href="#ex-MHV-chOrder-1190740001a">#ex-MHV-chOrder-1190740001a</a></p><p><b>status</b>: Final</p><p><b>category</b>: <span title="Codes:{http://terminology.hl7.org/CodeSystem/observation-category laboratory}">Laboratory</span></p><p><b>code</b>: <span title="Codes:{http://loinc.org 2823-3}, {http://va.gov/terminology/vistaDefinedTerms/95.3 4670505}">POTASSIUM</span></p><p><b>subject</b>: <a href="Patient-ex-MHV-patient-942104.html">L MHVSYSTEST  Unknown, DoB: 1000-01-01 ( urn:oid:2.16.840.1.113883.4.349#942104 (use: usual, ))</a></p><p><b>effective</b>: 2019-03-15 16:58:06-0500</p><p><b>performer</b>: <a href="#ex-MHV-organization-660">#ex-MHV-organization-660</a></p><p><b>value</b>: 4.1 mmol/L</p><p><b>specimen</b>: <a href="#ex-MHV-chSpecimen-1190740001">#ex-MHV-chSpecimen-1190740001</a></p><h3>ReferenceRanges</h3><table class="grid"><tr><td style="display: none">-</td><td><b>Text</b></td></tr><tr><td style="display: none">*</td><td>3.8-5.2</td></tr></table><hr/><p class="res-header-id"><b>Generated Narrative: Specimen  #ex-MHV-chSpecimen-1190740001</b></p><a name="ex-MHV-chReport-1190740001/ex-MHV-chSpecimen-1190740001"> </a><a name="hcex-MHV-chReport-1190740001/ex-MHV-chSpecimen-1190740001"> </a><a name="ex-MHV-chReport-1190740001/ex-MHV-chSpecimen-1190740001-en-US"> </a><p><b>status</b>: Available</p><p><b>type</b>: <span title="Codes:{http://terminology.hl7.org/CodeSystem/v2-0487 PLAS}, {http://va.gov/terminology/vistaDefinedTerms/61 73}">PLASMA</span></p><p><b>request</b>: <a href="#ex-MHV-chOrder-1190740001a">#ex-MHV-chOrder-1190740001a</a></p><h3>Collections</h3><table class="grid"><tr><td style="display: none">-</td><td><b>Collected[x]</b></td></tr><tr><td style="display: none">*</td><td>2019-03-15 16:58:06-0500</td></tr></table></div>
  </text>
  <contained>
    <Organization>
      <id value="ex-MHV-organization-979"/>
      <meta>
        <profile value="https://department-of-veterans-affairs.github.io/mhv-fhir-phr-mapping/StructureDefinition/VA.MHV.PHR.organization"/>
      </meta>
      <identifier>
        <use value="usual"/>
        <type>
          <text value="FI"/>
        </type>
        <system value="urn:oid:2.16.840.1.113883.4.349"/>
        <value value="979"/>
      </identifier>
      <active value="true"/>
      <name value="Organization 979"/>
    </Organization>
  </contained>
  <contained>
    <Practitioner>
      <id value="ex-MHV-practitioner-59845-VA660"/>
      <identifier>
        <system value="http://va.gov/terminology/vistaDefinedTerms/4"/>
        <value value="59845-VA660"/>
      </identifier>
      <name>
        <family value="HALL"/>
        <given value="LISA"/>
        <given value="V"/>
      </name>
    </Practitioner>
  </contained>
  <contained>
    <Organization>
      <id value="ex-MHV-organization-660"/>
      <meta>
        <profile value="https://department-of-veterans-affairs.github.io/mhv-fhir-phr-mapping/StructureDefinition/VA.MHV.PHR.organization"/>
      </meta>
      <identifier>
        <use value="usual"/>
        <type>
          <text value="FI"/>
        </type>
        <system value="urn:oid:2.16.840.1.113883.4.349"/>
        <value value="660"/>
      </identifier>
      <active value="true"/>
      <name value="VA SALT LAKE CITY HEALTH CARE SYSTEM (660)"/>
      <address>
        <line value="500 FOOTHILL BLVD."/>
        <city value="SALT LAKE CITY"/>
        <state value="UT"/>
        <postalCode value="84148"/>
        <country value="USA"/>
      </address>
    </Organization>
  </contained>
  <contained>
    <ServiceRequest>
      <id value="ex-MHV-chOrder-1190740001a"/>
      <meta>
        <profile value="https://department-of-veterans-affairs.github.io/mhv-fhir-phr-mapping/StructureDefinition/VA.MHV.PHR.chOrder"/>
      </meta>
      <status value="unknown"/>
      <intent value="order"/>
      <category>
        <coding>
          <system value="http://snomed.info/sct"/>
          <code value="108252007"/>
          <display value="Laboratory procedure"/>
        </coding>
      </category>
      <code>
        <coding>
          <system value="http://va.gov/terminology/vistaDefinedTerms/64"/>
          <code value="84140.0000"/>
        </coding>
        <coding>
          <system value="http://va.gov/terminology/vistaDefinedTerms/60"/>
          <code value="177"/>
          <display value="POTASSIUM"/>
        </coding>
        <text value="Potassium"/>
      </code>
      <subject>
        <reference value="Patient/ex-MHV-patient-942104"/>
      </subject>
      <requester>
        <reference value="#ex-MHV-practitioner-59845-VA660"/>
      </requester>
      <performer>
        <reference value="#ex-MHV-organization-660"/>
      </performer>
    </ServiceRequest>
  </contained>
  <contained>
    <Observation>
      <id value="ex-MHV-chTest-1190740001a"/>
      <meta>
        <profile value="https://department-of-veterans-affairs.github.io/mhv-fhir-phr-mapping/StructureDefinition/VA.MHV.PHR.chTest"/>
      </meta>
      <basedOn>
        <reference value="#ex-MHV-chOrder-1190740001a"/>
      </basedOn>
      <status value="final"/>
      <category>
        <coding>
          <system value="http://terminology.hl7.org/CodeSystem/observation-category"/>
          <code value="laboratory"/>
        </coding>
      </category>
      <code>
        <coding>
          <system value="http://loinc.org"/>
          <version value="2.64"/>
          <code value="2823-3"/>
        </coding>
        <coding>
          <system value="http://va.gov/terminology/vistaDefinedTerms/95.3"/>
          <code value="4670505"/>
        </coding>
        <text value="POTASSIUM"/>
      </code>
      <subject>
        <reference value="Patient/ex-MHV-patient-942104"/>
      </subject>
      <effectiveDateTime value="2019-03-15T16:58:06-05:00"/>
      <performer>
        <reference value="#ex-MHV-organization-660"/>
      </performer>
      <valueQuantity>
        <value value="4.1"/>
        <unit value="mmol/L"/>
        <system value="http://unitsofmeasure.org"/>
      </valueQuantity>
      <specimen>
        <reference value="#ex-MHV-chSpecimen-1190740001"/>
      </specimen>
      <referenceRange>
        <text value="3.8-5.2"/>
      </referenceRange>
    </Observation>
  </contained>
  <contained>
    <Specimen>
      <id value="ex-MHV-chSpecimen-1190740001"/>
      <meta>
        <profile value="https://department-of-veterans-affairs.github.io/mhv-fhir-phr-mapping/StructureDefinition/VA.MHV.PHR.chSpecimen"/>
      </meta>
      <status value="available"/>
      <type>
        <coding>
          <system value="http://terminology.hl7.org/CodeSystem/v2-0487"/>
          <code value="PLAS"/>
          <display value="Plasma"/>
        </coding>
        <coding>
          <system value="http://va.gov/terminology/vistaDefinedTerms/61"/>
          <code value="73"/>
          <display value="PLASMA"/>
        </coding>
        <text value="PLASMA"/>
      </type>
      <request>
        <reference value="#ex-MHV-chOrder-1190740001a"/>
      </request>
      <collection>
        <collectedDateTime value="2019-03-15T16:58:06-05:00"/>
      </collection>
    </Specimen>
  </contained>
  <extension url="https://department-of-veterans-affairs.github.io/mhv-fhir-phr-mapping/StructureDefinition/Notes">
    <valueString value="Lisa's 3/15 test"/>
  </extension>
  <identifier>
    <use value="usual"/>
    <system value="urn:fdc:TEST.SALT-LAKE.MED.VA.GOV:LR"/>
    <value value="1190740001"/>
  </identifier>
  <basedOn>
    <reference value="#ex-MHV-chOrder-1190740001a"/>
  </basedOn>
  <status value="final"/>
  <category>
    <coding>
      <system value="http://terminology.hl7.org/CodeSystem/v2-0074"/>
      <code value="LAB"/>
    </coding>
  </category>
  <category>
    <coding>
      <system value="http://terminology.hl7.org/CodeSystem/v2-0074"/>
      <code value="CH"/>
    </coding>
  </category>
  <category>
    <coding>
      <system value="http://loinc.org"/>
      <version value="2.64"/>
      <code value="2823-3"/>
    </coding>
    <text value="POTASSIUM:SCNC:PT:SER/PLAS:QN:"/>
  </category>
  <code>
    <text value="CH"/>
  </code>
  <subject>
    <reference value="Patient/ex-MHV-patient-942104"/>
  </subject>
  <effectiveDateTime value="2019-03-15T16:58:06-05:00"/>
  <issued value="2019-03-15T16:59:35-05:00"/>
  <performer>
    <reference value="#ex-MHV-organization-979"/>
  </performer>
  <specimen>
    <reference value="#ex-MHV-chSpecimen-1190740001"/>
  </specimen>
  <result>
    <reference value="#ex-MHV-chTest-1190740001a"/>
  </result>
</DiagnosticReport>