<?xml version="1.0" encoding="UTF-8"?>

<DiagnosticReport xmlns="http://hl7.org/fhir">
  <id value="9966"/>
  <meta>
    <versionId value="22"/>
    <lastUpdated value="2024-05-16T18:08:59.215-04:00"/>
    <source value="#reWo6V0WdeyFTR19"/>
    <profile value="https://department-of-veterans-affairs.github.io/mhv-fhir-phr-mapping/StructureDefinition/VA.MHV.PHR.chReport"/>
  </meta>
  <text>
    <status value="generated"/><div xmlns="http://www.w3.org/1999/xhtml"><h2><span title="Codes:">CH</span> (<span title="Codes:{http://terminology.hl7.org/CodeSystem/v2-0074 LAB}">Laboratory</span>, <span title="Codes:{http://terminology.hl7.org/CodeSystem/v2-0074 CH}">Chemistry</span>, <span title="Codes:{http://loinc.org 5964-2}">COAGULATION TISSUE FACTOR INDUCED:TIME:PT:BLD:QN:COAG</span>, <span title="Codes:{http://loinc.org 5964-2}">COAGULATION TISSUE FACTOR INDUCED:TIME:PT:BLD:QN:COAG</span>) </h2><table class="grid"><tr><td>Subject</td><td><b>L MHVSYSTEST </b> unknown, DoB: 1000-01-01 ( <code>urn:oid:2.16.840.1.113883.4.349</code>/942104 (use: usual))</td></tr><tr><td>When For</td><td>2019-06-26 14:04:55-0500</td></tr><tr><td>Reported</td><td>2019-06-26 14:06:08-0500</td></tr><tr><td>Identifier:</td><td> <code>urn:fdc:TEST.DAYTON.MED.VA.GOV:LR</code>/5191770001 (use: usual)</td></tr></table><p><b>Report Details</b></p><table class="grid"><tr><td><b>Code</b></td><td><b>Value</b></td><td><b>Reference Range</b></td><td><b>Flags</b></td><td><b>Note</b></td><td><b>When For</b></td></tr><tr><td><a href="#ChemistryResult-1.1"><span title="Codes:{http://loinc.org 5964-2}, {http://va.gov/terminology/vistaDefinedTerms/95.3 4684199}">WHOLE BLOOD INR</span></a></td><td>2.5</td><td>2.0-3.0</td><td><span title="Codes:{http://terminology.hl7.org/CodeSystem/v3-ObservationInterpretation H}">H</span></td><td>Normal range prior to 6/29/00 = 0.98-1.3</td><td>2019-06-26 14:04:55-0500</td></tr><tr><td><a href="#ChemistryResult-1.2"><span title="Codes:{http://loinc.org 5964-2}, {http://va.gov/terminology/vistaDefinedTerms/95.3 4684199}">WHOLE BLOOD PROTIME</span></a></td><td>18 SECS</td><td>17.1-20.8</td><td><span title="Codes:{http://terminology.hl7.org/CodeSystem/v3-ObservationInterpretation H}">H</span></td><td/><td>2019-06-26 14:04:55-0500</td></tr></table></div>
  </text>
  <contained>
    <Specimen>
      <id value="Specimen-0"/>
      <meta>
        <profile value="https://department-of-veterans-affairs.github.io/mhv-fhir-phr-mapping/StructureDefinition/VA.MHV.PHR.chSpecimen"/>
      </meta>
      <status value="available"/>
      <type>
        <coding>
          <system value="http://terminology.hl7.org/CodeSystem/v2-0487"/>
          <code value="BLD"/>
          <display value="Whole blood"/>
        </coding>
        <coding>
          <system value="http://va.gov/terminology/vistaDefinedTerms/61"/>
          <version value="5.2"/>
          <code value="70"/>
          <display value="BLOOD"/>
        </coding>
        <text value="BLOOD"/>
      </type>
      <request>
        <reference value="#ServiceRequest-1"/>
      </request>
      <collection>
        <collectedDateTime value="2019-06-26T14:04:55-05:00"/>
      </collection>
    </Specimen>
  </contained>
  <contained>
    <Practitioner>
      <id value="Provider-1"/>
      <identifier>
        <system value="http://va.gov/terminology/vistaDefinedTerms/4"/>
        <value value="14934-VA552"/>
      </identifier>
      <name>
        <family value="HALL"/>
        <given value="LISA"/>
        <given value="A"/>
      </name>
    </Practitioner>
  </contained>
  <contained>
    <Organization>
      <id value="Organization-552"/>
      <meta>
        <profile value="https://department-of-veterans-affairs.github.io/mhv-fhir-phr-mapping/StructureDefinition/VA.MHV.PHR.organization"/>
      </meta>
      <identifier>
        <use value="usual"/>
        <type>
          <text value="FI"/>
        </type>
        <system value="urn:oid:2.16.840.1.113883.4.349"/>
        <value value="552"/>
      </identifier>
      <active value="true"/>
      <name value="DAYTON, OH VAMC"/>
      <address>
        <line value="4100 W. THIRD STREET"/>
        <city value="DAYTON"/>
        <state value="OH"/>
        <postalCode value="45428"/>
        <country value="USA"/>
      </address>
    </Organization>
  </contained>
  <contained>
    <Organization>
      <id value="OrgPerformer-989"/>
      <meta>
        <profile value="https://department-of-veterans-affairs.github.io/mhv-fhir-phr-mapping/StructureDefinition/VA.MHV.PHR.organization"/>
      </meta>
      <identifier>
        <use value="usual"/>
        <system value="urn:oid:2.16.840.1.113883.4.349"/>
        <value value="989"/>
      </identifier>
      <active value="true"/>
      <name value="DAYT29.FO-BAYPINES.MED.VA.GOV"/>
    </Organization>
  </contained>
  <contained>
    <ServiceRequest>
      <id value="ServiceRequest-1"/>
      <meta>
        <profile value="https://department-of-veterans-affairs.github.io/mhv-fhir-phr-mapping/StructureDefinition/VA.MHV.PHR.chOrder"/>
      </meta>
      <status value="unknown"/>
      <intent value="order"/>
      <category>
        <coding>
          <system value="http://snomed.info/sct"/>
          <code value="108252007"/>
          <display value="Laboratory procedure"/>
        </coding>
      </category>
      <code>
        <coding>
          <system value="http://va.gov/terminology/vistaDefinedTerms/64"/>
          <code value="85610.0000"/>
        </coding>
        <coding>
          <system value="http://va.gov/terminology/vistaDefinedTerms/60"/>
          <code value="1815"/>
          <display value="WHOLE BLOOD PROTIME PANEL"/>
        </coding>
        <text value="Prothrombin Time"/>
      </code>
      <subject>
        <reference value="Patient/ex-MHV-patient-942104"/>
      </subject>
      <requester>
        <reference value="#Provider-1"/>
      </requester>
      <performer>
        <reference value="#Organization-552"/>
      </performer>
    </ServiceRequest>
  </contained>
  <contained>
    <Observation>
      <id value="ChemistryResult-1.1"/>
      <meta>
        <profile value="https://department-of-veterans-affairs.github.io/mhv-fhir-phr-mapping/StructureDefinition/VA.MHV.PHR.chTest"/>
      </meta>
      <basedOn>
        <reference value="#ServiceRequest-1"/>
      </basedOn>
      <status value="final"/>
      <category>
        <coding>
          <system value="http://terminology.hl7.org/CodeSystem/observation-category"/>
          <code value="laboratory"/>
        </coding>
      </category>
      <code>
        <coding>
          <system value="http://loinc.org"/>
          <version value="2.65"/>
          <code value="5964-2"/>
        </coding>
        <coding>
          <system value="http://va.gov/terminology/vistaDefinedTerms/95.3"/>
          <version value="2.65"/>
          <code value="4684199"/>
        </coding>
        <text value="WHOLE BLOOD INR"/>
      </code>
      <subject>
        <reference value="Patient/ex-MHV-patient-942104"/>
      </subject>
      <effectiveDateTime value="2019-06-26T14:04:55-05:00"/>
      <performer>
        <reference value="#Organization-552"/>
      </performer>
      <valueString value="2.5"/>
      <interpretation>
        <coding>
          <system value="http://terminology.hl7.org/CodeSystem/v3-ObservationInterpretation"/>
          <code value="H"/>
        </coding>
        <text value="H"/>
      </interpretation>
      <note>
        <text value="Normal range prior to 6/29/00 = 0.98-1.3"/>
      </note>
      <specimen>
        <reference value="#Specimen-0"/>
      </specimen>
      <referenceRange>
        <text value="2.0-3.0"/>
      </referenceRange>
    </Observation>
  </contained>
  <contained>
    <Observation>
      <id value="ChemistryResult-1.2"/>
      <meta>
        <profile value="https://department-of-veterans-affairs.github.io/mhv-fhir-phr-mapping/StructureDefinition/VA.MHV.PHR.chTest"/>
      </meta>
      <basedOn>
        <reference value="#ServiceRequest-1"/>
      </basedOn>
      <status value="final"/>
      <category>
        <coding>
          <system value="http://terminology.hl7.org/CodeSystem/observation-category"/>
          <code value="laboratory"/>
        </coding>
      </category>
      <code>
        <coding>
          <system value="http://loinc.org"/>
          <version value="2.65"/>
          <code value="5964-2"/>
        </coding>
        <coding>
          <system value="http://va.gov/terminology/vistaDefinedTerms/95.3"/>
          <version value="2.65"/>
          <code value="4684199"/>
        </coding>
        <text value="WHOLE BLOOD PROTIME"/>
      </code>
      <subject>
        <reference value="Patient/ex-MHV-patient-942104"/>
      </subject>
      <effectiveDateTime value="2019-06-26T14:04:55-05:00"/>
      <performer>
        <reference value="#Organization-552"/>
      </performer>
      <valueQuantity>
        <value value="18"/>
        <unit value="SECS"/>
        <system value="http://unitsofmeasure.org"/>
        <code value="s"/>
      </valueQuantity>
      <interpretation>
        <coding>
          <system value="http://terminology.hl7.org/CodeSystem/v3-ObservationInterpretation"/>
          <code value="H"/>
        </coding>
        <text value="H"/>
      </interpretation>
      <specimen>
        <reference value="#Specimen-0"/>
      </specimen>
      <referenceRange>
        <text value="17.1-20.8"/>
      </referenceRange>
    </Observation>
  </contained>
  <extension url="https://department-of-veterans-affairs.github.io/mhv-fhir-phr-mapping/StructureDefinition/Notes">
    <valueString value="Lisa's test 6/26"/>
  </extension>
  <identifier>
    <use value="usual"/>
    <system value="urn:fdc:TEST.DAYTON.MED.VA.GOV:LR"/>
    <value value="5191770001"/>
  </identifier>
  <basedOn>
    <reference value="#ServiceRequest-1"/>
  </basedOn>
  <status value="final"/>
  <category>
    <coding>
      <system value="http://terminology.hl7.org/CodeSystem/v2-0074"/>
      <code value="LAB"/>
    </coding>
  </category>
  <category>
    <coding>
      <system value="http://terminology.hl7.org/CodeSystem/v2-0074"/>
      <code value="CH"/>
    </coding>
  </category>
  <category>
    <coding>
      <system value="http://loinc.org"/>
      <version value="2.65"/>
      <code value="5964-2"/>
    </coding>
    <text value="COAGULATION TISSUE FACTOR INDUCED:TIME:PT:BLD:QN:COAG"/>
  </category>
  <category>
    <coding>
      <system value="http://loinc.org"/>
      <version value="2.65"/>
      <code value="5964-2"/>
    </coding>
    <text value="COAGULATION TISSUE FACTOR INDUCED:TIME:PT:BLD:QN:COAG"/>
  </category>
  <code>
    <text value="CH"/>
  </code>
  <subject>
    <reference value="Patient/ex-MHV-patient-942104"/>
  </subject>
  <effectiveDateTime value="2019-06-26T14:04:55-05:00"/>
  <issued value="2019-06-26T14:06:08.000-05:00"/>
  <performer>
    <reference value="#OrgPerformer-989"/>
  </performer>
  <specimen>
    <reference value="#Specimen-0"/>
  </specimen>
  <result>
    <reference value="#ChemistryResult-1.1"/>
  </result>
  <result>
    <reference value="#ChemistryResult-1.2"/>
  </result>
</DiagnosticReport>