<?xml version="1.0" encoding="UTF-8"?>

<DiagnosticReport xmlns="http://hl7.org/fhir">
  <id value="9966"/>
  <meta>
    <versionId value="22"/>
    <lastUpdated value="2024-05-16T18:08:59.215-04:00"/>
    <source value="#reWo6V0WdeyFTR19"/>
    <profile value="https://department-of-veterans-affairs.github.io/mhv-fhir-phr-mapping/StructureDefinition/VA.MHV.PHR.chReport"/>
  </meta>
  <text>
    <status value="generated"/><div xmlns="http://www.w3.org/1999/xhtml"><p class="res-header-id"><b>Generated Narrative: DiagnosticReport 9966</b></p><a name="9966"> </a><a name="hc9966"> </a><a name="9966-en-US"> </a><div style="display: inline-block; background-color: #d9e0e7; padding: 6px; margin: 4px; border: 1px solid #8da1b4; border-radius: 5px; line-height: 60%"><p style="margin-bottom: 0px">version: versionId: id (PrimitiveType/DiagnosticReport.meta.versionId): element = id -&gt; versionId=id[22]; Last updated: 2024-05-16 18:08:59-0400; </p><p style="margin-bottom: 0px">Information Source: #reWo6V0WdeyFTR19</p><p style="margin-bottom: 0px">Profile: <a href="StructureDefinition-VA.MHV.PHR.chReport.html">VA MHV PHR HDR Chem-Hem Report</a></p></div><h2><span title="Codes:">CH</span> (<span title="Codes:{http://terminology.hl7.org/CodeSystem/v2-0074 LAB}">Laboratory</span>, <span title="Codes:{http://terminology.hl7.org/CodeSystem/v2-0074 CH}">Chemistry</span>, <span title="Codes:{http://loinc.org 5964-2}">COAGULATION TISSUE FACTOR INDUCED:TIME:PT:BLD:QN:COAG</span>, <span title="Codes:{http://loinc.org 5964-2}">COAGULATION TISSUE FACTOR INDUCED:TIME:PT:BLD:QN:COAG</span>) </h2><table class="grid"><tr><td>Subject</td><td>No display for Patient </td></tr><tr><td>When For</td><td>2019-06-26 14:04:55-0500</td></tr><tr><td>Reported</td><td>2019-06-26 14:06:08-0500</td></tr><tr><td>Performer</td><td> <a href="#hc9966/OrgPerformer-989">Organization DAYT29.FO-BAYPINES.MED.VA.GOV</a></td></tr><tr><td>Identifier</td><td> <code>urn:fdc:TEST.DAYTON.MED.VA.GOV:LR</code>/5191770001 (use: usual, )</td></tr></table><p><b>Report Details</b></p><table class="grid"><tr><td><b>Code</b></td><td><b>Value</b></td><td><b>Reference Range</b></td><td><b>Flags</b></td><td><b>Note</b></td></tr><tr><td><a href="#hc9966/ChemistryResult-1.1"><span title="Codes:{http://loinc.org 5964-2}, {http://va.gov/terminology/vistaDefinedTerms/95.3 4684199}">WHOLE BLOOD INR</span></a></td><td>2.5</td><td>2.0-3.0</td><td>Final, <span title="Codes:{http://terminology.hl7.org/CodeSystem/v3-ObservationInterpretation H}">H</span></td><td>Normal range prior to 6/29/00 = 0.98-1.3</td></tr><tr><td><a href="#hc9966/ChemistryResult-1.2"><span title="Codes:{http://loinc.org 5964-2}, {http://va.gov/terminology/vistaDefinedTerms/95.3 4684199}">WHOLE BLOOD PROTIME</span></a></td><td>18 SECS<span style="background: LightGoldenRodYellow"> (Details: UCUM  codes = 's')</span></td><td>17.1-20.8</td><td>Final, <span title="Codes:{http://terminology.hl7.org/CodeSystem/v3-ObservationInterpretation H}">H</span></td><td/></tr></table><hr/><p class="res-header-id"><b>Generated Narrative: Specimen  #Specimen-0</b></p><a name="9966/Specimen-0"> </a><a name="hc9966/Specimen-0"> </a><a name="9966/Specimen-0-en-US"> </a><p><b>status</b>: Available</p><p><b>type</b>: <span title="Codes:{http://terminology.hl7.org/CodeSystem/v2-0487 BLD}, {http://va.gov/terminology/vistaDefinedTerms/61 70}">BLOOD</span></p><p><b>request</b>: <a href="#ServiceRequest-1">#ServiceRequest-1</a></p><h3>Collections</h3><table class="grid"><tr><td style="display: none">-</td><td><b>Collected[x]</b></td></tr><tr><td style="display: none">*</td><td>2019-06-26 14:04:55-0500</td></tr></table><hr/><p class="res-header-id"><b>Generated Narrative: Practitioner  #Provider-1</b></p><a name="9966/Provider-1"> </a><a name="hc9966/Provider-1"> </a><a name="9966/Provider-1-en-US"> </a><p><b>identifier</b>: <code>http://va.gov/terminology/vistaDefinedTerms/4</code>/14934-VA552</p><p><b>name</b>: LISA A HALL </p><hr/><p class="res-header-id"><b>Generated Narrative: Organization  #Organization-552</b></p><a name="9966/Organization-552"> </a><a name="hc9966/Organization-552"> </a><a name="9966/Organization-552-en-US"> </a><p><b>identifier</b>: FI/552 (use: usual, )</p><p><b>active</b>: true</p><p><b>name</b>: DAYTON, OH VAMC</p><p><b>address</b>: 4100 W. THIRD STREET DAYTON OH 45428 USA </p><hr/><p class="res-header-id"><b>Generated Narrative: Organization  #OrgPerformer-989</b></p><a name="9966/OrgPerformer-989"> </a><a name="hc9966/OrgPerformer-989"> </a><a name="9966/OrgPerformer-989-en-US"> </a><p><b>identifier</b>: <code>urn:oid:2.16.840.1.113883.4.349</code>/989 (use: usual, )</p><p><b>active</b>: true</p><p><b>name</b>: DAYT29.FO-BAYPINES.MED.VA.GOV</p><hr/><p class="res-header-id"><b>Generated Narrative: ServiceRequest  #ServiceRequest-1</b></p><a name="9966/ServiceRequest-1"> </a><a name="hc9966/ServiceRequest-1"> </a><a name="9966/ServiceRequest-1-en-US"> </a><p><b>status</b>: Unknown</p><p><b>intent</b>: Order</p><p><b>category</b>: <span title="Codes:{http://snomed.info/sct 108252007}">Laboratory procedure</span></p><p><b>code</b>: <span title="Codes:{http://va.gov/terminology/vistaDefinedTerms/64 85610.0000}, {http://va.gov/terminology/vistaDefinedTerms/60 1815}">Prothrombin Time</span></p><p><b>subject</b>: <a href="Patient-ex-MHV-patient-942104.html">L MHVSYSTEST  Unknown, DoB: 1000-01-01 ( urn:oid:2.16.840.1.113883.4.349#942104 (use: usual, ))</a></p><p><b>requester</b>: <a href="#Provider-1">#Provider-1</a></p><p><b>performer</b>: <a href="#Organization-552">#Organization-552</a></p><hr/><p class="res-header-id"><b>Generated Narrative: Observation  #ChemistryResult-1.1</b></p><a name="9966/ChemistryResult-1.1"> </a><a name="hc9966/ChemistryResult-1.1"> </a><a name="9966/ChemistryResult-1.1-en-US"> </a><p><b>basedOn</b>: <a href="#ServiceRequest-1">#ServiceRequest-1</a></p><p><b>status</b>: Final</p><p><b>category</b>: <span title="Codes:{http://terminology.hl7.org/CodeSystem/observation-category laboratory}">Laboratory</span></p><p><b>code</b>: <span title="Codes:{http://loinc.org 5964-2}, {http://va.gov/terminology/vistaDefinedTerms/95.3 4684199}">WHOLE BLOOD INR</span></p><p><b>subject</b>: <a href="Patient-ex-MHV-patient-942104.html">L MHVSYSTEST  Unknown, DoB: 1000-01-01 ( urn:oid:2.16.840.1.113883.4.349#942104 (use: usual, ))</a></p><p><b>effective</b>: 2019-06-26 14:04:55-0500</p><p><b>performer</b>: <a href="#Organization-552">#Organization-552</a></p><p><b>value</b>: 2.5</p><p><b>interpretation</b>: <span title="Codes:{http://terminology.hl7.org/CodeSystem/v3-ObservationInterpretation H}">H</span></p><p><b>note</b>: Normal range prior to 6/29/00 = 0.98-1.3</p><p><b>specimen</b>: <a href="#Specimen-0">#Specimen-0</a></p><h3>ReferenceRanges</h3><table class="grid"><tr><td style="display: none">-</td><td><b>Text</b></td></tr><tr><td style="display: none">*</td><td>2.0-3.0</td></tr></table><hr/><p class="res-header-id"><b>Generated Narrative: Observation  #ChemistryResult-1.2</b></p><a name="9966/ChemistryResult-1.2"> </a><a name="hc9966/ChemistryResult-1.2"> </a><a name="9966/ChemistryResult-1.2-en-US"> </a><p><b>basedOn</b>: <a href="#ServiceRequest-1">#ServiceRequest-1</a></p><p><b>status</b>: Final</p><p><b>category</b>: <span title="Codes:{http://terminology.hl7.org/CodeSystem/observation-category laboratory}">Laboratory</span></p><p><b>code</b>: <span title="Codes:{http://loinc.org 5964-2}, {http://va.gov/terminology/vistaDefinedTerms/95.3 4684199}">WHOLE BLOOD PROTIME</span></p><p><b>subject</b>: <a href="Patient-ex-MHV-patient-942104.html">L MHVSYSTEST  Unknown, DoB: 1000-01-01 ( urn:oid:2.16.840.1.113883.4.349#942104 (use: usual, ))</a></p><p><b>effective</b>: 2019-06-26 14:04:55-0500</p><p><b>performer</b>: <a href="#Organization-552">#Organization-552</a></p><p><b>value</b>: 18 SECS<span style="background: LightGoldenRodYellow"> (Details: UCUM  codes = 's')</span></p><p><b>interpretation</b>: <span title="Codes:{http://terminology.hl7.org/CodeSystem/v3-ObservationInterpretation H}">H</span></p><p><b>specimen</b>: <a href="#Specimen-0">#Specimen-0</a></p><h3>ReferenceRanges</h3><table class="grid"><tr><td style="display: none">-</td><td><b>Text</b></td></tr><tr><td style="display: none">*</td><td>17.1-20.8</td></tr></table></div>
  </text>
  <contained>
    <Specimen>
      <id value="Specimen-0"/>
      <meta>
        <profile value="https://department-of-veterans-affairs.github.io/mhv-fhir-phr-mapping/StructureDefinition/VA.MHV.PHR.chSpecimen"/>
      </meta>
      <status value="available"/>
      <type>
        <coding>
          <system value="http://terminology.hl7.org/CodeSystem/v2-0487"/>
          <code value="BLD"/>
          <display value="Whole blood"/>
        </coding>
        <coding>
          <system value="http://va.gov/terminology/vistaDefinedTerms/61"/>
          <version value="5.2"/>
          <code value="70"/>
          <display value="BLOOD"/>
        </coding>
        <text value="BLOOD"/>
      </type>
      <request>
        <reference value="#ServiceRequest-1"/>
      </request>
      <collection>
        <collectedDateTime value="2019-06-26T14:04:55-05:00"/>
      </collection>
    </Specimen>
  </contained>
  <contained>
    <Practitioner>
      <id value="Provider-1"/>
      <identifier>
        <system value="http://va.gov/terminology/vistaDefinedTerms/4"/>
        <value value="14934-VA552"/>
      </identifier>
      <name>
        <family value="HALL"/>
        <given value="LISA"/>
        <given value="A"/>
      </name>
    </Practitioner>
  </contained>
  <contained>
    <Organization>
      <id value="Organization-552"/>
      <meta>
        <profile value="https://department-of-veterans-affairs.github.io/mhv-fhir-phr-mapping/StructureDefinition/VA.MHV.PHR.organization"/>
      </meta>
      <identifier>
        <use value="usual"/>
        <type>
          <text value="FI"/>
        </type>
        <system value="urn:oid:2.16.840.1.113883.4.349"/>
        <value value="552"/>
      </identifier>
      <active value="true"/>
      <name value="DAYTON, OH VAMC"/>
      <address>
        <line value="4100 W. THIRD STREET"/>
        <city value="DAYTON"/>
        <state value="OH"/>
        <postalCode value="45428"/>
        <country value="USA"/>
      </address>
    </Organization>
  </contained>
  <contained>
    <Organization>
      <id value="OrgPerformer-989"/>
      <meta>
        <profile value="https://department-of-veterans-affairs.github.io/mhv-fhir-phr-mapping/StructureDefinition/VA.MHV.PHR.organization"/>
      </meta>
      <identifier>
        <use value="usual"/>
        <system value="urn:oid:2.16.840.1.113883.4.349"/>
        <value value="989"/>
      </identifier>
      <active value="true"/>
      <name value="DAYT29.FO-BAYPINES.MED.VA.GOV"/>
    </Organization>
  </contained>
  <contained>
    <ServiceRequest>
      <id value="ServiceRequest-1"/>
      <meta>
        <profile value="https://department-of-veterans-affairs.github.io/mhv-fhir-phr-mapping/StructureDefinition/VA.MHV.PHR.chOrder"/>
      </meta>
      <status value="unknown"/>
      <intent value="order"/>
      <category>
        <coding>
          <system value="http://snomed.info/sct"/>
          <code value="108252007"/>
          <display value="Laboratory procedure"/>
        </coding>
      </category>
      <code>
        <coding>
          <system value="http://va.gov/terminology/vistaDefinedTerms/64"/>
          <code value="85610.0000"/>
        </coding>
        <coding>
          <system value="http://va.gov/terminology/vistaDefinedTerms/60"/>
          <code value="1815"/>
          <display value="WHOLE BLOOD PROTIME PANEL"/>
        </coding>
        <text value="Prothrombin Time"/>
      </code>
      <subject>
        <reference value="Patient/ex-MHV-patient-942104"/>
      </subject>
      <requester>
        <reference value="#Provider-1"/>
      </requester>
      <performer>
        <reference value="#Organization-552"/>
      </performer>
    </ServiceRequest>
  </contained>
  <contained>
    <Observation>
      <id value="ChemistryResult-1.1"/>
      <meta>
        <profile value="https://department-of-veterans-affairs.github.io/mhv-fhir-phr-mapping/StructureDefinition/VA.MHV.PHR.chTest"/>
      </meta>
      <basedOn>
        <reference value="#ServiceRequest-1"/>
      </basedOn>
      <status value="final"/>
      <category>
        <coding>
          <system value="http://terminology.hl7.org/CodeSystem/observation-category"/>
          <code value="laboratory"/>
        </coding>
      </category>
      <code>
        <coding>
          <system value="http://loinc.org"/>
          <version value="2.65"/>
          <code value="5964-2"/>
        </coding>
        <coding>
          <system value="http://va.gov/terminology/vistaDefinedTerms/95.3"/>
          <version value="2.65"/>
          <code value="4684199"/>
        </coding>
        <text value="WHOLE BLOOD INR"/>
      </code>
      <subject>
        <reference value="Patient/ex-MHV-patient-942104"/>
      </subject>
      <effectiveDateTime value="2019-06-26T14:04:55-05:00"/>
      <performer>
        <reference value="#Organization-552"/>
      </performer>
      <valueString value="2.5"/>
      <interpretation>
        <coding>
          <system value="http://terminology.hl7.org/CodeSystem/v3-ObservationInterpretation"/>
          <code value="H"/>
        </coding>
        <text value="H"/>
      </interpretation>
      <note>
        <text value="Normal range prior to 6/29/00 = 0.98-1.3"/>
      </note>
      <specimen>
        <reference value="#Specimen-0"/>
      </specimen>
      <referenceRange>
        <text value="2.0-3.0"/>
      </referenceRange>
    </Observation>
  </contained>
  <contained>
    <Observation>
      <id value="ChemistryResult-1.2"/>
      <meta>
        <profile value="https://department-of-veterans-affairs.github.io/mhv-fhir-phr-mapping/StructureDefinition/VA.MHV.PHR.chTest"/>
      </meta>
      <basedOn>
        <reference value="#ServiceRequest-1"/>
      </basedOn>
      <status value="final"/>
      <category>
        <coding>
          <system value="http://terminology.hl7.org/CodeSystem/observation-category"/>
          <code value="laboratory"/>
        </coding>
      </category>
      <code>
        <coding>
          <system value="http://loinc.org"/>
          <version value="2.65"/>
          <code value="5964-2"/>
        </coding>
        <coding>
          <system value="http://va.gov/terminology/vistaDefinedTerms/95.3"/>
          <version value="2.65"/>
          <code value="4684199"/>
        </coding>
        <text value="WHOLE BLOOD PROTIME"/>
      </code>
      <subject>
        <reference value="Patient/ex-MHV-patient-942104"/>
      </subject>
      <effectiveDateTime value="2019-06-26T14:04:55-05:00"/>
      <performer>
        <reference value="#Organization-552"/>
      </performer>
      <valueQuantity>
        <value value="18"/>
        <unit value="SECS"/>
        <system value="http://unitsofmeasure.org"/>
        <code value="s"/>
      </valueQuantity>
      <interpretation>
        <coding>
          <system value="http://terminology.hl7.org/CodeSystem/v3-ObservationInterpretation"/>
          <code value="H"/>
        </coding>
        <text value="H"/>
      </interpretation>
      <specimen>
        <reference value="#Specimen-0"/>
      </specimen>
      <referenceRange>
        <text value="17.1-20.8"/>
      </referenceRange>
    </Observation>
  </contained>
  <extension url="https://department-of-veterans-affairs.github.io/mhv-fhir-phr-mapping/StructureDefinition/Notes">
    <valueString value="Lisa's test 6/26"/>
  </extension>
  <identifier>
    <use value="usual"/>
    <system value="urn:fdc:TEST.DAYTON.MED.VA.GOV:LR"/>
    <value value="5191770001"/>
  </identifier>
  <basedOn>
    <reference value="#ServiceRequest-1"/>
  </basedOn>
  <status value="final"/>
  <category>
    <coding>
      <system value="http://terminology.hl7.org/CodeSystem/v2-0074"/>
      <code value="LAB"/>
    </coding>
  </category>
  <category>
    <coding>
      <system value="http://terminology.hl7.org/CodeSystem/v2-0074"/>
      <code value="CH"/>
    </coding>
  </category>
  <category>
    <coding>
      <system value="http://loinc.org"/>
      <version value="2.65"/>
      <code value="5964-2"/>
    </coding>
    <text value="COAGULATION TISSUE FACTOR INDUCED:TIME:PT:BLD:QN:COAG"/>
  </category>
  <category>
    <coding>
      <system value="http://loinc.org"/>
      <version value="2.65"/>
      <code value="5964-2"/>
    </coding>
    <text value="COAGULATION TISSUE FACTOR INDUCED:TIME:PT:BLD:QN:COAG"/>
  </category>
  <code>
    <text value="CH"/>
  </code>
  <subject>
    <reference value="Patient/ex-MHV-patient-942104"/>
  </subject>
  <effectiveDateTime value="2019-06-26T14:04:55-05:00"/>
  <issued value="2019-06-26T14:06:08.000-05:00"/>
  <performer>
    <reference value="#OrgPerformer-989"/>
  </performer>
  <specimen>
    <reference value="#Specimen-0"/>
  </specimen>
  <result>
    <reference value="#ChemistryResult-1.1"/>
  </result>
  <result>
    <reference value="#ChemistryResult-1.2"/>
  </result>
</DiagnosticReport>