<?xml version="1.0" encoding="UTF-8"?>

<DiagnosticReport xmlns="http://hl7.org/fhir">
  <id value="ex-MHV-labReport-7"/>
  <meta>
    <profile value="https://department-of-veterans-affairs.github.io/mhv-fhir-phr-mapping/StructureDefinition/VA.MHV.PHR.labReport"/>
  </meta>
  <text>
    <status value="generated"/><div xmlns="http://www.w3.org/1999/xhtml"><h2><span title="Codes: {http://loinc.org 60567-5}">LR SURGICAL PATHOLOGY REPORT</span> (<span title="Codes: {http://terminology.hl7.org/CodeSystem/v2-0074 LAB}">Laboratory</span>) </h2><table class="grid"><tr><td>Subject</td><td><b>MTPZEROTWO DAYTSHR </b> male, DoB: 1000-01-01 ( id: 1 (use: USUAL))</td></tr><tr><td>When For</td><td>1997-09-09 13:13:00+0000</td></tr><tr><td>Reported</td><td>1997-09-09 13:13:00+0000</td></tr><tr><td>Identifier:</td><td> id: LabReportTO.SP;7029091 (use: USUAL)</td></tr></table><p><b>Report Details</b></p><p>Date Spec taken: Sep 08, 1997        Pathologist:JAZBIEH MOEZZI MD
Date Spec rec'd: Sep 08, 1997 13:08  Resident: 
Date  completed: Sep 09, 1997        Accession #: SP 97 2091
Submitted by: DEBRA K LATTA MD       Practitioner:DEBRA K LATTA
-------------------------------------------------------------------------------
Specimen: 
(A) BONE FROM RIGHT FOOT
(B) BONE RIGHT FOOT</p></div>
  </text>
  <contained>
    <Specimen>
      <id value="ex-MHV-specimen-7"/>
      <meta>
        <profile value="https://department-of-veterans-affairs.github.io/mhv-fhir-phr-mapping/StructureDefinition/VA.MHV.PHR.LabSpecimen"/>
      </meta>
      <identifier>
        <use value="usual"/>
      </identifier>
      <accessionIdentifier>
        <use value="usual"/>
        <system value="urn:oid:2.16.840.1.113883.4.349.4.989"/>
        <value value="SP 97 2091"/>
      </accessionIdentifier>
      <status value="available"/>
      <type>
        <text value="(A) BONE FROM RIGHT FOOT, (B) BONE RIGHT FOOT"/>
      </type>
      <collection>
        <collectedDateTime value="1997-09-08"/>
      </collection>
    </Specimen>
  </contained>
  <contained>
    <Organization>
      <id value="ex-MHV-organization-989"/>
      <meta>
        <profile value="https://department-of-veterans-affairs.github.io/mhv-fhir-phr-mapping/StructureDefinition/VA.MHV.PHR.organization"/>
      </meta>
      <identifier>
        <use value="usual"/>
        <system value="urn:oid:2.16.840.1.113883.4.349"/>
        <value value="LabSiteTO.989"/>
      </identifier>
      <identifier>
        <system value="http://hl7.org/fhir/sid/us-npi"/>
        <value value="1234"/>
      </identifier>
      <active value="true"/>
      <name value="Lab Site 989"/>
    </Organization>
  </contained>
  <identifier>
    <use value="usual"/>
    <system value="urn:oid:2.16.840.1.113883.4.349.4.989"/>
    <value value="LabReportTO.SP;7029091"/>
  </identifier>
  <status value="final"/>
  <category>
    <coding>
      <system value="http://terminology.hl7.org/CodeSystem/v2-0074"/>
      <code value="LAB"/>
    </coding>
  </category>
  <code>
    <coding>
      <system value="http://loinc.org"/>
      <code value="60567-5"/>
    </coding>
    <text value="LR SURGICAL PATHOLOGY REPORT"/>
  </code>
  <subject>
    <reference value="Patient/ex-MHV-patient-1"/>
  </subject>
  <effectiveDateTime value="1997-09-09T13:13:00Z"/>
  <issued value="1997-09-09T13:13:00Z"/>
  <performer>
    <reference value="#ex-MHV-organization-989"/>
  </performer>
  <specimen>
    <reference value="#ex-MHV-specimen-7"/>
  </specimen>
  <conclusion value="Date Spec taken: Sep 08, 1997        Pathologist:JAZBIEH MOEZZI MD&#xA;Date Spec rec'd: Sep 08, 1997 13:08  Resident: &#xA;Date  completed: Sep 09, 1997        Accession #: SP 97 2091&#xA;Submitted by: DEBRA K LATTA MD       Practitioner:DEBRA K LATTA&#xA;-------------------------------------------------------------------------------&#xA;Specimen: &#xA;(A) BONE FROM RIGHT FOOT&#xA;(B) BONE RIGHT FOOT"/>
</DiagnosticReport>