<?xml version="1.0" encoding="UTF-8"?>

<DiagnosticReport xmlns="http://hl7.org/fhir">
  <id value="ex-MHV-chReport-1190370002"/>
  <meta>
    <lastUpdated value="2019-02-06T11:14:53-05:00"/>
    <profile value="https://johnmoehrke.github.io/MHV-PHR/StructureDefinition/VA.MHV.PHR.chReport"/>
  </meta>
  <text>
    <status value="generated"/><div xmlns="http://www.w3.org/1999/xhtml"><h2><span title="Codes: ">CH</span> (<span title="Codes: {http://terminology.hl7.org/CodeSystem/v2-0074 LAB}">Laboratory</span>, <span title="Codes: {http://loinc.org 4548-4}">HEMOGLOBIN A1C/HEMOGLOBIN.TOTAL:MFR:PT:BLD:QN:</span>) </h2><table class="grid"><tr><td>Subject</td><td><b>L MHVSYSTEST </b> unknown, DoB: 1000-01-01 ( id: 942104 (use: USUAL))</td></tr><tr><td>When For</td><td>2019-02-06 11:14:52-0500</td></tr><tr><td>Reported</td><td>2019-02-06 11:14:52-0500</td></tr><tr><td>Identifier:</td><td> id: 1190370002 (use: USUAL)</td></tr></table><p><b>Report Details</b></p><table class="grid"><tr><td><b>Code</b></td><td><b>Value</b></td><td><b>Reference Range</b></td><td><b>Flags</b></td></tr><tr><td colspan="4"><i>This Observation could not be resolved</i></td></tr><tr><td colspan="4"><i>This Observation could not be resolved</i></td></tr></table><p>Lisa's Test 10/29/20</p></div>
  </text>
  <contained>
    <Observation>
      <id value="ex-MHV-chPanel-1190370002a"/>
      <meta>
        <profile value="https://johnmoehrke.github.io/MHV-PHR/StructureDefinition/VA.MHV.PHR.chPanel"/>
      </meta>
      <status value="final"/>
      <category>
        <coding>
          <system value="http://terminology.hl7.org/CodeSystem/observation-category"/>
          <code value="laboratory"/>
        </coding>
      </category>
      <code>
        <coding>
          <system value="http://va.gov/systems/99VA64"/>
          <code value="82830.0000"/>
        </coding>
        <coding>
          <system value="http://va.gov/systems/99VA60"/>
          <code value="179"/>
          <display value="CO2"/>
        </coding>
        <text value="Carbon Dioxide Content"/>
      </code>
      <subject>
        <reference value="Patient/ex-MHV-patient-942104"/>
      </subject>
      <hasMember>
        <reference value="#ex-MHV-chTest-1190370002a"/>
      </hasMember>
    </Observation>
  </contained>
  <contained>
    <Observation>
      <id value="ex-MHV-chTest-1190370002a"/>
      <meta>
        <profile value="https://johnmoehrke.github.io/MHV-PHR/StructureDefinition/VA.MHV.PHR.chTest"/>
      </meta>
      <status value="final"/>
      <category>
        <coding>
          <system value="http://terminology.hl7.org/CodeSystem/observation-category"/>
          <code value="laboratory"/>
        </coding>
      </category>
      <code>
        <coding>
          <system value="http://loinc.org"/>
          <version value="2.64"/>
          <code value="2028-9"/>
        </coding>
        <coding>
          <system value="http://va.gov/systems/99VA95.3"/>
          <version value="2.64"/>
          <code value="4662085"/>
        </coding>
        <text value="CO2"/>
      </code>
      <subject>
        <reference value="Patient/ex-MHV-patient-942104"/>
      </subject>
      <performer>
        <reference value="Organization/ex-MHV-organization-660"/>
      </performer>
      <valueQuantity>
        <value value="21"/>
        <unit value="mmol/L"/>
        <system value="http://unitsofmeasure.org"/>
      </valueQuantity>
      <interpretation>
        <coding>
          <system value="http://terminology.hl7.org/CodeSystem/v3-ObservationInterpretation"/>
          <code value="L"/>
        </coding>
        <text value="L"/>
      </interpretation>
      <referenceRange>
        <text value="22-32"/>
      </referenceRange>
    </Observation>
  </contained>
  <contained>
    <Specimen>
      <id value="ex-MHV-chSpecimen-1190370002"/>
      <meta>
        <profile value="https://johnmoehrke.github.io/MHV-PHR/StructureDefinition/VA.MHV.PHR.chSpecimen"/>
      </meta>
      <status value="available"/>
      <type>
        <coding>
          <system value="http://va.gov/systems/HL70070"/>
          <code value="PLAS"/>
          <display value="Plasma"/>
        </coding>
        <coding>
          <system value="http://va.gov/systems/99VA61"/>
          <version value="5.2"/>
          <code value="73"/>
          <display value="PLASMA"/>
        </coding>
        <text value="PLASMA"/>
      </type>
      <collection>
        <collectedDateTime value="2019-02-06T11:13:48-05:00"/>
      </collection>
    </Specimen>
  </contained>
  <identifier>
    <use value="usual"/>
    <system value="urn:oid:2.16.840.1.113883.4.349.4.989"/>
    <value value="1190370002"/>
  </identifier>
  <status value="final"/>
  <category>
    <coding>
      <system value="http://terminology.hl7.org/CodeSystem/v2-0074"/>
      <code value="LAB"/>
    </coding>
  </category>
  <category>
    <coding>
      <system value="http://loinc.org"/>
      <version value="2.68"/>
      <code value="4548-4"/>
    </coding>
    <text value="HEMOGLOBIN A1C/HEMOGLOBIN.TOTAL:MFR:PT:BLD:QN:"/>
  </category>
  <code>
    <text value="CH"/>
  </code>
  <subject>
    <reference value="Patient/ex-MHV-patient-942104"/>
  </subject>
  <effectiveDateTime value="2019-02-06T11:14:52-05:00"/>
  <issued value="2019-02-06T11:14:52-05:00"/>
  <performer>
    <reference value="Organization/ex-MHV-organization-979"/>
  </performer>
  <performer>
    <reference value="Organization/ex-MHV-organization-660"/>
  </performer>
  <performer>
    <reference value="Practitioner/ex-MHV-practitioner-59845-VA660"/>
  </performer>
  <specimen>
    <reference value="#ex-MHV-chSpecimen-1190370002"/>
  </specimen>
  <result>
    <reference value="#ex-MHV-chPanel-1190370002a"/>
  </result>
  <result>
    <reference value="#ex-MHV-chTest-1190370002a"/>
  </result>
  <conclusion value="Lisa's Test 10/29/20"/>
</DiagnosticReport>