<?xml version="1.0" encoding="UTF-8"?>

<DiagnosticReport xmlns="http://hl7.org/fhir">
  <id value="ex-MHV-chReport-1190530002"/>
  <meta>
    <profile value="https://department-of-veterans-affairs.github.io/mhv-fhir-phr-mapping/StructureDefinition/VA.MHV.PHR.chReport"/>
  </meta>
  <text>
    <status value="generated"/><div xmlns="http://www.w3.org/1999/xhtml"><h2><span title="Codes: ">CH</span> (<span title="Codes: {http://terminology.hl7.org/CodeSystem/v2-0074 LAB}">Laboratory</span>, <span title="Codes: {http://loinc.org 2345-7}">GLUCOSE:MCNC:PT:SER/PLAS:QN:</span>) </h2><table class="grid"><tr><td>Subject</td><td><b>L MHVSYSTEST </b> unknown, DoB: 1000-01-01 ( <code>urn:oid:2.16.840.1.113883.4.349</code>/942104 (use: USUAL))</td></tr><tr><td>When For</td><td>2019-02-22 11:11:47-0500</td></tr><tr><td>Reported</td><td>2019-02-22 21:12:57-0500</td></tr><tr><td>Identifier:</td><td> <code>urn:oid:2.16.840.1.113883.4.349.4.989</code>/1190530002 (use: USUAL)</td></tr></table><p><b>Report Details</b></p><table class="grid"><tr><td><b>Code</b></td><td><b>Value</b></td><td><b>Reference Range</b></td></tr><tr><td colspan="3"><i>This Observation could not be resolved</i></td></tr></table></div>
  </text>
  <contained>
    <Organization>
      <id value="ex-MHV-organization-979"/>
      <meta>
        <profile value="https://department-of-veterans-affairs.github.io/mhv-fhir-phr-mapping/StructureDefinition/VA.MHV.PHR.organization"/>
      </meta>
      <identifier>
        <use value="usual"/>
        <type>
          <text value="FI"/>
        </type>
        <system value="urn:oid:2.16.840.1.113883.4.349"/>
        <value value="979"/>
      </identifier>
      <active value="true"/>
      <name value="Organization 979"/>
    </Organization>
  </contained>
  <contained>
    <Practitioner>
      <id value="ex-MHV-practitioner-59845-VA660"/>
      <identifier>
        <system value="http://va.gov/systems/99VA4"/>
        <value value="59845-VA660"/>
      </identifier>
      <name>
        <family value="HALL"/>
        <given value="LISA"/>
        <given value="V"/>
      </name>
    </Practitioner>
  </contained>
  <contained>
    <Organization>
      <id value="ex-MHV-organization-660"/>
      <meta>
        <profile value="https://department-of-veterans-affairs.github.io/mhv-fhir-phr-mapping/StructureDefinition/VA.MHV.PHR.organization"/>
      </meta>
      <identifier>
        <use value="usual"/>
        <type>
          <text value="FI"/>
        </type>
        <system value="urn:oid:2.16.840.1.113883.4.349"/>
        <value value="660"/>
      </identifier>
      <active value="true"/>
      <name value="VA SALT LAKE CITY HEALTH CARE SYSTEM (660)"/>
      <address>
        <line value="500 FOOTHILL BLVD."/>
        <city value="SALT LAKE CITY"/>
        <state value="UT"/>
        <postalCode value="84148"/>
        <country value="USA"/>
      </address>
    </Organization>
  </contained>
  <contained>
    <ServiceRequest>
      <id value="ex-MHV-chOrder-1190530002a"/>
      <meta>
        <profile value="https://department-of-veterans-affairs.github.io/mhv-fhir-phr-mapping/StructureDefinition/VA.MHV.PHR.chOrder"/>
      </meta>
      <status value="unknown"/>
      <intent value="order"/>
      <category>
        <coding>
          <system value="http://snomed.info/sct"/>
          <code value="108252007"/>
          <display value="Laboratory procedure"/>
        </coding>
      </category>
      <code>
        <coding>
          <system value="http://va.gov/systems/99VA64"/>
          <code value="84330.0000"/>
        </coding>
        <coding>
          <system value="http://va.gov/systems/99VA60"/>
          <code value="175"/>
          <display value="GLUCOSE"/>
        </coding>
        <text value="PotasGlucose Quantsium"/>
      </code>
      <subject>
        <reference value="Patient/ex-MHV-patient-942104"/>
      </subject>
      <requester>
        <reference value="#ex-MHV-practitioner-59845-VA660"/>
      </requester>
      <performer>
        <reference value="#ex-MHV-organization-660"/>
      </performer>
    </ServiceRequest>
  </contained>
  <contained>
    <Observation>
      <id value="ex-MHV-chTest-1190530002a"/>
      <meta>
        <profile value="https://department-of-veterans-affairs.github.io/mhv-fhir-phr-mapping/StructureDefinition/VA.MHV.PHR.chTest"/>
      </meta>
      <basedOn>
        <reference value="#ex-MHV-chOrder-1190530002a"/>
      </basedOn>
      <status value="final"/>
      <category>
        <coding>
          <system value="http://terminology.hl7.org/CodeSystem/observation-category"/>
          <code value="laboratory"/>
        </coding>
      </category>
      <code>
        <coding>
          <system value="http://loinc.org"/>
          <version value="2.64"/>
          <code value="2345-7"/>
        </coding>
        <coding>
          <system value="http://va.gov/systems/99VA95.3"/>
          <version value="2.64"/>
          <code value="4665460"/>
        </coding>
        <text value="GLUCOSE"/>
      </code>
      <subject>
        <reference value="Patient/ex-MHV-patient-942104"/>
      </subject>
      <performer>
        <reference value="#ex-MHV-organization-660"/>
      </performer>
      <valueQuantity>
        <value value="90"/>
        <unit value="mg/dl"/>
        <system value="http://unitsofmeasure.org"/>
      </valueQuantity>
      <specimen>
        <reference value="#ex-MHV-chSpecimen-1190530002"/>
      </specimen>
      <referenceRange>
        <text value="71-119"/>
      </referenceRange>
    </Observation>
  </contained>
  <contained>
    <Specimen>
      <id value="ex-MHV-chSpecimen-1190530002"/>
      <meta>
        <profile value="https://department-of-veterans-affairs.github.io/mhv-fhir-phr-mapping/StructureDefinition/VA.MHV.PHR.chSpecimen"/>
      </meta>
      <status value="available"/>
      <type>
        <coding>
          <system value="http://terminology.hl7.org/CodeSystem/v2-0487"/>
          <code value="PLAS"/>
          <display value="Plasma"/>
        </coding>
        <coding>
          <system value="http://va.gov/systems/99VA61"/>
          <version value="5.2"/>
          <code value="73"/>
          <display value="PLASMA"/>
        </coding>
        <text value="PLASMA"/>
      </type>
      <collection>
        <collectedDateTime value="2019-02-22T11:11:47-05:00"/>
      </collection>
    </Specimen>
  </contained>
  <extension url="https://department-of-veterans-affairs.github.io/mhv-fhir-phr-mapping/StructureDefinition/Notes">
    <valueString value="Lisa's test 2/22/19"/>
  </extension>
  <identifier>
    <use value="usual"/>
    <system value="urn:oid:2.16.840.1.113883.4.349.4.989"/>
    <value value="1190530002"/>
  </identifier>
  <basedOn>
    <reference value="#ex-MHV-chOrder-1190530002a"/>
  </basedOn>
  <status value="final"/>
  <category>
    <coding>
      <system value="http://terminology.hl7.org/CodeSystem/v2-0074"/>
      <code value="LAB"/>
    </coding>
  </category>
  <category>
    <coding>
      <system value="http://loinc.org"/>
      <version value="2.64"/>
      <code value="2345-7"/>
    </coding>
    <text value="GLUCOSE:MCNC:PT:SER/PLAS:QN:"/>
  </category>
  <code>
    <text value="CH"/>
  </code>
  <subject>
    <reference value="Patient/ex-MHV-patient-942104"/>
  </subject>
  <effectiveDateTime value="2019-02-22T11:11:47-05:00"/>
  <issued value="2019-02-22T21:12:57-05:00"/>
  <performer>
    <reference value="#ex-MHV-organization-979"/>
  </performer>
  <specimen>
    <reference value="#ex-MHV-chSpecimen-1190530002"/>
  </specimen>
  <result>
    <reference value="#ex-MHV-chTest-1190530002a"/>
  </result>
</DiagnosticReport>