<?xml version="1.0" encoding="UTF-8"?>

<Immunization xmlns="http://hl7.org/fhir">
  <id value="ex-MHV-immunization-1"/>
  <meta>
    <profile value="https://johnmoehrke.github.io/MHV-PHR/StructureDefinition/VA.MHV.PHR.immunization"/>
  </meta>
  <text>
    <status value="generated"/><div xmlns="http://www.w3.org/1999/xhtml"><p><b>Generated Narrative: Immunization</b><a name="ex-MHV-immunization-1"> </a></p><div style="display: inline-block; background-color: #d9e0e7; padding: 6px; margin: 4px; border: 1px solid #8da1b4; border-radius: 5px; line-height: 60%"><p style="margin-bottom: 0px">Resource Immunization &quot;ex-MHV-immunization-1&quot; </p><p style="margin-bottom: 0px">Profile: <a href="StructureDefinition-VA.MHV.PHR.immunization.html">VA MHV PHR Immunization</a></p></div><p><b>identifier</b>: id: 124684 (use: USUAL)</p><p><b>status</b>: completed</p><p><b>vaccineCode</b>: COVID-19 (MODERNA), MRNA, LNP-S, PF, 100 MCG/0.5ML DOSE OR 50 MCG/0.25ML DOSE <span style="background: LightGoldenRodYellow; margin: 4px; border: 1px solid khaki"> ()</span></p><p><b>patient</b>: <a href="Patient-ex-patient-1.html">Patient/ex-patient-1</a> &quot; DAYTSHR&quot;</p><p><b>occurrence</b>: 2022-08-08 11:15:28+0000</p><p><b>recorded</b>: 2022-08-08 11:15:28+0000</p><p><b>primarySource</b>: false</p><p><b>note</b>: test</p></div>
  </text>
  <identifier>
    <use value="usual"/>
    <value value="124684"/>
  </identifier>
  <status value="completed"/>
  <vaccineCode>
    <text value="COVID-19 (MODERNA), MRNA, LNP-S, PF, 100 MCG/0.5ML DOSE OR 50 MCG/0.25ML DOSE"/>
  </vaccineCode>
  <patient>
    <reference value="Patient/ex-patient-1"/>
  </patient>
  <occurrenceDateTime value="2022-08-08T11:15:28Z"/>
  <recorded value="2022-08-08T11:15:28Z"/>
  <primarySource value="false"/>
  <note>
    <text value="test"/>
  </note>
</Immunization>