<?xml version="1.0" encoding="UTF-8"?>

<Immunization xmlns="http://hl7.org/fhir">
  <id value="ex-MHV-immunization-2"/>
  <meta>
    <profile value="https://johnmoehrke.github.io/MHV-PHR/StructureDefinition/VA.MHV.PHR.immunization"/>
  </meta>
  <text>
    <status value="generated"/><div xmlns="http://www.w3.org/1999/xhtml"><p><b>Generated Narrative: Immunization</b><a name="ex-MHV-immunization-2"> </a></p><div style="display: inline-block; background-color: #d9e0e7; padding: 6px; margin: 4px; border: 1px solid #8da1b4; border-radius: 5px; line-height: 60%"><p style="margin-bottom: 0px">Resource Immunization &quot;ex-MHV-immunization-2&quot; </p><p style="margin-bottom: 0px">Profile: <a href="StructureDefinition-VA.MHV.PHR.immunization.html">VA MHV PHR Immunization</a></p></div><p><b>identifier</b>: id: 111;124685 (use: USUAL)</p><p><b>status</b>: completed</p><p><b>vaccineCode</b>: INFLUENZA, INJECTABLE, QUADRIVALENT <span style="background: LightGoldenRodYellow; margin: 4px; border: 1px solid khaki"> (<a href="http://terminology.hl7.org/3.1.0/CodeSystem-CPT.html">Current Procedural Terminology (CPT®)</a>#90688 &quot;IIV4 VACCINE SPLT 0.5 ML IM&quot;)</span></p><p><b>patient</b>: <a href="Patient-ex-MHV-patient-1.html">Patient/ex-MHV-patient-1</a> &quot; DAYTSHR&quot;</p><p><b>occurrence</b>: 2022-08-05 16:56:38+0000</p><p><b>recorded</b>: 2022-08-05 16:56:38+0000</p><p><b>primarySource</b>: false</p><p><b>note</b>: test comment</p><h3>Reactions</h3><table class="grid"><tr><td>-</td><td><b>Detail</b></td></tr><tr><td>*</td><td><a name="in-reaction-2"> </a><blockquote><p/><p><a name="in-reaction-2"> </a></p><p><b>status</b>: final</p><p><b>code</b>: Fever (finding) <span style="background: LightGoldenRodYellow; margin: 4px; border: 1px solid khaki"> (<a href="https://browser.ihtsdotools.org/">SNOMED CT</a>#386661006)</span></p></blockquote></td></tr></table><hr/><blockquote><p><b>Generated Narrative: Observation #in-reaction-2</b><a name="in-reaction-2"> </a></p><p><b>status</b>: final</p><p><b>code</b>: Fever (finding) <span style="background: LightGoldenRodYellow; margin: 4px; border: 1px solid khaki"> (<a href="https://browser.ihtsdotools.org/">SNOMED CT</a>#386661006)</span></p></blockquote></div>
  </text>
  <contained>
    <Observation>
      <id value="in-reaction-2"/>
      <status value="final"/>
      <code>
        <coding>
          <system value="http://snomed.info/sct"/>
          <code value="386661006"/>
        </coding>
      </code>
    </Observation>
  </contained>
  <identifier>
    <use value="usual"/>
    <system value="urn:oid:2.16.840.1.113883.4.349"/>
    <value value="111;124685"/>
  </identifier>
  <status value="completed"/>
  <vaccineCode>
    <coding>
      <system value="http://www.ama-assn.org/go/cpt"/>
      <code value="90688"/>
      <display value="IIV4 VACCINE SPLT 0.5 ML IM"/>
    </coding>
    <text value="INFLUENZA, INJECTABLE, QUADRIVALENT"/>
  </vaccineCode>
  <patient>
    <reference value="Patient/ex-MHV-patient-1"/>
  </patient>
  <occurrenceDateTime value="2022-08-05T16:56:38Z"/>
  <recorded value="2022-08-05T16:56:38Z"/>
  <primarySource value="false"/>
  <note>
    <text value="test comment"/>
  </note>
  <reaction>
    <detail>
      <reference value="#in-reaction-2"/>
    </detail>
  </reaction>
</Immunization>