<?xml version="1.0" encoding="UTF-8"?>

<Immunization xmlns="http://hl7.org/fhir">
  <id value="ex-MHV-immunization-deleted-1"/>
  <meta>
    <profile value="https://department-of-veterans-affairs.github.io/mhv-fhir-phr-mapping/StructureDefinition/VA.MHV.PHR.immunization"/>
  </meta>
  <text>
    <status value="generated"/><div xmlns="http://www.w3.org/1999/xhtml"><p><b>Generated Narrative: Immunization</b><a name="ex-MHV-immunization-deleted-1"> </a></p><div style="display: inline-block; background-color: #d9e0e7; padding: 6px; margin: 4px; border: 1px solid #8da1b4; border-radius: 5px; line-height: 60%"><p style="margin-bottom: 0px">Resource Immunization &quot;ex-MHV-immunization-deleted-1&quot; </p><p style="margin-bottom: 0px">Profile: <a href="StructureDefinition-VA.MHV.PHR.immunization.html">VA MHV PHR Immunization</a></p></div><p><b>identifier</b>: id: ImmunizationTO.1 (use: USUAL)</p><p><b>status</b>: entered-in-error</p><p><b>vaccineCode</b>: COVID-19 (MODERNA), MRNA, LNP-S, PF, 100 MCG/0.5ML DOSE OR 50 MCG/0.25ML DOSE <span style="background: LightGoldenRodYellow; margin: 4px; border: 1px solid khaki"> ()</span></p><p><b>patient</b>: <a href="Patient-ex-MHV-patient-1.html">Patient/ex-MHV-patient-1</a> &quot; DAYTSHR&quot;</p><p><b>occurrence</b>: 2022-08-08 11:15:28+0000</p><p><b>recorded</b>: 2022-08-08 11:15:28+0000</p><p><b>primarySource</b>: Absent because : <code>unknown</code></p><p><b>location</b>: <a name="in-location-1"> </a></p><blockquote><p/><p><a name="in-location-1"> </a></p><p><b>identifier</b>: id: ?ngen-9? (use: USUAL)</p><p><b>name</b>: 23 HOUR OBSERVATION</p></blockquote><h3>Performers</h3><table class="grid"><tr><td style="display: none">-</td><td><b>Actor</b></td></tr><tr><td style="display: none">*</td><td><a name="ex-MHV-organization-552"> </a><blockquote><p/><p><a name="ex-MHV-organization-552"> </a></p><p><b>identifier</b>: L: 552 (use: USUAL)</p><p><b>active</b>: true</p><p><b>name</b>: DAYTON, OH VAMC</p><p><b>address</b>: 4100 W. THIRD STREET DAYTON OH 45428 USA </p></blockquote></td></tr></table><p><b>note</b>: test</p><h3>ProtocolApplieds</h3><table class="grid"><tr><td style="display: none">-</td><td><b>Series</b></td><td><b>DoseNumber[x]</b></td></tr><tr><td style="display: none">*</td><td>COMPLETE</td><td>C</td></tr></table><hr/><blockquote><p><b>Generated Narrative: Location #in-location-1</b><a name="in-location-1"> </a></p><p><b>identifier</b>: id: ?ngen-9? (use: USUAL)</p><p><b>name</b>: 23 HOUR OBSERVATION</p></blockquote><hr/><blockquote><p><b>Generated Narrative: Organization #ex-MHV-organization-552</b><a name="ex-MHV-organization-552"> </a></p><p><b>identifier</b>: L: 552 (use: USUAL)</p><p><b>active</b>: true</p><p><b>name</b>: DAYTON, OH VAMC</p><p><b>address</b>: 4100 W. THIRD STREET DAYTON OH 45428 USA </p></blockquote></div>
  </text>
  <contained>
    <Location>
      <id value="in-location-1"/>
      <meta>
        <profile value="https://department-of-veterans-affairs.github.io/mhv-fhir-phr-mapping/StructureDefinition/VA.MHV.PHR.location"/>
      </meta>
      <identifier>
        <use value="usual"/>
      </identifier>
      <name value="23 HOUR OBSERVATION"/>
    </Location>
  </contained>
  <contained>
    <Organization>
      <id value="ex-MHV-organization-552"/>
      <meta>
        <profile value="https://department-of-veterans-affairs.github.io/mhv-fhir-phr-mapping/StructureDefinition/VA.MHV.PHR.organization"/>
      </meta>
      <identifier>
        <use value="usual"/>
        <type>
          <text value="L"/>
        </type>
        <system value="urn:oid:2.16.840.1.113883.4.349"/>
        <value value="552"/>
      </identifier>
      <active value="true"/>
      <name value="DAYTON, OH VAMC"/>
      <address>
        <line value="4100 W. THIRD STREET"/>
        <city value="DAYTON"/>
        <state value="OH"/>
        <postalCode value="45428"/>
        <country value="USA"/>
      </address>
    </Organization>
  </contained>
  <identifier>
    <use value="usual"/>
    <system value="urn:oid:2.16.840.1.113883.4.349.4.989"/>
    <value value="ImmunizationTO.1"/>
  </identifier>
  <status value="entered-in-error"/>
  <vaccineCode>
    <text value="COVID-19 (MODERNA), MRNA, LNP-S, PF, 100 MCG/0.5ML DOSE OR 50 MCG/0.25ML DOSE"/>
  </vaccineCode>
  <patient>
    <reference value="Patient/ex-MHV-patient-1"/>
  </patient>
  <occurrenceDateTime value="2022-08-08T11:15:28Z"/>
  <recorded value="2022-08-08T11:15:28Z"/>
  <primarySource>
    <extension url="http://hl7.org/fhir/StructureDefinition/data-absent-reason">
      <valueCode value="unknown"/>
    </extension>
  </primarySource>
  <location>
    <reference value="#in-location-1"/>
  </location>
  <performer>
    <actor>
      <reference value="#ex-MHV-organization-552"/>
    </actor>
  </performer>
  <note>
    <text value="test"/>
  </note>
  <protocolApplied>
    <series value="COMPLETE"/>
    <doseNumberString value="C"/>
  </protocolApplied>
</Immunization>