<?xml version="1.0" encoding="UTF-8"?>

<Immunization xmlns="http://hl7.org/fhir">
  <id value="ex-MHV-immunization-2"/>
  <meta>
    <profile value="https://department-of-veterans-affairs.github.io/mhv-fhir-phr-mapping/StructureDefinition/VA.MHV.PHR.immunization"/>
  </meta>
  <text>
    <status value="generated"/><div xmlns="http://www.w3.org/1999/xhtml"><p><b>Generated Narrative: Immunization</b><a name="ex-MHV-immunization-2"> </a></p><div style="display: inline-block; background-color: #d9e0e7; padding: 6px; margin: 4px; border: 1px solid #8da1b4; border-radius: 5px; line-height: 60%"><p style="margin-bottom: 0px">Resource Immunization &quot;ex-MHV-immunization-2&quot; </p><p style="margin-bottom: 0px">Profile: <a href="StructureDefinition-VA.MHV.PHR.immunization.html">VA MHV PHR Immunization</a></p></div><p><b>identifier</b>: id: ImmunizationTO.2 (use: USUAL)</p><p><b>status</b>: completed</p><p><b>vaccineCode</b>: INFLUENZA, INJECTABLE, QUADRIVALENT <span style="background: LightGoldenRodYellow; margin: 4px; border: 1px solid khaki"> (<a href="http://terminology.hl7.org/5.0.0/CodeSystem-CPT.html">Current Procedural Terminology (CPT®)</a>#90688 &quot;IIV4 VACCINE SPLT 0.5 ML IM&quot;)</span></p><p><b>patient</b>: <a href="Patient-ex-MHV-patient-1.html">Patient/ex-MHV-patient-1</a> &quot; DAYTSHR&quot;</p><p><b>occurrence</b>: 2022-08-05 16:56:38+0000</p><p><b>recorded</b>: 2022-08-05 16:56:38+0000</p><p><b>primarySource</b>: Absent because : <code>unknown</code></p><p><b>location</b>: <a name="in-location-2"> </a></p><blockquote><p/><p><a name="in-location-2"> </a></p><p><b>identifier</b>: id: ?ngen-9? (use: USUAL)</p><p><b>name</b>: ADTP BURNETT</p></blockquote><h3>Performers</h3><table class="grid"><tr><td style="display: none">-</td><td><b>Actor</b></td></tr><tr><td style="display: none">*</td><td><a name="ex-MHV-organization-552"> </a><blockquote><p/><p><a name="ex-MHV-organization-552"> </a></p><p><b>identifier</b>: L: 552 (use: USUAL)</p><p><b>active</b>: true</p><p><b>name</b>: DAYTON, OH VAMC</p><p><b>address</b>: 4100 W. THIRD STREET DAYTON OH 45428 USA </p></blockquote></td></tr></table><p><b>note</b>: test comment</p><h3>Reactions</h3><table class="grid"><tr><td style="display: none">-</td><td><b>Detail</b></td></tr><tr><td style="display: none">*</td><td><a name="in-reaction-2"> </a><blockquote><p/><p><a name="in-reaction-2"> </a></p><p><b>status</b>: final</p><p><b>code</b>: FEVER <span style="background: LightGoldenRodYellow; margin: 4px; border: 1px solid khaki"> ()</span></p><p><b>subject</b>: <a href="Patient-ex-MHV-patient-1.html">Patient/ex-MHV-patient-1</a> &quot; DAYTSHR&quot;</p><p><b>effective</b>: 2022-08-05 16:56:38+0000</p><p><b>value</b>: Known present (qualifier value) <span style="background: LightGoldenRodYellow; margin: 4px; border: 1px solid khaki"> (<a href="https://browser.ihtsdotools.org/">SNOMED CT</a>#410515003)</span></p></blockquote></td></tr></table><h3>ProtocolApplieds</h3><table class="grid"><tr><td style="display: none">-</td><td><b>Series</b></td><td><b>DoseNumber[x]</b></td></tr><tr><td style="display: none">*</td><td>COMPLETE</td><td>C</td></tr></table><hr/><blockquote><p><b>Generated Narrative: Location #in-location-2</b><a name="in-location-2"> </a></p><p><b>identifier</b>: id: ?ngen-9? (use: USUAL)</p><p><b>name</b>: ADTP BURNETT</p></blockquote><hr/><blockquote><p><b>Generated Narrative: Observation #in-reaction-2</b><a name="in-reaction-2"> </a></p><p><b>status</b>: final</p><p><b>code</b>: FEVER <span style="background: LightGoldenRodYellow; margin: 4px; border: 1px solid khaki"> ()</span></p><p><b>subject</b>: <a href="Patient-ex-MHV-patient-1.html">Patient/ex-MHV-patient-1</a> &quot; DAYTSHR&quot;</p><p><b>effective</b>: 2022-08-05 16:56:38+0000</p><p><b>value</b>: Known present (qualifier value) <span style="background: LightGoldenRodYellow; margin: 4px; border: 1px solid khaki"> (<a href="https://browser.ihtsdotools.org/">SNOMED CT</a>#410515003)</span></p></blockquote><hr/><blockquote><p><b>Generated Narrative: Organization #ex-MHV-organization-552</b><a name="ex-MHV-organization-552"> </a></p><p><b>identifier</b>: L: 552 (use: USUAL)</p><p><b>active</b>: true</p><p><b>name</b>: DAYTON, OH VAMC</p><p><b>address</b>: 4100 W. THIRD STREET DAYTON OH 45428 USA </p></blockquote></div>
  </text>
  <contained>
    <Location>
      <id value="in-location-2"/>
      <meta>
        <profile value="https://department-of-veterans-affairs.github.io/mhv-fhir-phr-mapping/StructureDefinition/VA.MHV.PHR.location"/>
      </meta>
      <identifier>
        <use value="usual"/>
      </identifier>
      <name value="ADTP BURNETT"/>
    </Location>
  </contained>
  <contained>
    <Observation>
      <id value="in-reaction-2"/>
      <meta>
        <profile value="https://department-of-veterans-affairs.github.io/mhv-fhir-phr-mapping/StructureDefinition/VA.MHV.PHR.immunizationReaction"/>
      </meta>
      <status value="final"/>
      <code>
        <text value="FEVER"/>
      </code>
      <subject>
        <reference value="Patient/ex-MHV-patient-1"/>
      </subject>
      <effectiveDateTime value="2022-08-05T16:56:38Z"/>
      <valueCodeableConcept>
        <coding>
          <system value="http://snomed.info/sct"/>
          <code value="410515003"/>
        </coding>
      </valueCodeableConcept>
    </Observation>
  </contained>
  <contained>
    <Organization>
      <id value="ex-MHV-organization-552"/>
      <meta>
        <profile value="https://department-of-veterans-affairs.github.io/mhv-fhir-phr-mapping/StructureDefinition/VA.MHV.PHR.organization"/>
      </meta>
      <identifier>
        <use value="usual"/>
        <type>
          <text value="L"/>
        </type>
        <system value="urn:oid:2.16.840.1.113883.4.349"/>
        <value value="552"/>
      </identifier>
      <active value="true"/>
      <name value="DAYTON, OH VAMC"/>
      <address>
        <line value="4100 W. THIRD STREET"/>
        <city value="DAYTON"/>
        <state value="OH"/>
        <postalCode value="45428"/>
        <country value="USA"/>
      </address>
    </Organization>
  </contained>
  <identifier>
    <use value="usual"/>
    <system value="urn:oid:2.16.840.1.113883.4.349.4.989"/>
    <value value="ImmunizationTO.2"/>
  </identifier>
  <status value="completed"/>
  <vaccineCode>
    <coding>
      <system value="http://www.ama-assn.org/go/cpt"/>
      <code value="90688"/>
      <display value="IIV4 VACCINE SPLT 0.5 ML IM"/>
    </coding>
    <text value="INFLUENZA, INJECTABLE, QUADRIVALENT"/>
  </vaccineCode>
  <patient>
    <reference value="Patient/ex-MHV-patient-1"/>
  </patient>
  <occurrenceDateTime value="2022-08-05T16:56:38Z"/>
  <recorded value="2022-08-05T16:56:38Z"/>
  <primarySource>
    <extension url="http://hl7.org/fhir/StructureDefinition/data-absent-reason">
      <valueCode value="unknown"/>
    </extension>
  </primarySource>
  <location>
    <reference value="#in-location-2"/>
  </location>
  <performer>
    <actor>
      <reference value="#ex-MHV-organization-552"/>
    </actor>
  </performer>
  <note>
    <text value="test comment"/>
  </note>
  <reaction>
    <detail>
      <reference value="#in-reaction-2"/>
    </detail>
  </reaction>
  <protocolApplied>
    <series value="COMPLETE"/>
    <doseNumberString value="C"/>
  </protocolApplied>
</Immunization>