<?xml version="1.0" encoding="UTF-8"?>

<ImplementationGuide xmlns="http://hl7.org/fhir">
  <id value="va.mhv.phr.example"/>
  <text>
    <status value="extensions"/><div xmlns="http://www.w3.org/1999/xhtml"><h2>MHVPHR</h2><p>The official URL for this implementation guide is: </p><pre>https://johnmoehrke.github.io/MHV-PHR/ImplementationGuide/va.mhv.phr.example</pre><div><p>MyHealtheVet exposing PHR using FHIR and Testing Plan.</p>
</div></div>
  </text>
  <extension url="http://hl7.org/fhir/StructureDefinition/structuredefinition-standards-status">
    <valueCode value="trial-use"/>
  </extension>
  <extension url="http://hl7.org/fhir/StructureDefinition/structuredefinition-fmm">
    <valueInteger value="0"/>
  </extension>
  <url value="https://johnmoehrke.github.io/MHV-PHR/ImplementationGuide/va.mhv.phr.example"/>
  <version value="0.1.7-beta"/>
  <name value="MHVPHR"/>
  <title value="MyHealtheVet PHR FHIR API"/>
  <status value="active"/>
  <date value="2023-03-30T12:22:18-05:00"/>
  <publisher value="John Moehrke (himself)"/>
  <contact>
    <name value="John Moehrke (himself)"/>
    <telecom>
      <system value="url"/>
      <value value="http://healthcaresecprivacy.blogspot.com"/>
    </telecom>
    <telecom>
      <system value="email"/>
      <value value="JohnMoehrke@gmail.com"/>
    </telecom>
  </contact>
  <contact>
    <name value="John Moehrke (himself)"/>
    <telecom>
      <system value="email"/>
      <value value="JohnMoehrke@gmail.com"/>
    </telecom>
  </contact>
  <description value="MyHealtheVet exposing PHR using FHIR and Testing Plan."/>
  <jurisdiction>
    <coding>
      <system value="urn:iso:std:iso:3166"/>
      <code value="US"/>
    </coding>
  </jurisdiction>
  <packageId value="va.mhv.phr.example"/>
  <license value="CC-BY-4.0"/>
  <fhirVersion value="4.0.1"/>
  <dependsOn id="hl7tx">
    <extension url="http://hl7.org/fhir/tools/StructureDefinition/implementationguide-dependency-comment">
      <valueMarkdown value="Automatically added as a dependency - all IGs depend on HL7 Terminology"/>
    </extension>
    <uri value="http://terminology.hl7.org/ImplementationGuide/hl7.terminology"/>
    <packageId value="hl7.terminology.r4"/>
    <version value="5.0.0"/>
  </dependsOn>
  <dependsOn id="hl7_fhir_us_core">
    <uri value="http://hl7.org/fhir/us/core/ImplementationGuide/hl7.fhir.us.core"/>
    <packageId value="hl7.fhir.us.core"/>
    <version value="5.0.1"/>
  </dependsOn>
  <definition>
    <extension url="http://hl7.org/fhir/tools/StructureDefinition/ig-parameter">
      <extension url="code">
        <valueString value="copyrightyear"/>
      </extension>
      <extension url="value">
        <valueString value="2022+"/>
      </extension>
    </extension>
    <extension url="http://hl7.org/fhir/tools/StructureDefinition/ig-parameter">
      <extension url="code">
        <valueString value="releaselabel"/>
      </extension>
      <extension url="value">
        <valueString value="ci-build"/>
      </extension>
    </extension>
    <extension url="http://hl7.org/fhir/tools/StructureDefinition/ig-parameter">
      <extension url="code">
        <valueString value="show-inherited-invariants"/>
      </extension>
      <extension url="value">
        <valueString value="false"/>
      </extension>
    </extension>
    <extension url="http://hl7.org/fhir/tools/StructureDefinition/ig-parameter">
      <extension url="code">
        <valueString value="usage-stats-opt-out"/>
      </extension>
      <extension url="value">
        <valueString value="true"/>
      </extension>
    </extension>
    <extension url="http://hl7.org/fhir/tools/StructureDefinition/ig-parameter">
      <extension url="code">
        <valueString value="logging"/>
      </extension>
      <extension url="value">
        <valueString value="progress"/>
      </extension>
    </extension>
    <extension url="http://hl7.org/fhir/tools/StructureDefinition/ig-parameter">
      <extension url="code">
        <valueString value="shownav"/>
      </extension>
      <extension url="value">
        <valueString value="true"/>
      </extension>
    </extension>
    <extension url="http://hl7.org/fhir/tools/StructureDefinition/ig-parameter">
      <extension url="code">
        <valueString value="active-tables"/>
      </extension>
      <extension url="value">
        <valueString value="false"/>
      </extension>
    </extension>
    <extension url="http://hl7.org/fhir/tools/StructureDefinition/ig-parameter">
      <extension url="code">
        <valueString value="apply-contact"/>
      </extension>
      <extension url="value">
        <valueString value="true"/>
      </extension>
    </extension>
    <extension url="http://hl7.org/fhir/tools/StructureDefinition/ig-parameter">
      <extension url="code">
        <valueString value="apply-jurisdiction"/>
      </extension>
      <extension url="value">
        <valueString value="true"/>
      </extension>
    </extension>
    <extension url="http://hl7.org/fhir/tools/StructureDefinition/ig-parameter">
      <extension url="code">
        <valueString value="apply-publisher"/>
      </extension>
      <extension url="value">
        <valueString value="true"/>
      </extension>
    </extension>
    <extension url="http://hl7.org/fhir/tools/StructureDefinition/ig-parameter">
      <extension url="code">
        <valueString value="apply-version"/>
      </extension>
      <extension url="value">
        <valueString value="true"/>
      </extension>
    </extension>
    <extension url="http://hl7.org/fhir/tools/StructureDefinition/ig-parameter">
      <extension url="code">
        <valueString value="autoload-resources"/>
      </extension>
      <extension url="value">
        <valueString value="true"/>
      </extension>
    </extension>
    <extension url="http://hl7.org/fhir/tools/StructureDefinition/ig-parameter">
      <extension url="code">
        <valueString value="path-output"/>
      </extension>
      <extension url="value">
        <valueString value="docs"/>
      </extension>
    </extension>
    <extension url="http://hl7.org/fhir/tools/StructureDefinition/ig-parameter">
      <extension url="code">
        <valueString value="excludettl"/>
      </extension>
      <extension url="value">
        <valueString value="true"/>
      </extension>
    </extension>
    <extension url="http://hl7.org/fhir/tools/StructureDefinition/ig-parameter">
      <extension url="code">
        <valueString value="path-liquid"/>
      </extension>
      <extension url="value">
        <valueString value="template/liquid"/>
      </extension>
    </extension>
    <extension url="http://hl7.org/fhir/tools/StructureDefinition/ig-parameter">
      <extension url="code">
        <valueString value="path-liquid"/>
      </extension>
      <extension url="value">
        <valueString value="input/liquid"/>
      </extension>
    </extension>
    <extension url="http://hl7.org/fhir/tools/StructureDefinition/ig-parameter">
      <extension url="code">
        <valueString value="path-qa"/>
      </extension>
      <extension url="value">
        <valueString value="temp/qa"/>
      </extension>
    </extension>
    <extension url="http://hl7.org/fhir/tools/StructureDefinition/ig-parameter">
      <extension url="code">
        <valueString value="path-temp"/>
      </extension>
      <extension url="value">
        <valueString value="temp/pages"/>
      </extension>
    </extension>
    <extension url="http://hl7.org/fhir/tools/StructureDefinition/ig-parameter">
      <extension url="code">
        <valueString value="path-suppressed-warnings"/>
      </extension>
      <extension url="value">
        <valueString value="input/ignoreWarnings.txt"/>
      </extension>
    </extension>
    <extension url="http://hl7.org/fhir/tools/StructureDefinition/ig-parameter">
      <extension url="code">
        <valueString value="path-history"/>
      </extension>
      <extension url="value">
        <valueString value="https://johnmoehrke.github.io/MHV-PHR/history.html"/>
      </extension>
    </extension>
    <extension url="http://hl7.org/fhir/tools/StructureDefinition/ig-parameter">
      <extension url="code">
        <valueString value="template-html"/>
      </extension>
      <extension url="value">
        <valueString value="template-page.html"/>
      </extension>
    </extension>
    <extension url="http://hl7.org/fhir/tools/StructureDefinition/ig-parameter">
      <extension url="code">
        <valueString value="template-md"/>
      </extension>
      <extension url="value">
        <valueString value="template-page-md.html"/>
      </extension>
    </extension>
    <extension url="http://hl7.org/fhir/tools/StructureDefinition/ig-parameter">
      <extension url="code">
        <valueString value="apply-context"/>
      </extension>
      <extension url="value">
        <valueString value="true"/>
      </extension>
    </extension>
    <extension url="http://hl7.org/fhir/tools/StructureDefinition/ig-parameter">
      <extension url="code">
        <valueString value="apply-copyright"/>
      </extension>
      <extension url="value">
        <valueString value="true"/>
      </extension>
    </extension>
    <extension url="http://hl7.org/fhir/tools/StructureDefinition/ig-parameter">
      <extension url="code">
        <valueString value="apply-license"/>
      </extension>
      <extension url="value">
        <valueString value="true"/>
      </extension>
    </extension>
    <extension url="http://hl7.org/fhir/tools/StructureDefinition/ig-parameter">
      <extension url="code">
        <valueString value="fmm-definition"/>
      </extension>
      <extension url="value">
        <valueString value="http://hl7.org/fhir/versions.html#maturity"/>
      </extension>
    </extension>
    <extension url="http://hl7.org/fhir/tools/StructureDefinition/ig-parameter">
      <extension url="code">
        <valueString value="propagate-status"/>
      </extension>
      <extension url="value">
        <valueString value="true"/>
      </extension>
    </extension>
    <extension url="http://hl7.org/fhir/tools/StructureDefinition/ig-parameter">
      <extension url="code">
        <valueString value="excludelogbinaryformat"/>
      </extension>
      <extension url="value">
        <valueString value="true"/>
      </extension>
    </extension>
    <extension url="http://hl7.org/fhir/tools/StructureDefinition/ig-parameter">
      <extension url="code">
        <valueString value="tabbed-snapshots"/>
      </extension>
      <extension url="value">
        <valueString value="true"/>
      </extension>
    </extension>
    <extension url="http://hl7.org/fhir/tools/StructureDefinition/ig-parameter">
      <extension url="code">
        <valueCode value="copyrightyear"/>
      </extension>
      <extension url="value">
        <valueString value="2022+"/>
      </extension>
    </extension>
    <extension url="http://hl7.org/fhir/tools/StructureDefinition/ig-parameter">
      <extension url="code">
        <valueCode value="releaselabel"/>
      </extension>
      <extension url="value">
        <valueString value="ci-build"/>
      </extension>
    </extension>
    <extension url="http://hl7.org/fhir/tools/StructureDefinition/ig-parameter">
      <extension url="code">
        <valueCode value="show-inherited-invariants"/>
      </extension>
      <extension url="value">
        <valueString value="false"/>
      </extension>
    </extension>
    <extension url="http://hl7.org/fhir/tools/StructureDefinition/ig-parameter">
      <extension url="code">
        <valueCode value="usage-stats-opt-out"/>
      </extension>
      <extension url="value">
        <valueString value="true"/>
      </extension>
    </extension>
    <extension url="http://hl7.org/fhir/tools/StructureDefinition/ig-parameter">
      <extension url="code">
        <valueCode value="logging"/>
      </extension>
      <extension url="value">
        <valueString value="progress"/>
      </extension>
    </extension>
    <extension url="http://hl7.org/fhir/tools/StructureDefinition/ig-parameter">
      <extension url="code">
        <valueCode value="shownav"/>
      </extension>
      <extension url="value">
        <valueString value="true"/>
      </extension>
    </extension>
    <extension url="http://hl7.org/fhir/tools/StructureDefinition/ig-parameter">
      <extension url="code">
        <valueCode value="active-tables"/>
      </extension>
      <extension url="value">
        <valueString value="false"/>
      </extension>
    </extension>
    <extension url="http://hl7.org/fhir/tools/StructureDefinition/ig-parameter">
      <extension url="code">
        <valueCode value="apply-contact"/>
      </extension>
      <extension url="value">
        <valueString value="true"/>
      </extension>
    </extension>
    <extension url="http://hl7.org/fhir/tools/StructureDefinition/ig-parameter">
      <extension url="code">
        <valueCode value="apply-jurisdiction"/>
      </extension>
      <extension url="value">
        <valueString value="true"/>
      </extension>
    </extension>
    <extension url="http://hl7.org/fhir/tools/StructureDefinition/ig-parameter">
      <extension url="code">
        <valueCode value="apply-publisher"/>
      </extension>
      <extension url="value">
        <valueString value="true"/>
      </extension>
    </extension>
    <extension url="http://hl7.org/fhir/tools/StructureDefinition/ig-parameter">
      <extension url="code">
        <valueCode value="apply-version"/>
      </extension>
      <extension url="value">
        <valueString value="true"/>
      </extension>
    </extension>
    <extension url="http://hl7.org/fhir/tools/StructureDefinition/ig-parameter">
      <extension url="code">
        <valueCode value="autoload-resources"/>
      </extension>
      <extension url="value">
        <valueString value="true"/>
      </extension>
    </extension>
    <extension url="http://hl7.org/fhir/tools/StructureDefinition/ig-parameter">
      <extension url="code">
        <valueCode value="path-output"/>
      </extension>
      <extension url="value">
        <valueString value="docs"/>
      </extension>
    </extension>
    <extension url="http://hl7.org/fhir/tools/StructureDefinition/ig-parameter">
      <extension url="code">
        <valueCode value="excludettl"/>
      </extension>
      <extension url="value">
        <valueString value="true"/>
      </extension>
    </extension>
    <extension url="http://hl7.org/fhir/tools/StructureDefinition/ig-parameter">
      <extension url="code">
        <valueCode value="path-liquid"/>
      </extension>
      <extension url="value">
        <valueString value="template/liquid"/>
      </extension>
    </extension>
    <extension url="http://hl7.org/fhir/tools/StructureDefinition/ig-parameter">
      <extension url="code">
        <valueCode value="path-liquid"/>
      </extension>
      <extension url="value">
        <valueString value="input/liquid"/>
      </extension>
    </extension>
    <extension url="http://hl7.org/fhir/tools/StructureDefinition/ig-parameter">
      <extension url="code">
        <valueCode value="path-qa"/>
      </extension>
      <extension url="value">
        <valueString value="temp/qa"/>
      </extension>
    </extension>
    <extension url="http://hl7.org/fhir/tools/StructureDefinition/ig-parameter">
      <extension url="code">
        <valueCode value="path-temp"/>
      </extension>
      <extension url="value">
        <valueString value="temp/pages"/>
      </extension>
    </extension>
    <extension url="http://hl7.org/fhir/tools/StructureDefinition/ig-parameter">
      <extension url="code">
        <valueCode value="path-suppressed-warnings"/>
      </extension>
      <extension url="value">
        <valueString value="input/ignoreWarnings.txt"/>
      </extension>
    </extension>
    <extension url="http://hl7.org/fhir/tools/StructureDefinition/ig-parameter">
      <extension url="code">
        <valueCode value="path-history"/>
      </extension>
      <extension url="value">
        <valueString value="https://johnmoehrke.github.io/MHV-PHR/history.html"/>
      </extension>
    </extension>
    <extension url="http://hl7.org/fhir/tools/StructureDefinition/ig-parameter">
      <extension url="code">
        <valueCode value="template-html"/>
      </extension>
      <extension url="value">
        <valueString value="template-page.html"/>
      </extension>
    </extension>
    <extension url="http://hl7.org/fhir/tools/StructureDefinition/ig-parameter">
      <extension url="code">
        <valueCode value="template-md"/>
      </extension>
      <extension url="value">
        <valueString value="template-page-md.html"/>
      </extension>
    </extension>
    <extension url="http://hl7.org/fhir/tools/StructureDefinition/ig-parameter">
      <extension url="code">
        <valueCode value="apply-context"/>
      </extension>
      <extension url="value">
        <valueString value="true"/>
      </extension>
    </extension>
    <extension url="http://hl7.org/fhir/tools/StructureDefinition/ig-parameter">
      <extension url="code">
        <valueCode value="apply-copyright"/>
      </extension>
      <extension url="value">
        <valueString value="true"/>
      </extension>
    </extension>
    <extension url="http://hl7.org/fhir/tools/StructureDefinition/ig-parameter">
      <extension url="code">
        <valueCode value="apply-license"/>
      </extension>
      <extension url="value">
        <valueString value="true"/>
      </extension>
    </extension>
    <extension url="http://hl7.org/fhir/tools/StructureDefinition/ig-parameter">
      <extension url="code">
        <valueCode value="fmm-definition"/>
      </extension>
      <extension url="value">
        <valueString value="http://hl7.org/fhir/versions.html#maturity"/>
      </extension>
    </extension>
    <extension url="http://hl7.org/fhir/tools/StructureDefinition/ig-parameter">
      <extension url="code">
        <valueCode value="propagate-status"/>
      </extension>
      <extension url="value">
        <valueString value="true"/>
      </extension>
    </extension>
    <extension url="http://hl7.org/fhir/tools/StructureDefinition/ig-parameter">
      <extension url="code">
        <valueCode value="excludelogbinaryformat"/>
      </extension>
      <extension url="value">
        <valueString value="true"/>
      </extension>
    </extension>
    <extension url="http://hl7.org/fhir/tools/StructureDefinition/ig-parameter">
      <extension url="code">
        <valueCode value="tabbed-snapshots"/>
      </extension>
      <extension url="value">
        <valueString value="true"/>
      </extension>
    </extension>
    <resource>
      <extension url="http://hl7.org/fhir/tools/StructureDefinition/resource-information">
        <valueString value="StructureDefinition:resource"/>
      </extension>
      <reference>
        <reference value="StructureDefinition/VA.MHV.PHR.condition"/>
      </reference>
      <name value="VA MHV PHR problems"/>
      <description value="A profile on the Condition resource for MHV PHR exposing Problems using FHIR API.&#xA;&#xA;- The mock example maps best to VIA_v4.0.7_uat.wsdl. &#xA;- Should be based on US-Core for Condition Resource&#xA;- Presume we will not expose those that are ProblemTO.removed = true&#xA;&#xA;TODO:&#xA;- not clear if the ProblemTO.location is describing, is it evidence?&#xA;- what are the other values for ProblemTO.status&#xA;- not clear what ProblemTO.accuity.tag is&#xA;- not clear what ProblemTo.facility is"/>
      <exampleBoolean value="false"/>
    </resource>
    <resource>
      <extension url="http://hl7.org/fhir/tools/StructureDefinition/resource-information">
        <valueString value="StructureDefinition:resource"/>
      </extension>
      <reference>
        <reference value="StructureDefinition/VA.MHV.PHR.ecg"/>
      </reference>
      <name value="VA MHV PHR ECG"/>
      <description value="A profile on the DocumentReference resource for MHV PHR exposing ECG (ClinicalProcedureTO) using FHIR API.&#xA;&#xA;- The mock example maps best to VIA_v4.0.7_uat.wsdl. &#xA;- based on US-Core for Clinical Notes&#xA;- must also have category of [Cardiology (LP29708-2)](https://loinc.org/LP29708-2)&#xA;- .identifier holds the ClinicalProcedureTO.id&#xA;- must have type of LOINC 11524-6&#xA;&#xA;TODO Questions:&#xA;- none"/>
      <exampleBoolean value="false"/>
    </resource>
    <resource>
      <extension url="http://hl7.org/fhir/tools/StructureDefinition/resource-information">
        <valueString value="StructureDefinition:resource"/>
      </extension>
      <reference>
        <reference value="StructureDefinition/VA.MHV.PHR.imaging"/>
      </reference>
      <name value="VA MHV PHR Radiology"/>
      <description value="A profile on the DocumentReference resource for MHV PHR exposing Radiology note (ImagingExamTO) using FHIR API.&#xA;&#xA;- The mock example maps best to VIA_v4.0.7_uat.wsdl. &#xA;- based on US-Core for Clinical Notes&#xA;- type LOINC#18748-4 &quot;Diagnostic imaging study&quot;&#xA;- see [mapping](StructureDefinition-VA.MHV.PHR.imaging-mappings.html#mappings-for-vdif-to-mhv-phr-imagingexamto) for details&#xA;&#xA;TODO Questions:&#xA;- some schema elements found in VIA_v4.0.7_uat.wsdl are not mapped here because I can't tell what is in them. Most of them likely have a place to go in the FHIR model, but I need to know more about them.&#xA;  - hasImages&#xA;  - imagingType - always was GENERAL RADIOLOGY&#xA;  - facility - no clear place in DocumentReference. Need to understand this better, is it data best put inside a contained Encounter?&#xA;  - these never appeared in examples&#xA;    - modifiers&#xA;    - clinicalHX&#xA;    - impression&#xA;    - imagingExamTO&#xA;    - reportId"/>
      <exampleBoolean value="false"/>
    </resource>
    <resource>
      <extension url="http://hl7.org/fhir/tools/StructureDefinition/resource-information">
        <valueString value="StructureDefinition:resource"/>
      </extension>
      <reference>
        <reference value="StructureDefinition/VA.MHV.PHR.immunization"/>
      </reference>
      <name value="VA MHV PHR Immunization"/>
      <description value="A profile on the Immunization that declares how MHV will expose PHR immunization.&#xA;&#xA;**Proposed mapping not yet approved for implementation**&#xA;&#xA;* Derived off of US-Core Immunization&#xA;  * US-Core already requires: status, vaccineCode, patient, occurance[x], primarySource&#xA;* must point at the patient&#xA;* must have status of completed &#xA;* must have identifier as cross reference to original source&#xA;* must have a code.text or code.coding from a valueset&#xA;  * code.coding should be a CVX but we don't have such.&#xA;  * Might have a CPT code&#xA;* must have a date (occuranceDateTime) the vaccine was administered from the UI&#xA;  * will also be used for recorded date&#xA;* must be indicated this data are not official record (primarySource=false)&#xA;* any reaction is recorded as a contained observation&#xA;* may have a comment note&#xA;* once created will have an id, versionId, lastUpdated.&#xA;* Not sure if text will be populated&#xA;&#xA;Mapping from [ImmunizationTO](StructureDefinition-VA.MHV.PHR.immunization-mappings.html#mappings-for-vdif-to-mhv-phr-immunizationto)&#xA;&#xA;TODO Questions: &#xA;- The given mock example aligns with both VIA_v4.0.7_uat.wsdl and mockey-mdws3-service.wsdl. The VIA schema has more elements. The mapping is only for elements that were in both and for which I had an example. Better mapping can be done if specific schema can be identifed, and more rich mock example.&#xA;- reaction appears to be a controlled vocabulary (e.g. FEVER), or is it a number (1-11 - convertReactionCode())?&#xA;- contraindicated -- appears to be a number (e.g. 0). No idea what the values might be or what they might mean&#xA;- id - presuming this is a persisted identifier we can cross-reference with&#xA;- series - this appears to be a controlled vocabulary (e.g. COMPLETE). What are the possible values and what do they mean?&#xA;- encounter - should we convert these to instances of FHIR Encounter?&#xA;- could have function that converts a defined set of ImmunizationTO.name values to proper codes. This might be an advanced feature."/>
      <exampleBoolean value="false"/>
    </resource>
    <resource>
      <extension url="http://hl7.org/fhir/tools/StructureDefinition/resource-information">
        <valueString value="StructureDefinition:resource"/>
      </extension>
      <reference>
        <reference value="StructureDefinition/VA.MHV.PHR.labReport"/>
      </reference>
      <name value="VA MHV PHR Lab Report"/>
      <description value="A profile showing how LabReportTO is mapped into a FHIR DiagnosticReport, Observation, and Specimen.&#xA;&#xA;The given example aligns with the VIA_v4.0.7_uat.wsdl. LabReportTO, LabTestTO, LabResultTO and LabSpecimenTO&#xA;&#xA;The LabReportTO is mapped onto this FHIR DiagnosticReport for laboratory reporting. The mapping to [VDIF LabReportTO](StructureDefinition-VA.MHV.PHR.labReport-mappings.html#mappings-for-vdif-to-mhv-phr-labreportto)&#xA;&#xA;The LabTestTO plus LabResultTO are combined and mapped onto a FHIR [Observation for laboratory result](StructureDefinition-VA.MHV.PHR.labTest.html) that is contained in the DiagnosticReport. The map to [VDIF LabTestTO and LabResultTO](StructureDefinition-VA.MHV.PHR.labTest-mappings.html#mappings-for-vdif-to-mhv-phr-labtestto). This does not ultimately need to be contained, but given the mock examples are so minimal these are not useful as standalone Observations.&#xA;&#xA;The LabSpecimen is mapped into a [Specimen](StructureDefinition-VA.MHV.PHR.LabSpecimen.html) resource that is contained in the DiagnosticReport. The map to [VDIF LabSpecimenTO](StructureDefinition-VA.MHV.PHR.LabSpecimen-mappings.html#mappings-for-vdif-to-mhv-phr-labspecimen). These Specimen could be standalone resources, but given the mock examples are so minimal these are best as contained.&#xA;&#xA;The use of contained means that we do not need to de-duplicate the lab tests or specimen.&#xA;&#xA;TODO determine impact of the new LOINC report on this topic https://loinc.org/file-access/?download-id=22762 the impact has not been assessed. I followed FHIR US-Core.&#xA;&#xA;TODO confirm: Are there other labReportTO.type values beyond SP, and MI? or is the example limited to just these? We really need to find a legitimate LOINC code for these two kinds of reports. I am not confident of the LOINC code I picked for the MI (LOINC#79381-0), I am slightly more confident of the code I picked for SP (LOINC#60567-5)&#xA;&#xA;- This profile should be based on US-Core DiagnosticReport profile for Laboratory Results Reporting and lab Observations."/>
      <exampleBoolean value="false"/>
    </resource>
    <resource>
      <extension url="http://hl7.org/fhir/tools/StructureDefinition/resource-information">
        <valueString value="StructureDefinition:resource"/>
      </extension>
      <reference>
        <reference value="StructureDefinition/VA.MHV.PHR.LabSpecimen"/>
      </reference>
      <name value="VA MHV PHR Lab Specimen"/>
      <description value="A profile showing how the LabSpecimenTO is mapped into a FHIR Specimen.&#xA;&#xA;- This is usually a contained resource, contained in the Lab Report or the Lab Test. The use of contained is for simplicity sake and to limit the need to manage Specimen resource instances&#xA;- must have a type &#xA;  - Specimen.type.text &lt;- LabSpecimenTO.name&#xA;  - type should be a code derived from LabSpecimenTO.name&#xA;- should have a collectedDateTime derived from LabSpecimenTO.collectionDate&#xA;- may have an identifier - Specimen.identifier &lt;- LabSpecimenTO.id&#xA;  - if no LabSpecimenTO.id is given, then the Specimen resource must be contained&#xA;- should have an accessionIdentifier derived from LabSpecimenTO.accessionNum&#xA;- should have a subject (unless Contained)&#xA;&#xA;TODO questions: &#xA;- examples didn't have much populated&#xA;- not clear what site and facility might contain, so can't tell where they would go&#xA;- some examples are likely FHIR Device (old hardware left foot), so this might change"/>
      <exampleBoolean value="false"/>
    </resource>
    <resource>
      <extension url="http://hl7.org/fhir/tools/StructureDefinition/resource-information">
        <valueString value="StructureDefinition:resource"/>
      </extension>
      <reference>
        <reference value="StructureDefinition/VA.MHV.PHR.labTest"/>
      </reference>
      <name value="VA MHV PHR labTest"/>
      <description value="A profile showing how LabTestTO and LabResultTO will be exposed using FHIR API to MyHealtheVet PHR.&#xA;&#xA;- This profile is based on US-Core Lab&#xA;- sometimes a contained Specimen is needed"/>
      <exampleBoolean value="false"/>
    </resource>
    <resource>
      <extension url="http://hl7.org/fhir/tools/StructureDefinition/resource-information">
        <valueString value="StructureDefinition:resource"/>
      </extension>
      <reference>
        <reference value="StructureDefinition/VA.MHV.PHR.location"/>
      </reference>
      <name value="VA MHV PHR Location"/>
      <description value="A profile on the Location resource for MHV PHR exposing Location using FHIR API.&#xA;&#xA;- based on US-Core for Location&#xA;&#xA;Mapping to [VDIF HospitalLocationTO](StructureDefinition-VA.MHV.PHR.location-mappings.html#mappings-for-vdif-to-mhv-phr-hospitallocationto)."/>
      <exampleBoolean value="false"/>
    </resource>
    <resource>
      <extension url="http://hl7.org/fhir/tools/StructureDefinition/resource-information">
        <valueString value="StructureDefinition:resource"/>
      </extension>
      <reference>
        <reference value="StructureDefinition/VA.MHV.PHR.note"/>
      </reference>
      <name value="VA MHV PHR Notes"/>
      <description value="A profile on the DocumentReference resource for MHV PHR exposing Notes (NoteTO) using FHIR API.&#xA;&#xA;- The mock example maps best to VIA_v4.0.7_uat.wsdl. &#xA;- based on US-Core for Clinical Notes&#xA;&#xA;TODO Questions:&#xA;- is standardTitle or type used to differentiate between various note types?&#xA;- type seems to hold an enum (A, PN, DS). I am not sure what these mean, or if there are other values&#xA;  - A - LOINC#83320-2 \&quot;Allergy and Immunology Adverse event note\&quot;&#xA;  - PN - LOINC#11505-5 \&quot;Physician procedure note\&quot;&#xA;  - DS - LOINC#18842-5 \&quot;Discharge summary\&quot;&#xA;- some schema elements found in VIA_v4.0.7_uat.wsdl are not mapped here because I can't tell what is in them. Most of them likely have a place to go in the FHIR model, but I need to know more about them.&#xA;  - serviceCategory&#xA;  - cosigner&#xA;  - hasAdendum&#xA;  - isAddendum&#xA;  - originalNoteID&#xA;  - hasImages&#xA;  - itemId&#xA;  - signatureTimestamp&#xA;  - consultId&#xA;  - surgicalProcId&#xA;  - prfId&#xA;  - parentId&#xA;  - procTimestamp&#xA;  - subject"/>
      <exampleBoolean value="false"/>
    </resource>
    <resource>
      <extension url="http://hl7.org/fhir/tools/StructureDefinition/resource-information">
        <valueString value="StructureDefinition:resource"/>
      </extension>
      <reference>
        <reference value="StructureDefinition/VA.MHV.PHR.organization"/>
      </reference>
      <name value="VA MHV PHR Organization"/>
      <description value="A profile on the Organization resource for MHV PHR exposing Organization using FHIR API.&#xA;&#xA;- based on US-Core for Organization&#xA;- used for Lab Site. In FHIR R4, the Lab site needs to go into .performer which can't take a Location. (TechnicalDebt)&#xA;&#xA;Map to [VDIF labSiteID](StructureDefinition-VA.MHV.PHR.organization-mappings.html#mappings-for-vdif-to-mhv-phr-labsiteid)"/>
      <exampleBoolean value="false"/>
    </resource>
    <resource>
      <extension url="http://hl7.org/fhir/tools/StructureDefinition/resource-information">
        <valueString value="StructureDefinition:resource"/>
      </extension>
      <reference>
        <reference value="StructureDefinition/VA.MHV.PHR.patient"/>
      </reference>
      <name value="VA MHV PHR Patient"/>
      <description value="A profile on the Patient resource for MHV PHR exposing Patient using FHIR API.&#xA;&#xA;- based on US-Core for Patient&#xA;- record the ICN value into the Patient.identifier&#xA;  - seems other ID values are possible too such as mpiPID, localPID, SSN.&#xA;- some elements could be converted into `codes` but doing minimal translation. &#xA;- notes given example&#xA;  - dropping age as not useful in persisted data, prefer dob&#xA;  - dropping occupation - could be recorded as SDOH Observation&#xA;  - dropping confidentiality flag - not sure the meaning - could be .meta.security&#xA;  - dropping patientFlags - not sure the meaning&#xA;  - dropping activeInsurance - could go into Account resource - could go in extension as text blob&#xA;  - dropping currentMeansStatus&#xA;  - dropping elegibilityCode&#xA;&#xA;Mapping to [VDIF PatientTO](StructureDefinition-VA.MHV.PHR.patient-mappings.html#mappings-for-vdif-to-mhv-phr-patientto)"/>
      <exampleBoolean value="false"/>
    </resource>
    <resource>
      <extension url="http://hl7.org/fhir/tools/StructureDefinition/resource-information">
        <valueString value="StructureDefinition:resource"/>
      </extension>
      <reference>
        <reference value="StructureDefinition/VA.MHV.PHR.practitioner"/>
      </reference>
      <name value="VA MHV PHR Practitioner"/>
      <description value="A profile on the Practitioner resource for MHV PHR exposing Practitioner using FHIR API.&#xA;&#xA;- based on US-Core for Practitioner&#xA;- used for UserTO, and AuthorTO&#xA;- might be used for PersonTO or is that RelatedPerson?&#xA;&#xA;Mapping to [VDIF UserTO](StructureDefinition-VA.MHV.PHR.practitioner-mappings.html#mappings-for-vdif-to-mhv-phr-userto) and [VDIF AuthorTO](StructureDefinition-VA.MHV.PHR.practitioner-mappings.html#mappings-for-vdif-to-mhv-phr-authorto)"/>
      <exampleBoolean value="false"/>
    </resource>
    <resource>
      <extension url="http://hl7.org/fhir/tools/StructureDefinition/resource-information">
        <valueString value="StructureDefinition:resource"/>
      </extension>
      <reference>
        <reference value="StructureDefinition/VA.MHV.PHR.vitals"/>
      </reference>
      <name value="VA MHV PHR Vital-Signs"/>
      <description value="A profile on the Observation resource for MHV PHR exposing Vital-Signs using FHIR API.&#xA;&#xA;- Should be based on US-Core for Vital-Signs Observation Resource&#xA;- status of `final`&#xA;- category code of `vital-signs`&#xA;- code should be LOINC if available&#xA;  - [Concept Map from VitalSignTO.type.name to LOINC code](ConceptMap-ObservationTypeTOVsLoincCode.html)&#xA;  - note some of these codes are high confidence, many are not&#xA;- patient&#xA;- Not preserving the VitalSignTO.low and .high as they are referenceRange&#xA;- Blood Pressure in the mock examples is triple recorded: First with both values, Second with just Systolic, Third with Diastolic. There only seems to be a nearness relationship. Note that only the first one has a type.id. So I recommend we use only the first, and split the values out. Note no pulse is recorded.&#xA;  - Blood Pressure is recorded with `.component` rather than `.value[x]`&#xA;- some examples had units, so I used `.valueQuantity`&#xA;  - all unknown value types I record using `.valueString`&#xA;  - some units are not proper UCUM, so I had to fix `lb` and `in` - [Utility UCUM](utility.html)&#xA;- mock example didn't include these elements, so I don't map&#xA;  - type.shortName, type.dataId, type.dataName, or type.dataType&#xA;  - value2&#xA;  - facility&#xA;  - location&#xA;  - qualifiers, qualifierItems"/>
      <exampleBoolean value="false"/>
    </resource>
    <resource>
      <extension url="http://hl7.org/fhir/tools/StructureDefinition/resource-information">
        <valueString value="StructureDefinition:resource"/>
      </extension>
      <reference>
        <reference value="StructureDefinition/VA.MHV.PHR.vitalsBP"/>
      </reference>
      <name value="VA MHV PHR Vital-Signs for Blood Pressure"/>
      <description value="A profile on the Observation resource for Blood Pressure&#xA;&#xA;- Used only with Blood-Pressure&#xA;- Should be based on US-Core for Vital-Signs Observation Resource&#xA;- status of `final`&#xA;- category code of `vital-signs`&#xA;- code should be LOINC if available&#xA;  - [Concept Map from VitalSignTO.type.name to LOINC code](ConceptMap-ObservationTypeTOVsLoincCode.html)&#xA;- patient&#xA;- Not preserving the VitalSignTO.low and .high as they are referenceRange&#xA;- Blood Pressure in the mock examples is triple recorded: First with both values, Second with just Systolic, Third with Diastolic. There only seems to be a nearness relationship. Note that only the first one has a type.id. So I recommend we use only the first, and split the values out. Note no pulse is recorded.&#xA;  - Blood Pressure is recorded with `.component` rather than `.value[x]`"/>
      <exampleBoolean value="false"/>
    </resource>
    <resource>
      <extension url="http://hl7.org/fhir/tools/StructureDefinition/resource-information">
        <valueString value="StructureDefinition:resource"/>
      </extension>
      <reference>
        <reference value="StructureDefinition/VA.MHV.PHR.vitalsPain"/>
      </reference>
      <name value="VA MHV PHR Vital-Signs for PAIN"/>
      <description value="A profile on the Observation resource for Pain&#xA;&#xA;- Should be based on US-Core for Vital-Signs Observation Resource&#xA;- status of `final`&#xA;- category code of `vital-signs`&#xA;- code should be LOINC if available&#xA;  - [Concept Map from VitalSignTO.type.name to LOINC code](ConceptMap-ObservationTypeTOVsLoincCode.html)&#xA;- patient&#xA;- Not preserving the VitalSignTO.low and .high as they are referenceRange&#xA;- Note the pain integer is stored in quantity, as that is what PGHD has been using."/>
      <exampleBoolean value="false"/>
    </resource>
    <resource>
      <extension url="http://hl7.org/fhir/tools/StructureDefinition/resource-information">
        <valueString value="CapabilityStatement"/>
      </extension>
      <reference>
        <reference value="CapabilityStatement/MHVcapabilities"/>
      </reference>
      <name value="MHVcapabilities"/>
      <description value="CapabilityStatement prototype for MHV as a FHIR Server exposing PHR data"/>
      <exampleBoolean value="false"/>
    </resource>
    <resource>
      <extension url="http://hl7.org/fhir/tools/StructureDefinition/resource-information">
        <valueString value="ConceptMap"/>
      </extension>
      <reference>
        <reference value="ConceptMap/ObservationTypeTOVsLoincCode"/>
      </reference>
      <name value="Vital Sign ObservationTypeTO.name to Loinc Code"/>
      <description value="map between VitalSignTO.type(ObservationTypeTO.name) string and LOINC code."/>
      <exampleBoolean value="false"/>
    </resource>
    <resource>
      <extension url="http://hl7.org/fhir/tools/StructureDefinition/resource-information">
        <valueString value="Condition"/>
      </extension>
      <reference>
        <reference value="Condition/ex-MHV-condition-1"/>
      </reference>
      <name value="Example 1 of an MHV condition"/>
      <description value="Example from a mock ProblemTO"/>
      <exampleCanonical value="https://johnmoehrke.github.io/MHV-PHR/StructureDefinition/VA.MHV.PHR.condition"/>
    </resource>
    <resource>
      <extension url="http://hl7.org/fhir/tools/StructureDefinition/resource-information">
        <valueString value="Condition"/>
      </extension>
      <reference>
        <reference value="Condition/ex-MHV-condition-10"/>
      </reference>
      <name value="Example 10 of an MHV condition"/>
      <description value="Example from a mock ProblemTO"/>
      <exampleCanonical value="https://johnmoehrke.github.io/MHV-PHR/StructureDefinition/VA.MHV.PHR.condition"/>
    </resource>
    <resource>
      <extension url="http://hl7.org/fhir/tools/StructureDefinition/resource-information">
        <valueString value="Condition"/>
      </extension>
      <reference>
        <reference value="Condition/ex-MHV-condition-11"/>
      </reference>
      <name value="Example 11 of an MHV condition"/>
      <description value="Example from a mock ProblemTO"/>
      <exampleCanonical value="https://johnmoehrke.github.io/MHV-PHR/StructureDefinition/VA.MHV.PHR.condition"/>
    </resource>
    <resource>
      <extension url="http://hl7.org/fhir/tools/StructureDefinition/resource-information">
        <valueString value="Condition"/>
      </extension>
      <reference>
        <reference value="Condition/ex-MHV-condition-2"/>
      </reference>
      <name value="Example 2 of an MHV condition"/>
      <description value="Example from a mock ProblemTO"/>
      <exampleCanonical value="https://johnmoehrke.github.io/MHV-PHR/StructureDefinition/VA.MHV.PHR.condition"/>
    </resource>
    <resource>
      <extension url="http://hl7.org/fhir/tools/StructureDefinition/resource-information">
        <valueString value="Condition"/>
      </extension>
      <reference>
        <reference value="Condition/ex-MHV-condition-3"/>
      </reference>
      <name value="Example 3 of an MHV condition"/>
      <description value="Example from a mock ProblemTO"/>
      <exampleCanonical value="https://johnmoehrke.github.io/MHV-PHR/StructureDefinition/VA.MHV.PHR.condition"/>
    </resource>
    <resource>
      <extension url="http://hl7.org/fhir/tools/StructureDefinition/resource-information">
        <valueString value="Condition"/>
      </extension>
      <reference>
        <reference value="Condition/ex-MHV-condition-4"/>
      </reference>
      <name value="Example 4 of an MHV condition"/>
      <description value="Example from a mock ProblemTO"/>
      <exampleCanonical value="https://johnmoehrke.github.io/MHV-PHR/StructureDefinition/VA.MHV.PHR.condition"/>
    </resource>
    <resource>
      <extension url="http://hl7.org/fhir/tools/StructureDefinition/resource-information">
        <valueString value="Condition"/>
      </extension>
      <reference>
        <reference value="Condition/ex-MHV-condition-5"/>
      </reference>
      <name value="Example 5 of an MHV condition"/>
      <description value="Example from a mock ProblemTO"/>
      <exampleCanonical value="https://johnmoehrke.github.io/MHV-PHR/StructureDefinition/VA.MHV.PHR.condition"/>
    </resource>
    <resource>
      <extension url="http://hl7.org/fhir/tools/StructureDefinition/resource-information">
        <valueString value="Condition"/>
      </extension>
      <reference>
        <reference value="Condition/ex-MHV-condition-6"/>
      </reference>
      <name value="Example 6 of an MHV condition"/>
      <description value="Example from a mock ProblemTO"/>
      <exampleCanonical value="https://johnmoehrke.github.io/MHV-PHR/StructureDefinition/VA.MHV.PHR.condition"/>
    </resource>
    <resource>
      <extension url="http://hl7.org/fhir/tools/StructureDefinition/resource-information">
        <valueString value="Condition"/>
      </extension>
      <reference>
        <reference value="Condition/ex-MHV-condition-7"/>
      </reference>
      <name value="Example 7 of an MHV condition"/>
      <description value="Example from a mock ProblemTO"/>
      <exampleCanonical value="https://johnmoehrke.github.io/MHV-PHR/StructureDefinition/VA.MHV.PHR.condition"/>
    </resource>
    <resource>
      <extension url="http://hl7.org/fhir/tools/StructureDefinition/resource-information">
        <valueString value="Condition"/>
      </extension>
      <reference>
        <reference value="Condition/ex-MHV-condition-8"/>
      </reference>
      <name value="Example 8 of an MHV condition"/>
      <description value="Example from a mock ProblemTO"/>
      <exampleCanonical value="https://johnmoehrke.github.io/MHV-PHR/StructureDefinition/VA.MHV.PHR.condition"/>
    </resource>
    <resource>
      <extension url="http://hl7.org/fhir/tools/StructureDefinition/resource-information">
        <valueString value="Condition"/>
      </extension>
      <reference>
        <reference value="Condition/ex-MHV-condition-9"/>
      </reference>
      <name value="Example 9 of an MHV condition"/>
      <description value="Example from a mock ProblemTO"/>
      <exampleCanonical value="https://johnmoehrke.github.io/MHV-PHR/StructureDefinition/VA.MHV.PHR.condition"/>
    </resource>
    <resource>
      <extension url="http://hl7.org/fhir/tools/StructureDefinition/resource-information">
        <valueString value="DocumentReference"/>
      </extension>
      <reference>
        <reference value="DocumentReference/ex-MHV-ecg-0"/>
      </reference>
      <name value="Example 0 of a MHV ECG"/>
      <description value="Derived from the a mock ClinicalProcedureTO:"/>
      <exampleCanonical value="https://johnmoehrke.github.io/MHV-PHR/StructureDefinition/VA.MHV.PHR.ecg"/>
    </resource>
    <resource>
      <extension url="http://hl7.org/fhir/tools/StructureDefinition/resource-information">
        <valueString value="DocumentReference"/>
      </extension>
      <reference>
        <reference value="DocumentReference/ex-MHV-ecg-1"/>
      </reference>
      <name value="Example 1 of a MHV ECG"/>
      <description value="Derived from the a mock ClinicalProcedureTO:"/>
      <exampleCanonical value="https://johnmoehrke.github.io/MHV-PHR/StructureDefinition/VA.MHV.PHR.ecg"/>
    </resource>
    <resource>
      <extension url="http://hl7.org/fhir/tools/StructureDefinition/resource-information">
        <valueString value="DocumentReference"/>
      </extension>
      <reference>
        <reference value="DocumentReference/ex-MHV-ecg-2"/>
      </reference>
      <name value="Example 2 of a MHV ECG"/>
      <description value="Derived from the a mock ClinicalProcedureTO:"/>
      <exampleCanonical value="https://johnmoehrke.github.io/MHV-PHR/StructureDefinition/VA.MHV.PHR.ecg"/>
    </resource>
    <resource>
      <extension url="http://hl7.org/fhir/tools/StructureDefinition/resource-information">
        <valueString value="DocumentReference"/>
      </extension>
      <reference>
        <reference value="DocumentReference/ex-MHV-ecg-3"/>
      </reference>
      <name value="Example 3 of a MHV ECG"/>
      <description value="Derived from the a mock ClinicalProcedureTO:"/>
      <exampleCanonical value="https://johnmoehrke.github.io/MHV-PHR/StructureDefinition/VA.MHV.PHR.ecg"/>
    </resource>
    <resource>
      <extension url="http://hl7.org/fhir/tools/StructureDefinition/resource-information">
        <valueString value="DocumentReference"/>
      </extension>
      <reference>
        <reference value="DocumentReference/ex-MHV-ecg-4"/>
      </reference>
      <name value="Example 4 of a MHV ECG"/>
      <description value="Derived from the a mock ClinicalProcedureTO:"/>
      <exampleCanonical value="https://johnmoehrke.github.io/MHV-PHR/StructureDefinition/VA.MHV.PHR.ecg"/>
    </resource>
    <resource>
      <extension url="http://hl7.org/fhir/tools/StructureDefinition/resource-information">
        <valueString value="DocumentReference"/>
      </extension>
      <reference>
        <reference value="DocumentReference/ex-MHV-ecg-5"/>
      </reference>
      <name value="Example 5 of a MHV ECG"/>
      <description value="Derived from the a mock ClinicalProcedureTO:"/>
      <exampleCanonical value="https://johnmoehrke.github.io/MHV-PHR/StructureDefinition/VA.MHV.PHR.ecg"/>
    </resource>
    <resource>
      <extension url="http://hl7.org/fhir/tools/StructureDefinition/resource-information">
        <valueString value="Observation"/>
      </extension>
      <reference>
        <reference value="Observation/ex-MHV-heartRate-1"/>
      </reference>
      <name value="Example of an MHV heartRate R4 observation"/>
      <description value="Heart Rate holding typical values"/>
      <exampleCanonical value="https://johnmoehrke.github.io/MHV-PHR/StructureDefinition/VA.MHV.PHR.vitals"/>
    </resource>
    <resource>
      <extension url="http://hl7.org/fhir/tools/StructureDefinition/resource-information">
        <valueString value="DocumentReference"/>
      </extension>
      <reference>
        <reference value="DocumentReference/ex-MHV-imaging-0"/>
      </reference>
      <name value="Example 0 of a MHV Radiology (Imaging Exam)"/>
      <description value="Derived from the a mock ImagingExamTO:"/>
      <exampleCanonical value="https://johnmoehrke.github.io/MHV-PHR/StructureDefinition/VA.MHV.PHR.imaging"/>
    </resource>
    <resource>
      <extension url="http://hl7.org/fhir/tools/StructureDefinition/resource-information">
        <valueString value="Immunization"/>
      </extension>
      <reference>
        <reference value="Immunization/ex-MHV-immunization-1"/>
      </reference>
      <name value="Example 1 of an MHV immunization"/>
      <description value="Example from a mock ImmunizationTO"/>
      <exampleCanonical value="https://johnmoehrke.github.io/MHV-PHR/StructureDefinition/VA.MHV.PHR.immunization"/>
    </resource>
    <resource>
      <extension url="http://hl7.org/fhir/tools/StructureDefinition/resource-information">
        <valueString value="Immunization"/>
      </extension>
      <reference>
        <reference value="Immunization/ex-MHV-immunization-2"/>
      </reference>
      <name value="Example 2 of an MHV immunization"/>
      <description value="Example from a mock ImmunizationTO"/>
      <exampleCanonical value="https://johnmoehrke.github.io/MHV-PHR/StructureDefinition/VA.MHV.PHR.immunization"/>
    </resource>
    <resource>
      <extension url="http://hl7.org/fhir/tools/StructureDefinition/resource-information">
        <valueString value="DiagnosticReport"/>
      </extension>
      <reference>
        <reference value="DiagnosticReport/ex-MHV-labReport-1"/>
      </reference>
      <name value="Example 1 of an MHV labReport"/>
      <description value="Example from a mock labReportTO"/>
      <exampleCanonical value="https://johnmoehrke.github.io/MHV-PHR/StructureDefinition/VA.MHV.PHR.labReport"/>
    </resource>
    <resource>
      <extension url="http://hl7.org/fhir/tools/StructureDefinition/resource-information">
        <valueString value="DiagnosticReport"/>
      </extension>
      <reference>
        <reference value="DiagnosticReport/ex-MHV-labReport-2"/>
      </reference>
      <name value="Example 2 of an MHV labReport"/>
      <description value="Example from a mock labReportTO"/>
      <exampleCanonical value="https://johnmoehrke.github.io/MHV-PHR/StructureDefinition/VA.MHV.PHR.labReport"/>
    </resource>
    <resource>
      <extension url="http://hl7.org/fhir/tools/StructureDefinition/resource-information">
        <valueString value="DiagnosticReport"/>
      </extension>
      <reference>
        <reference value="DiagnosticReport/ex-MHV-labReport-3"/>
      </reference>
      <name value="Example 3 of an MHV labReport"/>
      <description value="Example from a mock labReportTO"/>
      <exampleCanonical value="https://johnmoehrke.github.io/MHV-PHR/StructureDefinition/VA.MHV.PHR.labReport"/>
    </resource>
    <resource>
      <extension url="http://hl7.org/fhir/tools/StructureDefinition/resource-information">
        <valueString value="DiagnosticReport"/>
      </extension>
      <reference>
        <reference value="DiagnosticReport/ex-MHV-labReport-4"/>
      </reference>
      <name value="Example 4 of an MHV labReport"/>
      <description value="Example from a mock labReportTO"/>
      <exampleCanonical value="https://johnmoehrke.github.io/MHV-PHR/StructureDefinition/VA.MHV.PHR.labReport"/>
    </resource>
    <resource>
      <extension url="http://hl7.org/fhir/tools/StructureDefinition/resource-information">
        <valueString value="DiagnosticReport"/>
      </extension>
      <reference>
        <reference value="DiagnosticReport/ex-MHV-labReport-5"/>
      </reference>
      <name value="Example 5 of an MHV labReport"/>
      <description value="Example from a mock labReportTO"/>
      <exampleCanonical value="https://johnmoehrke.github.io/MHV-PHR/StructureDefinition/VA.MHV.PHR.labReport"/>
    </resource>
    <resource>
      <extension url="http://hl7.org/fhir/tools/StructureDefinition/resource-information">
        <valueString value="DiagnosticReport"/>
      </extension>
      <reference>
        <reference value="DiagnosticReport/ex-MHV-labReport-6"/>
      </reference>
      <name value="Example 6 of an MHV labReport"/>
      <description value="Example from a mock labReportTO"/>
      <exampleCanonical value="https://johnmoehrke.github.io/MHV-PHR/StructureDefinition/VA.MHV.PHR.labReport"/>
    </resource>
    <resource>
      <extension url="http://hl7.org/fhir/tools/StructureDefinition/resource-information">
        <valueString value="DiagnosticReport"/>
      </extension>
      <reference>
        <reference value="DiagnosticReport/ex-MHV-labReport-7"/>
      </reference>
      <name value="Example 7 of an MHV labReport"/>
      <description value="Example from a mock labReportTO"/>
      <exampleCanonical value="https://johnmoehrke.github.io/MHV-PHR/StructureDefinition/VA.MHV.PHR.labReport"/>
    </resource>
    <resource>
      <extension url="http://hl7.org/fhir/tools/StructureDefinition/resource-information">
        <valueString value="DiagnosticReport"/>
      </extension>
      <reference>
        <reference value="DiagnosticReport/ex-MHV-labReport-8"/>
      </reference>
      <name value="Example 8 of an MHV labReport"/>
      <description value="Example from a mock labReportTO"/>
      <exampleCanonical value="https://johnmoehrke.github.io/MHV-PHR/StructureDefinition/VA.MHV.PHR.labReport"/>
    </resource>
    <resource>
      <extension url="http://hl7.org/fhir/tools/StructureDefinition/resource-information">
        <valueString value="Location"/>
      </extension>
      <reference>
        <reference value="Location/ex-MHV-location-2938"/>
      </reference>
      <name value="Location PCT_O PATIL (F/U)"/>
      <description value="This example derived off of a mock VitalSignTO"/>
      <exampleCanonical value="https://johnmoehrke.github.io/MHV-PHR/StructureDefinition/VA.MHV.PHR.location"/>
    </resource>
    <resource>
      <extension url="http://hl7.org/fhir/tools/StructureDefinition/resource-information">
        <valueString value="Location"/>
      </extension>
      <reference>
        <reference value="Location/ex-MHV-location-552"/>
      </reference>
      <name value="Location DAYTON Lab"/>
      <description value="This example derived off of a mock NoteTO"/>
      <exampleCanonical value="https://johnmoehrke.github.io/MHV-PHR/StructureDefinition/VA.MHV.PHR.location"/>
    </resource>
    <resource>
      <extension url="http://hl7.org/fhir/tools/StructureDefinition/resource-information">
        <valueString value="Location"/>
      </extension>
      <reference>
        <reference value="Location/ex-MHV-location-984"/>
      </reference>
      <name value="Location DAYTSHR TEST Lab"/>
      <description value="This example derived off of a mock HospitalLocationTO"/>
      <exampleCanonical value="https://johnmoehrke.github.io/MHV-PHR/StructureDefinition/VA.MHV.PHR.location"/>
    </resource>
    <resource>
      <extension url="http://hl7.org/fhir/tools/StructureDefinition/resource-information">
        <valueString value="Location"/>
      </extension>
      <reference>
        <reference value="Location/ex-MHV-location-989"/>
      </reference>
      <name value="Location DAYT29 TEST Lab"/>
      <description value="This example derived off of a mock ClinicalProcedureTO"/>
      <exampleCanonical value="https://johnmoehrke.github.io/MHV-PHR/StructureDefinition/VA.MHV.PHR.location"/>
    </resource>
    <resource>
      <extension url="http://hl7.org/fhir/tools/StructureDefinition/resource-information">
        <valueString value="DocumentReference"/>
      </extension>
      <reference>
        <reference value="DocumentReference/ex-MHV-note-0"/>
      </reference>
      <name value="Example 0 of a MHV Note"/>
      <description value="Derived from the a mock NoteTO:"/>
      <exampleCanonical value="https://johnmoehrke.github.io/MHV-PHR/StructureDefinition/VA.MHV.PHR.note"/>
    </resource>
    <resource>
      <extension url="http://hl7.org/fhir/tools/StructureDefinition/resource-information">
        <valueString value="DocumentReference"/>
      </extension>
      <reference>
        <reference value="DocumentReference/ex-MHV-note-1"/>
      </reference>
      <name value="Example 1 of a MHV Note"/>
      <description value="Derived from the a mock NoteTO:"/>
      <exampleCanonical value="https://johnmoehrke.github.io/MHV-PHR/StructureDefinition/VA.MHV.PHR.note"/>
    </resource>
    <resource>
      <extension url="http://hl7.org/fhir/tools/StructureDefinition/resource-information">
        <valueString value="DocumentReference"/>
      </extension>
      <reference>
        <reference value="DocumentReference/ex-MHV-note-2"/>
      </reference>
      <name value="Example 2 of a MHV Note"/>
      <description value="Derived from the a mock NoteTO:"/>
      <exampleCanonical value="https://johnmoehrke.github.io/MHV-PHR/StructureDefinition/VA.MHV.PHR.note"/>
    </resource>
    <resource>
      <extension url="http://hl7.org/fhir/tools/StructureDefinition/resource-information">
        <valueString value="DocumentReference"/>
      </extension>
      <reference>
        <reference value="DocumentReference/ex-MHV-note-3"/>
      </reference>
      <name value="Example 3 of a MHV Note"/>
      <description value="Derived from the a mock NoteTO:"/>
      <exampleCanonical value="https://johnmoehrke.github.io/MHV-PHR/StructureDefinition/VA.MHV.PHR.note"/>
    </resource>
    <resource>
      <extension url="http://hl7.org/fhir/tools/StructureDefinition/resource-information">
        <valueString value="DocumentReference"/>
      </extension>
      <reference>
        <reference value="DocumentReference/ex-MHV-note-4"/>
      </reference>
      <name value="Example 4 of a MHV Note"/>
      <description value="Derived from the a mock NoteTO:&#xA;&#xA;Note dropped cosigner"/>
      <exampleCanonical value="https://johnmoehrke.github.io/MHV-PHR/StructureDefinition/VA.MHV.PHR.note"/>
    </resource>
    <resource>
      <extension url="http://hl7.org/fhir/tools/StructureDefinition/resource-information">
        <valueString value="Organization"/>
      </extension>
      <reference>
        <reference value="Organization/ex-MHV-organization-989"/>
      </reference>
      <name value="Organization lab site 989"/>
      <description value="This example derived off of a mock diagnostic report"/>
      <exampleCanonical value="https://johnmoehrke.github.io/MHV-PHR/StructureDefinition/VA.MHV.PHR.organization"/>
    </resource>
    <resource>
      <extension url="http://hl7.org/fhir/tools/StructureDefinition/resource-information">
        <valueString value="Observation"/>
      </extension>
      <reference>
        <reference value="Observation/ex-MHV-pain-1"/>
      </reference>
      <name value="Example of a MHV pain R4 observation of 10"/>
      <description value="holding typical values"/>
      <exampleCanonical value="https://johnmoehrke.github.io/MHV-PHR/StructureDefinition/VA.MHV.PHR.vitalsPain"/>
    </resource>
    <resource>
      <extension url="http://hl7.org/fhir/tools/StructureDefinition/resource-information">
        <valueString value="Patient"/>
      </extension>
      <reference>
        <reference value="Patient/ex-MHV-patient-0"/>
      </reference>
      <name value="Example MHVLISAONE from PatientTO"/>
      <description value="This example is derived off of a mock PatientTO"/>
      <exampleCanonical value="https://johnmoehrke.github.io/MHV-PHR/StructureDefinition/VA.MHV.PHR.patient"/>
    </resource>
    <resource>
      <extension url="http://hl7.org/fhir/tools/StructureDefinition/resource-information">
        <valueString value="Patient"/>
      </extension>
      <reference>
        <reference value="Patient/ex-MHV-patient-1"/>
      </reference>
      <name value="Example DAYSHR from PatientTO"/>
      <description value="This example is derived off of a mock PatientTO"/>
      <exampleCanonical value="https://johnmoehrke.github.io/MHV-PHR/StructureDefinition/VA.MHV.PHR.patient"/>
    </resource>
    <resource>
      <extension url="http://hl7.org/fhir/tools/StructureDefinition/resource-information">
        <valueString value="Patient"/>
      </extension>
      <reference>
        <reference value="Patient/ex-MHV-patient-2"/>
      </reference>
      <name value="Example ROBERT from PatientTO"/>
      <description value="This example is derived off of a mock PatientTO"/>
      <exampleCanonical value="https://johnmoehrke.github.io/MHV-PHR/StructureDefinition/VA.MHV.PHR.patient"/>
    </resource>
    <resource>
      <extension url="http://hl7.org/fhir/tools/StructureDefinition/resource-information">
        <valueString value="Practitioner"/>
      </extension>
      <reference>
        <reference value="Practitioner/ex-MHV-practitioner"/>
      </reference>
      <name value="Example Practitioner"/>
      <description value="holding typical values"/>
      <exampleCanonical value="https://johnmoehrke.github.io/MHV-PHR/StructureDefinition/VA.MHV.PHR.practitioner"/>
    </resource>
    <resource>
      <extension url="http://hl7.org/fhir/tools/StructureDefinition/resource-information">
        <valueString value="Practitioner"/>
      </extension>
      <reference>
        <reference value="Practitioner/ex-MHV-practitioner-110"/>
      </reference>
      <name value="Example Practitoner 110"/>
      <description value="Phyllis Mangas"/>
      <exampleCanonical value="https://johnmoehrke.github.io/MHV-PHR/StructureDefinition/VA.MHV.PHR.practitioner"/>
    </resource>
    <resource>
      <extension url="http://hl7.org/fhir/tools/StructureDefinition/resource-information">
        <valueString value="Practitioner"/>
      </extension>
      <reference>
        <reference value="Practitioner/ex-MHV-practitioner-22572"/>
      </reference>
      <name value="Example Practitoner 22572"/>
      <description value="Phyllis Mangas"/>
      <exampleCanonical value="https://johnmoehrke.github.io/MHV-PHR/StructureDefinition/VA.MHV.PHR.practitioner"/>
    </resource>
    <resource>
      <extension url="http://hl7.org/fhir/tools/StructureDefinition/resource-information">
        <valueString value="Practitioner"/>
      </extension>
      <reference>
        <reference value="Practitioner/ex-MHV-practitioner-36556"/>
      </reference>
      <name value="Example Practitoner 36556"/>
      <description value="Maruf Ahmed"/>
      <exampleCanonical value="https://johnmoehrke.github.io/MHV-PHR/StructureDefinition/VA.MHV.PHR.practitioner"/>
    </resource>
    <resource>
      <extension url="http://hl7.org/fhir/tools/StructureDefinition/resource-information">
        <valueString value="Practitioner"/>
      </extension>
      <reference>
        <reference value="Practitioner/ex-MHV-practitioner-37569"/>
      </reference>
      <name value="Example Practitoner 37569"/>
      <description value="Muazzam Khan"/>
      <exampleCanonical value="https://johnmoehrke.github.io/MHV-PHR/StructureDefinition/VA.MHV.PHR.practitioner"/>
    </resource>
    <resource>
      <extension url="http://hl7.org/fhir/tools/StructureDefinition/resource-information">
        <valueString value="Practitioner"/>
      </extension>
      <reference>
        <reference value="Practitioner/ex-MHV-practitioner-4262"/>
      </reference>
      <name value="Example Practitoner 4262"/>
      <description value="Phyllis Mangas"/>
      <exampleCanonical value="https://johnmoehrke.github.io/MHV-PHR/StructureDefinition/VA.MHV.PHR.practitioner"/>
    </resource>
    <resource>
      <extension url="http://hl7.org/fhir/tools/StructureDefinition/resource-information">
        <valueString value="Practitioner"/>
      </extension>
      <reference>
        <reference value="Practitioner/ex-MHV-practitioner-6051"/>
      </reference>
      <name value="Example Practitoner 6051"/>
      <description value="Phyllis Mangas"/>
      <exampleCanonical value="https://johnmoehrke.github.io/MHV-PHR/StructureDefinition/VA.MHV.PHR.practitioner"/>
    </resource>
    <resource>
      <extension url="http://hl7.org/fhir/tools/StructureDefinition/resource-information">
        <valueString value="Observation"/>
      </extension>
      <reference>
        <reference value="Observation/ex-MHV-vitals-1"/>
      </reference>
      <name value="Example 1 of an MHV vital-sign"/>
      <description value="Example from a mock VitalSignTO"/>
      <exampleCanonical value="https://johnmoehrke.github.io/MHV-PHR/StructureDefinition/VA.MHV.PHR.vitalsBP"/>
    </resource>
    <resource>
      <extension url="http://hl7.org/fhir/tools/StructureDefinition/resource-information">
        <valueString value="Bundle"/>
      </extension>
      <reference>
        <reference value="Bundle/images"/>
      </reference>
      <name value="Example Bundle of Images"/>
      <description value="An example of a transaction Bundle with many image reports as DocumentReference"/>
      <exampleBoolean value="true"/>
    </resource>
    <resource>
      <extension url="http://hl7.org/fhir/tools/StructureDefinition/resource-information">
        <valueString value="Bundle"/>
      </extension>
      <reference>
        <reference value="Bundle/vitals"/>
      </reference>
      <name value="Example Bundle of Vitals"/>
      <description value="An example of a transaction Bundle with many vitals reports as Observation"/>
      <exampleBoolean value="true"/>
    </resource>
    <page>
      <extension url="http://hl7.org/fhir/StructureDefinition/structuredefinition-standards-status">
        <valueCode value="informative"/>
      </extension>
      <extension url="http://hl7.org/fhir/tools/StructureDefinition/ig-page-name">
        <valueUrl value="toc.html"/>
      </extension>
      <nameUrl value="toc.html"/>
      <title value="Table of Contents"/>
      <generation value="html"/>
      <page>
        <extension url="http://hl7.org/fhir/StructureDefinition/structuredefinition-standards-status">
          <valueCode value="informative"/>
        </extension>
        <extension url="http://hl7.org/fhir/tools/StructureDefinition/ig-page-name">
          <valueUrl value="index.html"/>
        </extension>
        <nameUrl value="index.html"/>
        <title value="Home Page"/>
        <generation value="markdown"/>
      </page>
      <page>
        <extension url="http://hl7.org/fhir/StructureDefinition/structuredefinition-standards-status">
          <valueCode value="informative"/>
        </extension>
        <extension url="http://hl7.org/fhir/tools/StructureDefinition/ig-page-name">
          <valueUrl value="background.html"/>
        </extension>
        <nameUrl value="background.html"/>
        <title value="Background"/>
        <generation value="markdown"/>
      </page>
      <page>
        <extension url="http://hl7.org/fhir/StructureDefinition/structuredefinition-standards-status">
          <valueCode value="informative"/>
        </extension>
        <extension url="http://hl7.org/fhir/tools/StructureDefinition/ig-page-name">
          <valueUrl value="utility.html"/>
        </extension>
        <nameUrl value="utility.html"/>
        <title value="Utility Functions"/>
        <generation value="markdown"/>
      </page>
      <page>
        <extension url="http://hl7.org/fhir/StructureDefinition/structuredefinition-standards-status">
          <valueCode value="informative"/>
        </extension>
        <extension url="http://hl7.org/fhir/tools/StructureDefinition/ig-page-name">
          <valueUrl value="ConvertDate.html"/>
        </extension>
        <nameUrl value="ConvertDate.html"/>
        <title value="ConvertDate()"/>
        <generation value="markdown"/>
      </page>
      <page>
        <extension url="http://hl7.org/fhir/StructureDefinition/structuredefinition-standards-status">
          <valueCode value="informative"/>
        </extension>
        <extension url="http://hl7.org/fhir/tools/StructureDefinition/ig-page-name">
          <valueUrl value="identifier.html"/>
        </extension>
        <nameUrl value="identifier.html"/>
        <title value="Id vs Identifier"/>
        <generation value="markdown"/>
      </page>
      <page>
        <extension url="http://hl7.org/fhir/StructureDefinition/structuredefinition-standards-status">
          <valueCode value="informative"/>
        </extension>
        <extension url="http://hl7.org/fhir/tools/StructureDefinition/ig-page-name">
          <valueUrl value="vitals.html"/>
        </extension>
        <nameUrl value="vitals.html"/>
        <title value="Vitals"/>
        <generation value="markdown"/>
      </page>
      <page>
        <extension url="http://hl7.org/fhir/StructureDefinition/structuredefinition-standards-status">
          <valueCode value="informative"/>
        </extension>
        <extension url="http://hl7.org/fhir/tools/StructureDefinition/ig-page-name">
          <valueUrl value="testplan.html"/>
        </extension>
        <nameUrl value="testplan.html"/>
        <title value="Test Plan"/>
        <generation value="markdown"/>
      </page>
      <page>
        <extension url="http://hl7.org/fhir/StructureDefinition/structuredefinition-standards-status">
          <valueCode value="informative"/>
        </extension>
        <extension url="http://hl7.org/fhir/tools/StructureDefinition/ig-page-name">
          <valueUrl value="downloads.html"/>
        </extension>
        <nameUrl value="downloads.html"/>
        <title value="Downloads"/>
        <generation value="markdown"/>
      </page>
    </page>
    <parameter>
      <code value="path-resource"/>
      <value value="fsh-generated/resources"/>
    </parameter>
    <parameter>
      <code value="path-resource"/>
      <value value="input/examples"/>
    </parameter>
    <parameter>
      <code value="path-resource"/>
      <value value="input/resources"/>
    </parameter>
    <parameter>
      <code value="path-resource"/>
      <value value="input/capabilities"/>
    </parameter>
    <parameter>
      <code value="path-resource"/>
      <value value="input/extensions"/>
    </parameter>
    <parameter>
      <code value="path-resource"/>
      <value value="input/models"/>
    </parameter>
    <parameter>
      <code value="path-resource"/>
      <value value="input/operations"/>
    </parameter>
    <parameter>
      <code value="path-resource"/>
      <value value="input/profiles"/>
    </parameter>
    <parameter>
      <code value="path-resource"/>
      <value value="input/vocabulary"/>
    </parameter>
    <parameter>
      <code value="path-resource"/>
      <value value="input/testing"/>
    </parameter>
    <parameter>
      <code value="path-resource"/>
      <value value="input/history"/>
    </parameter>
    <parameter>
      <code value="path-pages"/>
      <value value="template/config"/>
    </parameter>
    <parameter>
      <code value="path-pages"/>
      <value value="input/images"/>
    </parameter>
    <parameter>
      <code value="path-tx-cache"/>
      <value value="input-cache/txcache"/>
    </parameter>
  </definition>
</ImplementationGuide>