<?xml version="1.0" encoding="UTF-8"?>

<Location xmlns="http://hl7.org/fhir">
  <id value="ex-MHV-location-0"/>
  <meta>
    <profile value="https://johnmoehrke.github.io/MHV-PHR/StructureDefinition/VA.MHV.PHR.location"/>
  </meta>
  <text>
    <status value="generated"/><div xmlns="http://www.w3.org/1999/xhtml"><p><b>Generated Narrative: Location</b><a name="ex-MHV-location-0"> </a></p><div style="display: inline-block; background-color: #d9e0e7; padding: 6px; margin: 4px; border: 1px solid #8da1b4; border-radius: 5px; line-height: 60%"><p style="margin-bottom: 0px">Resource Location &quot;ex-MHV-location-0&quot; </p><p style="margin-bottom: 0px">Profile: <a href="StructureDefinition-VA.MHV.PHR.location.html">VA MHV PHR Location</a></p></div><p><b>identifier</b>: id: 984 (use: OFFICIAL)</p><p><b>name</b>: DAYTSHR TEST LAB</p></div>
  </text>
  <identifier>
    <use value="official"/>
    <system value="http://example.org/HospitalLocationTO"/>
    <value value="984"/>
  </identifier>
  <name value="DAYTSHR TEST LAB"/>
</Location>