<?xml version="1.0" encoding="UTF-8"?>

<Observation xmlns="http://hl7.org/fhir">
  <id value="e89a2290-0ed9-4de4-a861-82eb2f0f499c"/>
  <meta>
    <profile value="https://department-of-veterans-affairs.github.io/mhv-fhir-phr-mapping/StructureDefinition/VA.MHV.PHR.vitals"/>
  </meta>
  <text>
    <status value="generated"/><div xmlns="http://www.w3.org/1999/xhtml"><p class="res-header-id"><b>Generated Narrative: Observation e89a2290-0ed9-4de4-a861-82eb2f0f499c</b></p><a name="e89a2290-0ed9-4de4-a861-82eb2f0f499c"> </a><a name="hce89a2290-0ed9-4de4-a861-82eb2f0f499c"> </a><a name="e89a2290-0ed9-4de4-a861-82eb2f0f499c-en-US"> </a><p><b>identifier</b>: <code>urn:oid:2.16.840.1.113883.4.349.4.989</code>/VitalSignTO.6544221 (use: usual, )</p><p><b>status</b>: Final</p><p><b>category</b>: <span title="Codes:{http://terminology.hl7.org/CodeSystem/observation-category vital-signs}">Vital Signs</span></p><p><b>code</b>: <span title="Codes:{http://loinc.org 8310-5}">TEMPERATURE</span></p><p><b>subject</b>: <a href="Patient-ex-MHV-patient-3.html">CASEYONE CASEYLAST  Unknown, DoB: 1000-01-01 ( urn:oid:2.16.840.1.113883.4.349#3 (use: usual, ))</a></p><p><b>effective</b>: 2022-08-08 10:51:24+0000</p><p><b>performer</b>: AC AMOD</p><p><b>value</b>: 98 F<span style="background: LightGoldenRodYellow"> (Details: UCUM  code[degF] = '[degF]')</span></p><hr/><blockquote><p class="res-header-id"><b>Generated Narrative: Location  #location-3713</b></p><a name="e89a2290-0ed9-4de4-a861-82eb2f0f499c/location-3713"> </a><a name="hce89a2290-0ed9-4de4-a861-82eb2f0f499c/location-3713"> </a><a name="e89a2290-0ed9-4de4-a861-82eb2f0f499c/location-3713-en-US"> </a><p><b>identifier</b>: <code>urn:oid:2.16.840.1.113883.4.349.4.989</code>/HospitalLocationTO.3713 (use: usual, )</p><p><b>name</b>: 000-EYE NON TREATMENT (LOC)</p></blockquote></div>
  </text>
  <contained>
    <Location>
      <id value="location-3713"/>
      <meta>
        <profile value="https://department-of-veterans-affairs.github.io/mhv-fhir-phr-mapping/StructureDefinition/VA.MHV.PHR.location"/>
      </meta>
      <identifier>
        <use value="usual"/>
        <system value="urn:oid:2.16.840.1.113883.4.349.4.989"/>
        <value value="HospitalLocationTO.3713"/>
      </identifier>
      <name value="000-EYE NON TREATMENT (LOC)"/>
    </Location>
  </contained>
  <identifier>
    <use value="usual"/>
    <system value="urn:oid:2.16.840.1.113883.4.349.4.989"/>
    <value value="VitalSignTO.6544221"/>
  </identifier>
  <status value="final"/>
  <category>
    <coding>
      <system value="http://terminology.hl7.org/CodeSystem/observation-category"/>
      <code value="vital-signs"/>
    </coding>
  </category>
  <code>
    <coding>
      <system value="http://loinc.org"/>
      <code value="8310-5"/>
      <display value="Body temperature"/>
    </coding>
    <text value="TEMPERATURE"/>
  </code>
  <subject>
    <reference value="Patient/ex-MHV-patient-3"/>
  </subject>
  <effectiveDateTime value="2022-08-08T10:51:24Z"/>
  <performer>
    <extension url="http://hl7.org/fhir/StructureDefinition/alternate-reference">
      <valueReference>
        <reference value="#location-3713"/>
      </valueReference>
    </extension>
    <display value="AC AMOD"/>
  </performer>
  <valueQuantity>
    <value value="98"/>
    <unit value="F"/>
    <system value="http://unitsofmeasure.org"/>
    <code value="[degF]"/>
  </valueQuantity>
</Observation>