<?xml version="1.0" encoding="UTF-8"?>

<Observation xmlns="http://hl7.org/fhir">
  <id value="86fd88b4-43ae-4fe8-b9f4-3fe0441a9bbb"/>
  <meta>
    <profile value="https://department-of-veterans-affairs.github.io/mhv-fhir-phr-mapping/StructureDefinition/VA.MHV.PHR.vitalsPain"/>
  </meta>
  <text>
    <status value="generated"/><div xmlns="http://www.w3.org/1999/xhtml"><p class="res-header-id"><b>Generated Narrative: Observation 86fd88b4-43ae-4fe8-b9f4-3fe0441a9bbb</b></p><a name="86fd88b4-43ae-4fe8-b9f4-3fe0441a9bbb"> </a><a name="hc86fd88b4-43ae-4fe8-b9f4-3fe0441a9bbb"> </a><a name="86fd88b4-43ae-4fe8-b9f4-3fe0441a9bbb-en-US"> </a><p><b>identifier</b>: <code>urn:oid:2.16.840.1.113883.4.349.4.989</code>/VitalSignTO.2866199 (use: usual, )</p><p><b>status</b>: Final</p><p><b>category</b>: <span title="Codes:{http://terminology.hl7.org/CodeSystem/observation-category vital-signs}">Vital Signs</span></p><p><b>code</b>: <span title="Codes:{http://loinc.org 72514-3}">PAIN</span></p><p><b>subject</b>: <a href="Patient-ex-MHV-patient-2.html">ROBERT MHVLISAONE  Male, DoB: 1000-01-01 ( urn:oid:2.16.840.1.113883.4.349#2 (use: usual, ))</a></p><p><b>effective</b>: 2000-09-11 13:29:00+0000</p><p><b>performer</b>: Location 3318</p><p><b>value</b>: 0</p><hr/><blockquote><p class="res-header-id"><b>Generated Narrative: Location  #location-3318</b></p><a name="86fd88b4-43ae-4fe8-b9f4-3fe0441a9bbb/location-3318"> </a><a name="hc86fd88b4-43ae-4fe8-b9f4-3fe0441a9bbb/location-3318"> </a><a name="86fd88b4-43ae-4fe8-b9f4-3fe0441a9bbb/location-3318-en-US"> </a><p><b>identifier</b>: <code>urn:oid:2.16.840.1.113883.4.349.4.989</code>/HospitalLocationTO.3318 (use: usual, )</p><p><b>name</b>: GI APPALANENI</p></blockquote></div>
  </text>
  <contained>
    <Location>
      <id value="location-3318"/>
      <meta>
        <profile value="https://department-of-veterans-affairs.github.io/mhv-fhir-phr-mapping/StructureDefinition/VA.MHV.PHR.location"/>
      </meta>
      <identifier>
        <use value="usual"/>
        <system value="urn:oid:2.16.840.1.113883.4.349.4.989"/>
        <value value="HospitalLocationTO.3318"/>
      </identifier>
      <name value="GI APPALANENI"/>
    </Location>
  </contained>
  <identifier>
    <use value="usual"/>
    <system value="urn:oid:2.16.840.1.113883.4.349.4.989"/>
    <value value="VitalSignTO.2866199"/>
  </identifier>
  <status value="final"/>
  <category>
    <coding>
      <system value="http://terminology.hl7.org/CodeSystem/observation-category"/>
      <code value="vital-signs"/>
    </coding>
  </category>
  <code>
    <coding>
      <system value="http://loinc.org"/>
      <code value="72514-3"/>
      <display value="Pain severity - 0-10 verbal numeric rating [Score] - Reported"/>
    </coding>
    <text value="PAIN"/>
  </code>
  <subject>
    <reference value="Patient/ex-MHV-patient-2"/>
  </subject>
  <effectiveDateTime value="2000-09-11T13:29:00Z"/>
  <performer>
    <extension url="http://hl7.org/fhir/StructureDefinition/alternate-reference">
      <valueReference>
        <reference value="#location-3318"/>
      </valueReference>
    </extension>
    <display value="Location 3318"/>
  </performer>
  <valueInteger value="0"/>
</Observation>