<?xml version="1.0" encoding="UTF-8"?>

<Observation xmlns="http://hl7.org/fhir">
  <id value="83781361-bf52-4363-84ce-97ce6cd67118"/>
  <meta>
    <profile value="https://department-of-veterans-affairs.github.io/mhv-fhir-phr-mapping/StructureDefinition/VA.MHV.PHR.vitalsPain"/>
  </meta>
  <text>
    <status value="generated"/><div xmlns="http://www.w3.org/1999/xhtml"><p class="res-header-id"><b>Generated Narrative: Observation 83781361-bf52-4363-84ce-97ce6cd67118</b></p><a name="83781361-bf52-4363-84ce-97ce6cd67118"> </a><a name="hc83781361-bf52-4363-84ce-97ce6cd67118"> </a><a name="83781361-bf52-4363-84ce-97ce6cd67118-en-US"> </a><p><b>identifier</b>: <code>urn:oid:2.16.840.1.113883.4.349.4.989</code>/VitalSignTO.3122812 (use: usual, )</p><p><b>status</b>: Final</p><p><b>category</b>: <span title="Codes:{http://terminology.hl7.org/CodeSystem/observation-category vital-signs}">Vital Signs</span></p><p><b>code</b>: <span title="Codes:{http://loinc.org 72514-3}">PAIN</span></p><p><b>subject</b>: <a href="Patient-ex-MHV-patient-2.html">ROBERT MHVLISAONE  Male, DoB: 1000-01-01 ( urn:oid:2.16.840.1.113883.4.349#2 (use: usual, ))</a></p><p><b>effective</b>: 2001-03-22 10:26:00+0000</p><p><b>performer</b>: Location 2938</p><p><b>value</b>: 0</p><hr/><blockquote><p class="res-header-id"><b>Generated Narrative: Location  #ex-MHV-location-2938</b></p><a name="83781361-bf52-4363-84ce-97ce6cd67118/ex-MHV-location-2938"> </a><a name="hc83781361-bf52-4363-84ce-97ce6cd67118/ex-MHV-location-2938"> </a><a name="83781361-bf52-4363-84ce-97ce6cd67118/ex-MHV-location-2938-en-US"> </a><p><b>identifier</b>: <code>urn:oid:2.16.840.1.113883.4.349.4.989</code>/HospitalLocationTO.2938 (use: usual, )</p><p><b>name</b>: PCT_O PATIL (F/U)</p></blockquote></div>
  </text>
  <contained>
    <Location>
      <id value="ex-MHV-location-2938"/>
      <meta>
        <profile value="https://department-of-veterans-affairs.github.io/mhv-fhir-phr-mapping/StructureDefinition/VA.MHV.PHR.location"/>
      </meta>
      <identifier>
        <use value="usual"/>
        <system value="urn:oid:2.16.840.1.113883.4.349.4.989"/>
        <value value="HospitalLocationTO.2938"/>
      </identifier>
      <name value="PCT_O PATIL (F/U)"/>
    </Location>
  </contained>
  <identifier>
    <use value="usual"/>
    <system value="urn:oid:2.16.840.1.113883.4.349.4.989"/>
    <value value="VitalSignTO.3122812"/>
  </identifier>
  <status value="final"/>
  <category>
    <coding>
      <system value="http://terminology.hl7.org/CodeSystem/observation-category"/>
      <code value="vital-signs"/>
    </coding>
  </category>
  <code>
    <coding>
      <system value="http://loinc.org"/>
      <code value="72514-3"/>
      <display value="Pain severity - 0-10 verbal numeric rating [Score] - Reported"/>
    </coding>
    <text value="PAIN"/>
  </code>
  <subject>
    <reference value="Patient/ex-MHV-patient-2"/>
  </subject>
  <effectiveDateTime value="2001-03-22T10:26:00Z"/>
  <performer>
    <extension url="http://hl7.org/fhir/StructureDefinition/alternate-reference">
      <valueReference>
        <reference value="#ex-MHV-location-2938"/>
      </valueReference>
    </extension>
    <display value="Location 2938"/>
  </performer>
  <valueInteger value="0"/>
</Observation>