<?xml version="1.0" encoding="UTF-8"?>

<Observation xmlns="http://hl7.org/fhir">
  <id value="3191113f-b350-4ec6-bfbb-6ec6b2fb448c"/>
  <meta>
    <profile value="https://department-of-veterans-affairs.github.io/mhv-fhir-phr-mapping/StructureDefinition/VA.MHV.PHR.vitalsBP"/>
  </meta>
  <text>
    <status value="generated"/><div xmlns="http://www.w3.org/1999/xhtml"><p class="res-header-id"><b>Generated Narrative: Observation 3191113f-b350-4ec6-bfbb-6ec6b2fb448c</b></p><a name="3191113f-b350-4ec6-bfbb-6ec6b2fb448c"> </a><a name="hc3191113f-b350-4ec6-bfbb-6ec6b2fb448c"> </a><a name="3191113f-b350-4ec6-bfbb-6ec6b2fb448c-en-US"> </a><p><b>identifier</b>: <code>urn:oid:2.16.840.1.113883.4.349.4.989</code>/VitalSignTO.3303289 (use: usual, )</p><p><b>status</b>: Final</p><p><b>category</b>: <span title="Codes:{http://terminology.hl7.org/CodeSystem/observation-category vital-signs}">Vital Signs</span></p><p><b>code</b>: <span title="Codes:{http://loinc.org 85354-9}">BLOOD PRESSURE</span></p><p><b>subject</b>: <a href="Patient-ex-MHV-patient-2.html">ROBERT MHVLISAONE  Male, DoB: 1000-01-01 ( urn:oid:2.16.840.1.113883.4.349#2 (use: usual, ))</a></p><p><b>effective</b>: 2001-07-06 13:04:00+0000</p><p><b>performer</b>: Location 2801</p><blockquote><p><b>component</b></p><p><b>code</b>: <span title="Codes:{http://loinc.org 8480-6}">Systolic blood pressure</span></p><p><b>value</b>: 130 mmHg<span style="background: LightGoldenRodYellow"> (Details: UCUM  codemm[Hg] = 'mm[Hg]')</span></p></blockquote><blockquote><p><b>component</b></p><p><b>code</b>: <span title="Codes:{http://loinc.org 8462-4}">Diastolic blood pressure</span></p><p><b>value</b>: 62 mmHg<span style="background: LightGoldenRodYellow"> (Details: UCUM  codemm[Hg] = 'mm[Hg]')</span></p></blockquote><hr/><blockquote><p class="res-header-id"><b>Generated Narrative: Location  #location-2901</b></p><a name="3191113f-b350-4ec6-bfbb-6ec6b2fb448c/location-2901"> </a><a name="hc3191113f-b350-4ec6-bfbb-6ec6b2fb448c/location-2901"> </a><a name="3191113f-b350-4ec6-bfbb-6ec6b2fb448c/location-2901-en-US"> </a><p><b>identifier</b>: <code>urn:oid:2.16.840.1.113883.4.349.4.989</code>/HospitalLocationTO.2901 (use: usual, )</p><p><b>name</b>: REHAB-SCI MD</p></blockquote></div>
  </text>
  <contained>
    <Location>
      <id value="location-2901"/>
      <meta>
        <profile value="https://department-of-veterans-affairs.github.io/mhv-fhir-phr-mapping/StructureDefinition/VA.MHV.PHR.location"/>
      </meta>
      <identifier>
        <use value="usual"/>
        <system value="urn:oid:2.16.840.1.113883.4.349.4.989"/>
        <value value="HospitalLocationTO.2901"/>
      </identifier>
      <name value="REHAB-SCI MD"/>
    </Location>
  </contained>
  <identifier>
    <use value="usual"/>
    <system value="urn:oid:2.16.840.1.113883.4.349.4.989"/>
    <value value="VitalSignTO.3303289"/>
  </identifier>
  <status value="final"/>
  <category>
    <coding>
      <system value="http://terminology.hl7.org/CodeSystem/observation-category"/>
      <code value="vital-signs"/>
    </coding>
  </category>
  <code>
    <coding>
      <system value="http://loinc.org"/>
      <code value="85354-9"/>
      <display value="Blood pressure panel with all children optional"/>
    </coding>
    <text value="BLOOD PRESSURE"/>
  </code>
  <subject>
    <reference value="Patient/ex-MHV-patient-2"/>
  </subject>
  <effectiveDateTime value="2001-07-06T13:04:00Z"/>
  <performer>
    <extension url="http://hl7.org/fhir/StructureDefinition/alternate-reference">
      <valueReference>
        <reference value="#location-2901"/>
      </valueReference>
    </extension>
    <display value="Location 2801"/>
  </performer>
  <component>
    <code>
      <coding>
        <system value="http://loinc.org"/>
        <code value="8480-6"/>
        <display value="Systolic blood pressure"/>
      </coding>
    </code>
    <valueQuantity>
      <value value="130"/>
      <unit value="mmHg"/>
      <system value="http://unitsofmeasure.org"/>
      <code value="mm[Hg]"/>
    </valueQuantity>
  </component>
  <component>
    <code>
      <coding>
        <system value="http://loinc.org"/>
        <code value="8462-4"/>
        <display value="Diastolic blood pressure"/>
      </coding>
    </code>
    <valueQuantity>
      <value value="62"/>
      <unit value="mmHg"/>
      <system value="http://unitsofmeasure.org"/>
      <code value="mm[Hg]"/>
    </valueQuantity>
  </component>
</Observation>