<?xml version="1.0" encoding="UTF-8"?>

<Observation xmlns="http://hl7.org/fhir">
  <id value="463ce2cc-4edd-4b42-9623-61c79e2695f5"/>
  <meta>
    <profile value="https://department-of-veterans-affairs.github.io/mhv-fhir-phr-mapping/StructureDefinition/VA.MHV.PHR.vitalsBP"/>
  </meta>
  <text>
    <status value="generated"/><div xmlns="http://www.w3.org/1999/xhtml"><p><b>Generated Narrative: Observation</b><a name="463ce2cc-4edd-4b42-9623-61c79e2695f5"> </a><a name="hc463ce2cc-4edd-4b42-9623-61c79e2695f5"> </a></p><div style="display: inline-block; background-color: #d9e0e7; padding: 6px; margin: 4px; border: 1px solid #8da1b4; border-radius: 5px; line-height: 60%"><p style="margin-bottom: 0px">Resource Observation &quot;463ce2cc-4edd-4b42-9623-61c79e2695f5&quot; </p><p style="margin-bottom: 0px">Profile: <a href="StructureDefinition-VA.MHV.PHR.vitalsBP.html">VA MHV PHR Vital-Signs for Blood Pressure</a></p></div><p><b>identifier</b>: <code>urn:oid:2.16.840.1.113883.4.349.4.989</code>/VitalSignTO.3303306 (use: USUAL)</p><p><b>status</b>: final</p><p><b>category</b>: Vital Signs <span style="background: LightGoldenRodYellow; margin: 4px; border: 1px solid khaki"> (<a href="http://terminology.hl7.org/5.0.0/CodeSystem-observation-category.html">Observation Category Codes</a>#vital-signs)</span></p><p><b>code</b>: BLOOD PRESSURE <span style="background: LightGoldenRodYellow; margin: 4px; border: 1px solid khaki"> (<a href="https://loinc.org/">LOINC</a>#85354-9 &quot;Blood pressure panel with all children optional&quot;)</span></p><p><b>subject</b>: <a href="Patient-ex-MHV-patient-2.html">Patient/ex-MHV-patient-2</a> &quot; MHVLISAONE&quot;</p><p><b>effective</b>: 2001-07-06 13:00:00+0000</p><p><b>performer</b>: <span>: Location 2801</span></p><blockquote><p><b>component</b></p><p><b>code</b>: Systolic blood pressure <span style="background: LightGoldenRodYellow; margin: 4px; border: 1px solid khaki"> (<a href="https://loinc.org/">LOINC</a>#8480-6)</span></p><p><b>value</b>: 130 mmHg<span style="background: LightGoldenRodYellow"> (Details: UCUM code mm[Hg] = 'mm[Hg]')</span></p></blockquote><blockquote><p><b>component</b></p><p><b>code</b>: Diastolic blood pressure <span style="background: LightGoldenRodYellow; margin: 4px; border: 1px solid khaki"> (<a href="https://loinc.org/">LOINC</a>#8462-4)</span></p><p><b>value</b>: 62 mmHg<span style="background: LightGoldenRodYellow"> (Details: UCUM code mm[Hg] = 'mm[Hg]')</span></p></blockquote><hr/><blockquote><p><b>Generated Narrative: Location #location-2901</b><a name="location-2901"> </a><a name="hclocation-2901"> </a></p><p><b>identifier</b>: <code>urn:oid:2.16.840.1.113883.4.349.4.989</code>/HospitalLocationTO.2901 (use: USUAL)</p><p><b>name</b>: REHAB-SCI MD</p></blockquote></div>
  </text>
  <contained>
    <Location>
      <id value="location-2901"/>
      <meta>
        <profile value="https://department-of-veterans-affairs.github.io/mhv-fhir-phr-mapping/StructureDefinition/VA.MHV.PHR.location"/>
      </meta>
      <identifier>
        <use value="usual"/>
        <system value="urn:oid:2.16.840.1.113883.4.349.4.989"/>
        <value value="HospitalLocationTO.2901"/>
      </identifier>
      <name value="REHAB-SCI MD"/>
    </Location>
  </contained>
  <identifier>
    <use value="usual"/>
    <system value="urn:oid:2.16.840.1.113883.4.349.4.989"/>
    <value value="VitalSignTO.3303306"/>
  </identifier>
  <status value="final"/>
  <category>
    <coding>
      <system value="http://terminology.hl7.org/CodeSystem/observation-category"/>
      <code value="vital-signs"/>
    </coding>
  </category>
  <code>
    <coding>
      <system value="http://loinc.org"/>
      <code value="85354-9"/>
      <display value="Blood pressure panel with all children optional"/>
    </coding>
    <text value="BLOOD PRESSURE"/>
  </code>
  <subject>
    <reference value="Patient/ex-MHV-patient-2"/>
  </subject>
  <effectiveDateTime value="2001-07-06T13:00:00Z"/>
  <performer>
    <extension url="http://hl7.org/fhir/StructureDefinition/alternate-reference">
      <valueReference>
        <reference value="#location-2901"/>
      </valueReference>
    </extension>
    <display value="Location 2801"/>
  </performer>
  <component>
    <code>
      <coding>
        <system value="http://loinc.org"/>
        <code value="8480-6"/>
        <display value="Systolic blood pressure"/>
      </coding>
    </code>
    <valueQuantity>
      <value value="130"/>
      <unit value="mmHg"/>
      <system value="http://unitsofmeasure.org"/>
      <code value="mm[Hg]"/>
    </valueQuantity>
  </component>
  <component>
    <code>
      <coding>
        <system value="http://loinc.org"/>
        <code value="8462-4"/>
        <display value="Diastolic blood pressure"/>
      </coding>
    </code>
    <valueQuantity>
      <value value="62"/>
      <unit value="mmHg"/>
      <system value="http://unitsofmeasure.org"/>
      <code value="mm[Hg]"/>
    </valueQuantity>
  </component>
</Observation>