<?xml version="1.0" encoding="UTF-8"?>

<Observation xmlns="http://hl7.org/fhir">
  <id value="016a0b75-f9ce-47af-8bd6-7a385dc909e8"/>
  <meta>
    <profile value="https://department-of-veterans-affairs.github.io/mhv-fhir-phr-mapping/StructureDefinition/VA.MHV.PHR.vitals"/>
  </meta>
  <text>
    <status value="generated"/><div xmlns="http://www.w3.org/1999/xhtml"><p><b>Generated Narrative: Observation</b><a name="016a0b75-f9ce-47af-8bd6-7a385dc909e8"> </a></p><div style="display: inline-block; background-color: #d9e0e7; padding: 6px; margin: 4px; border: 1px solid #8da1b4; border-radius: 5px; line-height: 60%"><p style="margin-bottom: 0px">Resource Observation &quot;016a0b75-f9ce-47af-8bd6-7a385dc909e8&quot; </p><p style="margin-bottom: 0px">Profile: <a href="StructureDefinition-VA.MHV.PHR.vitals.html">VA MHV PHR Vital-Signs</a></p></div><p><b>identifier</b>: id: VitalSignTO.2449383 (use: USUAL)</p><p><b>status</b>: final</p><p><b>category</b>: Vital Signs <span style="background: LightGoldenRodYellow; margin: 4px; border: 1px solid khaki"> (<a href="http://terminology.hl7.org/5.0.0/CodeSystem-observation-category.html">Observation Category Codes</a>#vital-signs)</span></p><p><b>code</b>: WEIGHT <span style="background: LightGoldenRodYellow; margin: 4px; border: 1px solid khaki"> (<a href="https://loinc.org/">LOINC</a>#29463-7 &quot;Body weight&quot;)</span></p><p><b>subject</b>: <a href="Patient-ex-MHV-patient-2.html">Patient/ex-MHV-patient-2</a> &quot; MHVLISAONE&quot;</p><p><b>effective</b>: 1999-08-09 13:13:00+0000</p><p><b>performer</b>: <span>: Location 1920</span></p><p><b>value</b>: 150.4 lb_av<span style="background: LightGoldenRodYellow"> (Details: UCUM code [lb_av] = '[lb_av]')</span></p><hr/><blockquote><p><b>Generated Narrative: Location #location-1920</b><a name="location-1920"> </a></p><p><b>identifier</b>: id: HospitalLocationTO.1920 (use: USUAL)</p><p><b>name</b>: PCT_O</p></blockquote></div>
  </text>
  <contained>
    <Location>
      <id value="location-1920"/>
      <meta>
        <profile value="https://department-of-veterans-affairs.github.io/mhv-fhir-phr-mapping/StructureDefinition/VA.MHV.PHR.location"/>
      </meta>
      <identifier>
        <use value="usual"/>
        <system value="urn:oid:2.16.840.1.113883.4.349.4.989"/>
        <value value="HospitalLocationTO.1920"/>
      </identifier>
      <name value="PCT_O"/>
    </Location>
  </contained>
  <identifier>
    <use value="usual"/>
    <system value="urn:oid:2.16.840.1.113883.4.349.4.989"/>
    <value value="VitalSignTO.2449383"/>
  </identifier>
  <status value="final"/>
  <category>
    <coding>
      <system value="http://terminology.hl7.org/CodeSystem/observation-category"/>
      <code value="vital-signs"/>
    </coding>
  </category>
  <code>
    <coding>
      <system value="http://loinc.org"/>
      <code value="29463-7"/>
      <display value="Body weight"/>
    </coding>
    <text value="WEIGHT"/>
  </code>
  <subject>
    <reference value="Patient/ex-MHV-patient-2"/>
  </subject>
  <effectiveDateTime value="1999-08-09T13:13:00Z"/>
  <performer>
    <extension url="http://hl7.org/fhir/StructureDefinition/alternate-reference">
      <valueReference>
        <reference value="#location-1920"/>
      </valueReference>
    </extension>
    <display value="Location 1920"/>
  </performer>
  <valueQuantity>
    <value value="150.4"/>
    <unit value="lb_av"/>
    <system value="http://unitsofmeasure.org"/>
    <code value="[lb_av]"/>
  </valueQuantity>
</Observation>