<?xml version="1.0" encoding="UTF-8"?>

<Observation xmlns="http://hl7.org/fhir">
  <id value="d56b25dd-7304-41df-ba38-61ec089c5a32"/>
  <meta>
    <profile value="https://department-of-veterans-affairs.github.io/mhv-fhir-phr-mapping/StructureDefinition/VA.MHV.PHR.vitals"/>
  </meta>
  <text>
    <status value="generated"/><div xmlns="http://www.w3.org/1999/xhtml"><p class="res-header-id"><b>Generated Narrative: Observation d56b25dd-7304-41df-ba38-61ec089c5a32</b></p><a name="d56b25dd-7304-41df-ba38-61ec089c5a32"> </a><a name="hcd56b25dd-7304-41df-ba38-61ec089c5a32"> </a><a name="d56b25dd-7304-41df-ba38-61ec089c5a32-en-US"> </a><p><b>identifier</b>: <code>urn:oid:2.16.840.1.113883.4.349.4.989</code>/VitalSignTO.6544756 (use: usual, )</p><p><b>status</b>: Final</p><p><b>category</b>: <span title="Codes:{http://terminology.hl7.org/CodeSystem/observation-category vital-signs}">Vital Signs</span></p><p><b>code</b>: <span title="Codes:{http://loinc.org 29463-7}">WEIGHT</span></p><p><b>subject</b>: <a href="Patient-ex-MHV-patient-3.html">CASEYONE CASEYLAST  Unknown, DoB: 1000-01-01 ( urn:oid:2.16.840.1.113883.4.349#3 (use: usual, ))</a></p><p><b>effective</b>: 2023-10-26 11:33:31+0000</p><p><b>performer</b>: 000-EYE NON TREATMENT (LOC)</p><p><b>value</b>: 180 pounds<span style="background: LightGoldenRodYellow"> (Details: UCUM  code[lb_av] = '[lb_av]')</span></p><hr/><blockquote><p class="res-header-id"><b>Generated Narrative: Location  #location-3713</b></p><a name="d56b25dd-7304-41df-ba38-61ec089c5a32/location-3713"> </a><a name="hcd56b25dd-7304-41df-ba38-61ec089c5a32/location-3713"> </a><a name="d56b25dd-7304-41df-ba38-61ec089c5a32/location-3713-en-US"> </a><p><b>identifier</b>: <code>urn:oid:2.16.840.1.113883.4.349.4.989</code>/HospitalLocationTO.3713 (use: usual, )</p><p><b>name</b>: 000-EYE NON TREATMENT (LOC)</p></blockquote></div>
  </text>
  <contained>
    <Location>
      <id value="location-3713"/>
      <meta>
        <profile value="https://department-of-veterans-affairs.github.io/mhv-fhir-phr-mapping/StructureDefinition/VA.MHV.PHR.location"/>
      </meta>
      <identifier>
        <use value="usual"/>
        <system value="urn:oid:2.16.840.1.113883.4.349.4.989"/>
        <value value="HospitalLocationTO.3713"/>
      </identifier>
      <name value="000-EYE NON TREATMENT (LOC)"/>
    </Location>
  </contained>
  <identifier>
    <use value="usual"/>
    <system value="urn:oid:2.16.840.1.113883.4.349.4.989"/>
    <value value="VitalSignTO.6544756"/>
  </identifier>
  <status value="final"/>
  <category>
    <coding>
      <system value="http://terminology.hl7.org/CodeSystem/observation-category"/>
      <code value="vital-signs"/>
    </coding>
  </category>
  <code>
    <coding>
      <system value="http://loinc.org"/>
      <code value="29463-7"/>
      <display value="Body weight"/>
    </coding>
    <text value="WEIGHT"/>
  </code>
  <subject>
    <reference value="Patient/ex-MHV-patient-3"/>
  </subject>
  <effectiveDateTime value="2023-10-26T11:33:31Z"/>
  <performer>
    <extension url="http://hl7.org/fhir/StructureDefinition/alternate-reference">
      <valueReference>
        <reference value="#location-3713"/>
      </valueReference>
    </extension>
    <display value="000-EYE NON TREATMENT (LOC)"/>
  </performer>
  <valueQuantity>
    <value value="180"/>
    <unit value="pounds"/>
    <system value="http://unitsofmeasure.org"/>
    <code value="[lb_av]"/>
  </valueQuantity>
</Observation>