<?xml version="1.0" encoding="UTF-8"?>

<Observation xmlns="http://hl7.org/fhir">
  <id value="3696d905-853b-49f0-bc16-867e9be94c34"/>
  <meta>
    <profile value="https://department-of-veterans-affairs.github.io/mhv-fhir-phr-mapping/StructureDefinition/VA.MHV.PHR.vitals"/>
  </meta>
  <text>
    <status value="generated"/><div xmlns="http://www.w3.org/1999/xhtml"><p><b>Generated Narrative: Observation</b><a name="3696d905-853b-49f0-bc16-867e9be94c34"> </a><a name="hc3696d905-853b-49f0-bc16-867e9be94c34"> </a></p><div style="display: inline-block; background-color: #d9e0e7; padding: 6px; margin: 4px; border: 1px solid #8da1b4; border-radius: 5px; line-height: 60%"><p style="margin-bottom: 0px">Resource Observation &quot;3696d905-853b-49f0-bc16-867e9be94c34&quot; </p><p style="margin-bottom: 0px">Profile: <a href="StructureDefinition-VA.MHV.PHR.vitals.html">VA MHV PHR Vital-Signs</a></p></div><p><b>identifier</b>: <code>urn:oid:2.16.840.1.113883.4.349.4.989</code>/VitalSignTO.6544824 (use: USUAL)</p><p><b>status</b>: final</p><p><b>category</b>: Vital Signs <span style="background: LightGoldenRodYellow; margin: 4px; border: 1px solid khaki"> (<a href="http://terminology.hl7.org/5.0.0/CodeSystem-observation-category.html">Observation Category Codes</a>#vital-signs)</span></p><p><b>code</b>: CENTRAL VENOUS PRESSURE <span style="background: LightGoldenRodYellow; margin: 4px; border: 1px solid khaki"> (<a href="https://loinc.org/">LOINC</a>#8591-0 &quot;Central venous pressure (CVP) Mean&quot;)</span></p><p><b>subject</b>: <a href="Patient-ex-MHV-patient-3.html">Patient/ex-MHV-patient-3</a> &quot; CASEYLAST&quot;</p><p><b>effective</b>: 2023-12-12 09:55:14+0000</p><p><b>performer</b>: <span>: CARDIO RESEARCH</span></p><p><b>value</b>: 30 cmH2O<span style="background: LightGoldenRodYellow"> (Details: UCUM code cm[H2O] = 'cm[H2O]')</span></p><hr/><blockquote><p><b>Generated Narrative: Location #location-3713</b><a name="location-3713"> </a><a name="hclocation-3713"> </a></p><p><b>identifier</b>: <code>urn:oid:2.16.840.1.113883.4.349.4.989</code>/HospitalLocationTO.3713 (use: USUAL)</p><p><b>name</b>: 000-EYE NON TREATMENT (LOC)</p></blockquote></div>
  </text>
  <contained>
    <Location>
      <id value="location-3713"/>
      <meta>
        <profile value="https://department-of-veterans-affairs.github.io/mhv-fhir-phr-mapping/StructureDefinition/VA.MHV.PHR.location"/>
      </meta>
      <identifier>
        <use value="usual"/>
        <system value="urn:oid:2.16.840.1.113883.4.349.4.989"/>
        <value value="HospitalLocationTO.3713"/>
      </identifier>
      <name value="000-EYE NON TREATMENT (LOC)"/>
    </Location>
  </contained>
  <identifier>
    <use value="usual"/>
    <system value="urn:oid:2.16.840.1.113883.4.349.4.989"/>
    <value value="VitalSignTO.6544824"/>
  </identifier>
  <status value="final"/>
  <category>
    <coding>
      <system value="http://terminology.hl7.org/CodeSystem/observation-category"/>
      <code value="vital-signs"/>
    </coding>
  </category>
  <code>
    <coding>
      <system value="http://loinc.org"/>
      <code value="8591-0"/>
      <display value="Central venous pressure (CVP) Mean"/>
    </coding>
    <text value="CENTRAL VENOUS PRESSURE"/>
  </code>
  <subject>
    <reference value="Patient/ex-MHV-patient-3"/>
  </subject>
  <effectiveDateTime value="2023-12-12T09:55:14Z"/>
  <performer>
    <extension url="http://hl7.org/fhir/StructureDefinition/alternate-reference">
      <valueReference>
        <reference value="#location-3713"/>
      </valueReference>
    </extension>
    <display value="CARDIO RESEARCH"/>
  </performer>
  <valueQuantity>
    <value value="30"/>
    <unit value="cmH2O"/>
    <system value="http://unitsofmeasure.org"/>
    <code value="cm[H2O]"/>
  </valueQuantity>
</Observation>