<?xml version="1.0" encoding="UTF-8"?>

<Observation xmlns="http://hl7.org/fhir">
  <id value="04d6e474-aa2f-476d-a525-be1395b9fb81"/>
  <meta>
    <profile value="https://department-of-veterans-affairs.github.io/mhv-fhir-phr-mapping/StructureDefinition/VA.MHV.PHR.vitals"/>
  </meta>
  <text>
    <status value="generated"/><div xmlns="http://www.w3.org/1999/xhtml"><p class="res-header-id"><b>Generated Narrative: Observation 04d6e474-aa2f-476d-a525-be1395b9fb81</b></p><a name="04d6e474-aa2f-476d-a525-be1395b9fb81"> </a><a name="hc04d6e474-aa2f-476d-a525-be1395b9fb81"> </a><a name="04d6e474-aa2f-476d-a525-be1395b9fb81-en-US"> </a><p><b>identifier</b>: <code>urn:oid:2.16.840.1.113883.4.349.4.989</code>/VitalSignTO.6544225 (use: usual, )</p><p><b>status</b>: Final</p><p><b>category</b>: <span title="Codes:{http://terminology.hl7.org/CodeSystem/observation-category vital-signs}">Vital Signs</span></p><p><b>code</b>: <span title="Codes:{http://loinc.org 8591-0}">CENTRAL VENOUS PRESSURE</span></p><p><b>subject</b>: <a href="Patient-ex-MHV-patient-3.html">CASEYONE CASEYLAST  Unknown, DoB: 1000-01-01 ( urn:oid:2.16.840.1.113883.4.349#3 (use: usual, ))</a></p><p><b>effective</b>: 2022-08-08 10:51:24+0000</p><p><b>performer</b>: AC AMOD</p><p><b>value</b>: 90 cmH2O<span style="background: LightGoldenRodYellow"> (Details: UCUM  codecm[H2O] = 'cm[H2O]')</span></p><hr/><blockquote><p class="res-header-id"><b>Generated Narrative: Location  #location-3713</b></p><a name="04d6e474-aa2f-476d-a525-be1395b9fb81/location-3713"> </a><a name="hc04d6e474-aa2f-476d-a525-be1395b9fb81/location-3713"> </a><a name="04d6e474-aa2f-476d-a525-be1395b9fb81/location-3713-en-US"> </a><p><b>identifier</b>: <code>urn:oid:2.16.840.1.113883.4.349.4.989</code>/HospitalLocationTO.3713 (use: usual, )</p><p><b>name</b>: 000-EYE NON TREATMENT (LOC)</p></blockquote></div>
  </text>
  <contained>
    <Location>
      <id value="location-3713"/>
      <meta>
        <profile value="https://department-of-veterans-affairs.github.io/mhv-fhir-phr-mapping/StructureDefinition/VA.MHV.PHR.location"/>
      </meta>
      <identifier>
        <use value="usual"/>
        <system value="urn:oid:2.16.840.1.113883.4.349.4.989"/>
        <value value="HospitalLocationTO.3713"/>
      </identifier>
      <name value="000-EYE NON TREATMENT (LOC)"/>
    </Location>
  </contained>
  <identifier>
    <use value="usual"/>
    <system value="urn:oid:2.16.840.1.113883.4.349.4.989"/>
    <value value="VitalSignTO.6544225"/>
  </identifier>
  <status value="final"/>
  <category>
    <coding>
      <system value="http://terminology.hl7.org/CodeSystem/observation-category"/>
      <code value="vital-signs"/>
    </coding>
  </category>
  <code>
    <coding>
      <system value="http://loinc.org"/>
      <code value="8591-0"/>
      <display value="Central venous pressure (CVP) Mean"/>
    </coding>
    <text value="CENTRAL VENOUS PRESSURE"/>
  </code>
  <subject>
    <reference value="Patient/ex-MHV-patient-3"/>
  </subject>
  <effectiveDateTime value="2022-08-08T10:51:24Z"/>
  <performer>
    <extension url="http://hl7.org/fhir/StructureDefinition/alternate-reference">
      <valueReference>
        <reference value="#location-3713"/>
      </valueReference>
    </extension>
    <display value="AC AMOD"/>
  </performer>
  <valueQuantity>
    <value value="90"/>
    <unit value="cmH2O"/>
    <system value="http://unitsofmeasure.org"/>
    <code value="cm[H2O]"/>
  </valueQuantity>
</Observation>