<?xml version="1.0" encoding="UTF-8"?>

<Observation xmlns="http://hl7.org/fhir">
  <id value="5f72a042-728a-4b51-9705-0c2883efa2b7"/>
  <meta>
    <profile value="https://department-of-veterans-affairs.github.io/mhv-fhir-phr-mapping/StructureDefinition/VA.MHV.PHR.vitals"/>
  </meta>
  <text>
    <status value="extensions"/><div xmlns="http://www.w3.org/1999/xhtml"><p><b>Generated Narrative: Observation</b><a name="5f72a042-728a-4b51-9705-0c2883efa2b7"> </a></p><div style="display: inline-block; background-color: #d9e0e7; padding: 6px; margin: 4px; border: 1px solid #8da1b4; border-radius: 5px; line-height: 60%"><p style="margin-bottom: 0px">Resource Observation &quot;5f72a042-728a-4b51-9705-0c2883efa2b7&quot; </p><p style="margin-bottom: 0px">Profile: <a href="StructureDefinition-VA.MHV.PHR.vitals.html">VA MHV PHR Vital-Signs</a></p></div><p><b>bodyPosition</b>: Recumbent body position <span style="background: LightGoldenRodYellow; margin: 4px; border: 1px solid khaki"> (<a href="https://browser.ihtsdotools.org/">SNOMED CT</a>#102538003)</span></p><p><b>identifier</b>: id: VitalSignTO.6544816 (use: USUAL)</p><p><b>status</b>: final</p><p><b>category</b>: Vital Signs <span style="background: LightGoldenRodYellow; margin: 4px; border: 1px solid khaki"> (<a href="http://terminology.hl7.org/5.0.0/CodeSystem-observation-category.html">Observation Category Codes</a>#vital-signs)</span></p><p><b>code</b>: PULSE <span style="background: LightGoldenRodYellow; margin: 4px; border: 1px solid khaki"> (<a href="https://loinc.org/">LOINC</a>#8867-4 &quot;Heart rate&quot;)</span></p><p><b>subject</b>: <a href="Patient-ex-MHV-patient-3.html">Patient/ex-MHV-patient-3</a> &quot; CASEYLAST&quot;</p><p><b>effective</b>: 2023-12-12 09:55:14+0000</p><p><b>performer</b>: <span>: CARDIO RESEARCH</span></p><p><b>value</b>: 70 /min<span style="background: LightGoldenRodYellow"> (Details: UCUM code /min = '/min')</span></p><p><b>bodySite</b>: Structure of left brachial artery <span style="background: LightGoldenRodYellow; margin: 4px; border: 1px solid khaki"> (<a href="https://browser.ihtsdotools.org/">SNOMED CT</a>#723961002)</span></p><p><b>method</b>: Auscultation <span style="background: LightGoldenRodYellow; margin: 4px; border: 1px solid khaki"> (<a href="https://browser.ihtsdotools.org/">SNOMED CT</a>#37931006)</span></p><blockquote><p><b>component</b></p><p><b>code</b>: LYING <span style="background: LightGoldenRodYellow; margin: 4px; border: 1px solid khaki"> (unknown#4688663)</span></p><p><b>dataAbsentReason</b>: Not Applicable <span style="background: LightGoldenRodYellow; margin: 4px; border: 1px solid khaki"> (<a href="http://terminology.hl7.org/5.0.0/CodeSystem-data-absent-reason.html">DataAbsentReason</a>#not-applicable)</span></p></blockquote><blockquote><p><b>component</b></p><p><b>code</b>: BRACHIAL <span style="background: LightGoldenRodYellow; margin: 4px; border: 1px solid khaki"> (unknown#4688643)</span></p><p><b>dataAbsentReason</b>: Not Applicable <span style="background: LightGoldenRodYellow; margin: 4px; border: 1px solid khaki"> (<a href="http://terminology.hl7.org/5.0.0/CodeSystem-data-absent-reason.html">DataAbsentReason</a>#not-applicable)</span></p></blockquote><blockquote><p><b>component</b></p><p><b>code</b>: AUSCULTATE <span style="background: LightGoldenRodYellow; margin: 4px; border: 1px solid khaki"> (unknown#4688639)</span></p><p><b>dataAbsentReason</b>: Not Applicable <span style="background: LightGoldenRodYellow; margin: 4px; border: 1px solid khaki"> (<a href="http://terminology.hl7.org/5.0.0/CodeSystem-data-absent-reason.html">DataAbsentReason</a>#not-applicable)</span></p></blockquote><blockquote><p><b>component</b></p><p><b>code</b>: LEFT <span style="background: LightGoldenRodYellow; margin: 4px; border: 1px solid khaki"> (unknown#4688660)</span></p><p><b>dataAbsentReason</b>: Not Applicable <span style="background: LightGoldenRodYellow; margin: 4px; border: 1px solid khaki"> (<a href="http://terminology.hl7.org/5.0.0/CodeSystem-data-absent-reason.html">DataAbsentReason</a>#not-applicable)</span></p></blockquote><hr/><blockquote><p><b>Generated Narrative: Location #location-3713</b><a name="location-3713"> </a></p><p><b>identifier</b>: id: HospitalLocationTO.3713 (use: USUAL)</p><p><b>name</b>: 000-EYE NON TREATMENT (LOC)</p></blockquote></div>
  </text>
  <contained>
    <Location>
      <id value="location-3713"/>
      <meta>
        <profile value="https://department-of-veterans-affairs.github.io/mhv-fhir-phr-mapping/StructureDefinition/VA.MHV.PHR.location"/>
      </meta>
      <identifier>
        <use value="usual"/>
        <system value="urn:oid:2.16.840.1.113883.4.349.4.989"/>
        <value value="HospitalLocationTO.3713"/>
      </identifier>
      <name value="000-EYE NON TREATMENT (LOC)"/>
    </Location>
  </contained>
  <extension url="http://hl7.org/fhir/StructureDefinition/observation-bodyPosition">
    <valueCodeableConcept>
      <coding>
        <system value="http://snomed.info/sct"/>
        <code value="102538003"/>
        <display value="Recumbent body position"/>
      </coding>
    </valueCodeableConcept>
  </extension>
  <identifier>
    <use value="usual"/>
    <system value="urn:oid:2.16.840.1.113883.4.349.4.989"/>
    <value value="VitalSignTO.6544816"/>
  </identifier>
  <status value="final"/>
  <category>
    <coding>
      <system value="http://terminology.hl7.org/CodeSystem/observation-category"/>
      <code value="vital-signs"/>
    </coding>
  </category>
  <code>
    <coding>
      <system value="http://loinc.org"/>
      <code value="8867-4"/>
      <display value="Heart rate"/>
    </coding>
    <text value="PULSE"/>
  </code>
  <subject>
    <reference value="Patient/ex-MHV-patient-3"/>
  </subject>
  <effectiveDateTime value="2023-12-12T09:55:14Z"/>
  <performer>
    <extension url="http://hl7.org/fhir/StructureDefinition/alternate-reference">
      <valueReference>
        <reference value="#location-3713"/>
      </valueReference>
    </extension>
    <display value="CARDIO RESEARCH"/>
  </performer>
  <valueQuantity>
    <value value="70"/>
    <unit value="/min"/>
    <system value="http://unitsofmeasure.org"/>
    <code value="/min"/>
  </valueQuantity>
  <bodySite>
    <coding>
      <system value="http://snomed.info/sct"/>
      <code value="723961002"/>
      <display value="Structure of left brachial artery"/>
    </coding>
  </bodySite>
  <method>
    <coding>
      <system value="http://snomed.info/sct"/>
      <code value="37931006"/>
      <display value="Auscultation"/>
    </coding>
  </method>
  <component>
    <code>
      <coding>
        <system value="urn:oid:2.16.840.1.113883.6.233"/>
        <code value="4688663"/>
        <display value="LYING"/>
      </coding>
    </code>
    <dataAbsentReason>
      <coding>
        <system value="http://terminology.hl7.org/CodeSystem/data-absent-reason"/>
        <code value="not-applicable"/>
      </coding>
    </dataAbsentReason>
  </component>
  <component>
    <code>
      <coding>
        <system value="urn:oid:2.16.840.1.113883.6.233"/>
        <code value="4688643"/>
        <display value="BRACHIAL"/>
      </coding>
    </code>
    <dataAbsentReason>
      <coding>
        <system value="http://terminology.hl7.org/CodeSystem/data-absent-reason"/>
        <code value="not-applicable"/>
      </coding>
    </dataAbsentReason>
  </component>
  <component>
    <code>
      <coding>
        <system value="urn:oid:2.16.840.1.113883.6.233"/>
        <code value="4688639"/>
        <display value="AUSCULTATE"/>
      </coding>
    </code>
    <dataAbsentReason>
      <coding>
        <system value="http://terminology.hl7.org/CodeSystem/data-absent-reason"/>
        <code value="not-applicable"/>
      </coding>
    </dataAbsentReason>
  </component>
  <component>
    <code>
      <coding>
        <system value="urn:oid:2.16.840.1.113883.6.233"/>
        <code value="4688660"/>
        <display value="LEFT"/>
      </coding>
    </code>
    <dataAbsentReason>
      <coding>
        <system value="http://terminology.hl7.org/CodeSystem/data-absent-reason"/>
        <code value="not-applicable"/>
      </coding>
    </dataAbsentReason>
  </component>
</Observation>