<?xml version="1.0" encoding="UTF-8"?>

<Observation xmlns="http://hl7.org/fhir">
  <id value="3411ad29-aad6-4eae-9897-9503a70ee916"/>
  <meta>
    <profile value="https://department-of-veterans-affairs.github.io/mhv-fhir-phr-mapping/StructureDefinition/VA.MHV.PHR.vitalsOx"/>
  </meta>
  <text>
    <status value="extensions"/><div xmlns="http://www.w3.org/1999/xhtml"><p><b>Generated Narrative: Observation</b><a name="3411ad29-aad6-4eae-9897-9503a70ee916"> </a></p><div style="display: inline-block; background-color: #d9e0e7; padding: 6px; margin: 4px; border: 1px solid #8da1b4; border-radius: 5px; line-height: 60%"><p style="margin-bottom: 0px">Resource Observation &quot;3411ad29-aad6-4eae-9897-9503a70ee916&quot; </p><p style="margin-bottom: 0px">Profile: <a href="StructureDefinition-VA.MHV.PHR.vitalsOx.html">VA MHV PHR Pulse Oximetry Vital-Signs</a></p></div><p><b>Device Code</b>: Oxygen nasal cannula <span style="background: LightGoldenRodYellow; margin: 4px; border: 1px solid khaki"> (<a href="https://browser.ihtsdotools.org/">SNOMED CT</a>#336623009)</span></p><p><b>identifier</b>: id: VitalSignTO.6544821 (use: USUAL)</p><p><b>status</b>: final</p><p><b>category</b>: Vital Signs <span style="background: LightGoldenRodYellow; margin: 4px; border: 1px solid khaki"> (<a href="http://terminology.hl7.org/5.0.0/CodeSystem-observation-category.html">Observation Category Codes</a>#vital-signs)</span></p><p><b>code</b>: PULSE OXIMETRY <span style="background: LightGoldenRodYellow; margin: 4px; border: 1px solid khaki"> (<a href="https://loinc.org/">LOINC</a>#59408-5; <a href="https://loinc.org/">LOINC</a>#2708-6 &quot;Oxygen saturation in Arterial blood&quot;)</span></p><p><b>subject</b>: <a href="Patient-ex-MHV-patient-3.html">Patient/ex-MHV-patient-3</a> &quot; CASEYLAST&quot;</p><p><b>effective</b>: 2023-12-12 09:55:14+0000</p><p><b>performer</b>: <span>: CARDIO RESEARCH</span></p><p><b>value</b>: 98 %<span style="background: LightGoldenRodYellow"> (Details: UCUM code % = '%')</span></p><h3>Components</h3><table class="grid"><tr><td style="display: none">-</td><td><b>Code</b></td><td><b>DataAbsentReason</b></td></tr><tr><td style="display: none">*</td><td>NASAL CANNULA <span style="background: LightGoldenRodYellow; margin: 4px; border: 1px solid khaki"> (unknown#4688666)</span></td><td>Not Applicable <span style="background: LightGoldenRodYellow; margin: 4px; border: 1px solid khaki"> (<a href="http://terminology.hl7.org/5.0.0/CodeSystem-data-absent-reason.html">DataAbsentReason</a>#not-applicable)</span></td></tr></table><hr/><blockquote><p><b>Generated Narrative: Location #location-3713</b><a name="location-3713"> </a></p><p><b>identifier</b>: id: HospitalLocationTO.3713 (use: USUAL)</p><p><b>name</b>: 000-EYE NON TREATMENT (LOC)</p></blockquote></div>
  </text>
  <contained>
    <Location>
      <id value="location-3713"/>
      <meta>
        <profile value="https://department-of-veterans-affairs.github.io/mhv-fhir-phr-mapping/StructureDefinition/VA.MHV.PHR.location"/>
      </meta>
      <identifier>
        <use value="usual"/>
        <system value="urn:oid:2.16.840.1.113883.4.349.4.989"/>
        <value value="HospitalLocationTO.3713"/>
      </identifier>
      <name value="000-EYE NON TREATMENT (LOC)"/>
    </Location>
  </contained>
  <extension url="http://hl7.org/fhir/StructureDefinition/observation-deviceCode">
    <valueCodeableConcept>
      <coding>
        <system value="http://snomed.info/sct"/>
        <code value="336623009"/>
        <display value="Oxygen nasal cannula"/>
      </coding>
    </valueCodeableConcept>
  </extension>
  <identifier>
    <use value="usual"/>
    <system value="urn:oid:2.16.840.1.113883.4.349.4.989"/>
    <value value="VitalSignTO.6544821"/>
  </identifier>
  <status value="final"/>
  <category>
    <coding>
      <system value="http://terminology.hl7.org/CodeSystem/observation-category"/>
      <code value="vital-signs"/>
    </coding>
  </category>
  <code>
    <coding>
      <system value="http://loinc.org"/>
      <code value="59408-5"/>
    </coding>
    <coding>
      <system value="http://loinc.org"/>
      <code value="2708-6"/>
      <display value="Oxygen saturation in Arterial blood"/>
    </coding>
    <text value="PULSE OXIMETRY"/>
  </code>
  <subject>
    <reference value="Patient/ex-MHV-patient-3"/>
  </subject>
  <effectiveDateTime value="2023-12-12T09:55:14Z"/>
  <performer>
    <extension url="http://hl7.org/fhir/StructureDefinition/alternate-reference">
      <valueReference>
        <reference value="#location-3713"/>
      </valueReference>
    </extension>
    <display value="CARDIO RESEARCH"/>
  </performer>
  <valueQuantity>
    <value value="98"/>
    <unit value="%"/>
    <system value="http://unitsofmeasure.org"/>
    <code value="%"/>
  </valueQuantity>
  <component>
    <code>
      <coding>
        <system value="urn:oid:2.16.840.1.113883.6.233"/>
        <code value="4688666"/>
        <display value="NASAL CANNULA"/>
      </coding>
    </code>
    <dataAbsentReason>
      <coding>
        <system value="http://terminology.hl7.org/CodeSystem/data-absent-reason"/>
        <code value="not-applicable"/>
      </coding>
    </dataAbsentReason>
  </component>
</Observation>