<?xml version="1.0" encoding="UTF-8"?>

<Observation xmlns="http://hl7.org/fhir">
  <id value="91f05de1-fb1c-4c31-b434-094d53791842"/>
  <meta>
    <profile value="https://department-of-veterans-affairs.github.io/mhv-fhir-phr-mapping/StructureDefinition/VA.MHV.PHR.vitals"/>
  </meta>
  <text>
    <status value="generated"/><div xmlns="http://www.w3.org/1999/xhtml"><p class="res-header-id"><b>Generated Narrative: Observation 91f05de1-fb1c-4c31-b434-094d53791842</b></p><a name="91f05de1-fb1c-4c31-b434-094d53791842"> </a><a name="hc91f05de1-fb1c-4c31-b434-094d53791842"> </a><a name="91f05de1-fb1c-4c31-b434-094d53791842-en-US"> </a><p><b>identifier</b>: <code>urn:oid:2.16.840.1.113883.4.349.4.989</code>/VitalSignTO.6544817 (use: usual, )</p><p><b>status</b>: Final</p><p><b>category</b>: <span title="Codes:{http://terminology.hl7.org/CodeSystem/observation-category vital-signs}">Vital Signs</span></p><p><b>code</b>: <span title="Codes:{http://loinc.org 9279-1}">RESPIRATION</span></p><p><b>subject</b>: <a href="Patient-ex-MHV-patient-3.html">CASEYONE CASEYLAST  Unknown, DoB: 1000-01-01 ( urn:oid:2.16.840.1.113883.4.349#3 (use: usual, ))</a></p><p><b>effective</b>: 2023-12-12 09:55:14+0000</p><p><b>performer</b>: CARDIO RESEARCH</p><p><b>value</b>: 15 /min<span style="background: LightGoldenRodYellow"> (Details: UCUM  code/min = '/min')</span></p><hr/><blockquote><p class="res-header-id"><b>Generated Narrative: Location  #location-3713</b></p><a name="91f05de1-fb1c-4c31-b434-094d53791842/location-3713"> </a><a name="hc91f05de1-fb1c-4c31-b434-094d53791842/location-3713"> </a><a name="91f05de1-fb1c-4c31-b434-094d53791842/location-3713-en-US"> </a><p><b>identifier</b>: <code>urn:oid:2.16.840.1.113883.4.349.4.989</code>/HospitalLocationTO.3713 (use: usual, )</p><p><b>name</b>: 000-EYE NON TREATMENT (LOC)</p></blockquote></div>
  </text>
  <contained>
    <Location>
      <id value="location-3713"/>
      <meta>
        <profile value="https://department-of-veterans-affairs.github.io/mhv-fhir-phr-mapping/StructureDefinition/VA.MHV.PHR.location"/>
      </meta>
      <identifier>
        <use value="usual"/>
        <system value="urn:oid:2.16.840.1.113883.4.349.4.989"/>
        <value value="HospitalLocationTO.3713"/>
      </identifier>
      <name value="000-EYE NON TREATMENT (LOC)"/>
    </Location>
  </contained>
  <identifier>
    <use value="usual"/>
    <system value="urn:oid:2.16.840.1.113883.4.349.4.989"/>
    <value value="VitalSignTO.6544817"/>
  </identifier>
  <status value="final"/>
  <category>
    <coding>
      <system value="http://terminology.hl7.org/CodeSystem/observation-category"/>
      <code value="vital-signs"/>
    </coding>
  </category>
  <code>
    <coding>
      <system value="http://loinc.org"/>
      <code value="9279-1"/>
      <display value="Respiratory Rate"/>
    </coding>
    <text value="RESPIRATION"/>
  </code>
  <subject>
    <reference value="Patient/ex-MHV-patient-3"/>
  </subject>
  <effectiveDateTime value="2023-12-12T09:55:14Z"/>
  <performer>
    <extension url="http://hl7.org/fhir/StructureDefinition/alternate-reference">
      <valueReference>
        <reference value="#location-3713"/>
      </valueReference>
    </extension>
    <display value="CARDIO RESEARCH"/>
  </performer>
  <valueQuantity>
    <value value="15"/>
    <unit value="/min"/>
    <system value="http://unitsofmeasure.org"/>
    <code value="/min"/>
  </valueQuantity>
</Observation>