<?xml version="1.0" encoding="UTF-8"?>

<Observation xmlns="http://hl7.org/fhir">
  <id value="b0b8b707-0828-45cf-8a84-98d79619d1d4"/>
  <meta>
    <profile value="https://department-of-veterans-affairs.github.io/mhv-fhir-phr-mapping/StructureDefinition/VA.MHV.PHR.vitals"/>
  </meta>
  <text>
    <status value="generated"/><div xmlns="http://www.w3.org/1999/xhtml"><p class="res-header-id"><b>Generated Narrative: Observation b0b8b707-0828-45cf-8a84-98d79619d1d4</b></p><a name="b0b8b707-0828-45cf-8a84-98d79619d1d4"> </a><a name="hcb0b8b707-0828-45cf-8a84-98d79619d1d4"> </a><a name="b0b8b707-0828-45cf-8a84-98d79619d1d4-en-US"> </a><p><b>identifier</b>: <code>urn:oid:2.16.840.1.113883.4.349.4.989</code>/VitalSignTO.2449380 (use: usual, )</p><p><b>status</b>: Final</p><p><b>category</b>: <span title="Codes:{http://terminology.hl7.org/CodeSystem/observation-category vital-signs}">Vital Signs</span></p><p><b>code</b>: <span title="Codes:{http://loinc.org 8310-5}">TEMPERATURE</span></p><p><b>subject</b>: <a href="Patient-ex-MHV-patient-2.html">ROBERT MHVLISAONE  Male, DoB: 1000-01-01 ( urn:oid:2.16.840.1.113883.4.349#2 (use: usual, ))</a></p><p><b>effective</b>: 1999-08-09 13:13:00+0000</p><p><b>performer</b>: Location 1920</p><p><b>value</b>: 97.8 degree Fahrenheit<span style="background: LightGoldenRodYellow"> (Details: UCUM  code[degF] = '[degF]')</span></p><hr/><blockquote><p class="res-header-id"><b>Generated Narrative: Location  #location-1920</b></p><a name="b0b8b707-0828-45cf-8a84-98d79619d1d4/location-1920"> </a><a name="hcb0b8b707-0828-45cf-8a84-98d79619d1d4/location-1920"> </a><a name="b0b8b707-0828-45cf-8a84-98d79619d1d4/location-1920-en-US"> </a><p><b>identifier</b>: <code>urn:oid:2.16.840.1.113883.4.349.4.989</code>/HospitalLocationTO.1920 (use: usual, )</p><p><b>name</b>: PCT_O</p></blockquote></div>
  </text>
  <contained>
    <Location>
      <id value="location-1920"/>
      <meta>
        <profile value="https://department-of-veterans-affairs.github.io/mhv-fhir-phr-mapping/StructureDefinition/VA.MHV.PHR.location"/>
      </meta>
      <identifier>
        <use value="usual"/>
        <system value="urn:oid:2.16.840.1.113883.4.349.4.989"/>
        <value value="HospitalLocationTO.1920"/>
      </identifier>
      <name value="PCT_O"/>
    </Location>
  </contained>
  <identifier>
    <use value="usual"/>
    <system value="urn:oid:2.16.840.1.113883.4.349.4.989"/>
    <value value="VitalSignTO.2449380"/>
  </identifier>
  <status value="final"/>
  <category>
    <coding>
      <system value="http://terminology.hl7.org/CodeSystem/observation-category"/>
      <code value="vital-signs"/>
    </coding>
  </category>
  <code>
    <coding>
      <system value="http://loinc.org"/>
      <code value="8310-5"/>
      <display value="Body temperature"/>
    </coding>
    <text value="TEMPERATURE"/>
  </code>
  <subject>
    <reference value="Patient/ex-MHV-patient-2"/>
  </subject>
  <effectiveDateTime value="1999-08-09T13:13:00Z"/>
  <performer>
    <extension url="http://hl7.org/fhir/StructureDefinition/alternate-reference">
      <valueReference>
        <reference value="#location-1920"/>
      </valueReference>
    </extension>
    <display value="Location 1920"/>
  </performer>
  <valueQuantity>
    <value value="97.8"/>
    <unit value="degree Fahrenheit"/>
    <system value="http://unitsofmeasure.org"/>
    <code value="[degF]"/>
  </valueQuantity>
</Observation>