<?xml version="1.0" encoding="UTF-8"?>

<Observation xmlns="http://hl7.org/fhir">
  <id value="7efdbf21-6f33-4fa4-ba6a-3efd327efd1c"/>
  <meta>
    <profile value="https://department-of-veterans-affairs.github.io/mhv-fhir-phr-mapping/StructureDefinition/VA.MHV.PHR.vitals"/>
  </meta>
  <text>
    <status value="generated"/><div xmlns="http://www.w3.org/1999/xhtml"><p class="res-header-id"><b>Generated Narrative: Observation 7efdbf21-6f33-4fa4-ba6a-3efd327efd1c</b></p><a name="7efdbf21-6f33-4fa4-ba6a-3efd327efd1c"> </a><a name="hc7efdbf21-6f33-4fa4-ba6a-3efd327efd1c"> </a><a name="7efdbf21-6f33-4fa4-ba6a-3efd327efd1c-en-US"> </a><p><b>identifier</b>: <code>urn:oid:2.16.840.1.113883.4.349.4.989</code>/VitalSignTO.2807289 (use: usual, )</p><p><b>status</b>: Final</p><p><b>category</b>: <span title="Codes:{http://terminology.hl7.org/CodeSystem/observation-category vital-signs}">Vital Signs</span></p><p><b>code</b>: <span title="Codes:{http://loinc.org 29463-7}">WEIGHT</span></p><p><b>subject</b>: <a href="Patient-ex-MHV-patient-2.html">ROBERT MHVLISAONE  Male, DoB: 1000-01-01 ( urn:oid:2.16.840.1.113883.4.349#2 (use: usual, ))</a></p><p><b>effective</b>: 2000-07-18 13:21:00+0000</p><p><b>performer</b>: Location 1439</p><p><b>value</b>: 152.2 lb_av<span style="background: LightGoldenRodYellow"> (Details: UCUM  code[lb_av] = '[lb_av]')</span></p><hr/><blockquote><p class="res-header-id"><b>Generated Narrative: Location  #location-1439</b></p><a name="7efdbf21-6f33-4fa4-ba6a-3efd327efd1c/location-1439"> </a><a name="hc7efdbf21-6f33-4fa4-ba6a-3efd327efd1c/location-1439"> </a><a name="7efdbf21-6f33-4fa4-ba6a-3efd327efd1c/location-1439-en-US"> </a><p><b>identifier</b>: <code>urn:oid:2.16.840.1.113883.4.349.4.989</code>/HospitalLocationTO.1439 (use: usual, )</p><p><b>name</b>: ZZZPCT_G MANGAS P.(HYP)</p></blockquote></div>
  </text>
  <contained>
    <Location>
      <id value="location-1439"/>
      <meta>
        <profile value="https://department-of-veterans-affairs.github.io/mhv-fhir-phr-mapping/StructureDefinition/VA.MHV.PHR.location"/>
      </meta>
      <identifier>
        <use value="usual"/>
        <system value="urn:oid:2.16.840.1.113883.4.349.4.989"/>
        <value value="HospitalLocationTO.1439"/>
      </identifier>
      <name value="ZZZPCT_G MANGAS P.(HYP)"/>
    </Location>
  </contained>
  <identifier>
    <use value="usual"/>
    <system value="urn:oid:2.16.840.1.113883.4.349.4.989"/>
    <value value="VitalSignTO.2807289"/>
  </identifier>
  <status value="final"/>
  <category>
    <coding>
      <system value="http://terminology.hl7.org/CodeSystem/observation-category"/>
      <code value="vital-signs"/>
    </coding>
  </category>
  <code>
    <coding>
      <system value="http://loinc.org"/>
      <code value="29463-7"/>
      <display value="Body weight"/>
    </coding>
    <text value="WEIGHT"/>
  </code>
  <subject>
    <reference value="Patient/ex-MHV-patient-2"/>
  </subject>
  <effectiveDateTime value="2000-07-18T13:21:00Z"/>
  <performer>
    <extension url="http://hl7.org/fhir/StructureDefinition/alternate-reference">
      <valueReference>
        <reference value="#location-1439"/>
      </valueReference>
    </extension>
    <display value="Location 1439"/>
  </performer>
  <valueQuantity>
    <value value="152.2"/>
    <unit value="lb_av"/>
    <system value="http://unitsofmeasure.org"/>
    <code value="[lb_av]"/>
  </valueQuantity>
</Observation>