<?xml version="1.0" encoding="UTF-8"?>

<Observation xmlns="http://hl7.org/fhir">
  <id value="414f0d52-5ebd-4288-b34c-63d0c890e047"/>
  <meta>
    <profile value="https://department-of-veterans-affairs.github.io/mhv-fhir-phr-mapping/StructureDefinition/VA.MHV.PHR.vitals"/>
  </meta>
  <text>
    <status value="generated"/><div xmlns="http://www.w3.org/1999/xhtml"><p class="res-header-id"><b>Generated Narrative: Observation 414f0d52-5ebd-4288-b34c-63d0c890e047</b></p><a name="414f0d52-5ebd-4288-b34c-63d0c890e047"> </a><a name="hc414f0d52-5ebd-4288-b34c-63d0c890e047"> </a><a name="414f0d52-5ebd-4288-b34c-63d0c890e047-en-US"> </a><p><b>identifier</b>: <code>urn:oid:2.16.840.1.113883.4.349.4.989</code>/VitalSignTO.2699442 (use: usual, )</p><p><b>status</b>: Final</p><p><b>category</b>: <span title="Codes:{http://terminology.hl7.org/CodeSystem/observation-category vital-signs}">Vital Signs</span></p><p><b>code</b>: <span title="Codes:{http://loinc.org 29463-7}">WEIGHT</span></p><p><b>subject</b>: <a href="Patient-ex-MHV-patient-2.html">ROBERT MHVLISAONE  Male, DoB: 1000-01-01 ( urn:oid:2.16.840.1.113883.4.349#2 (use: usual, ))</a></p><p><b>effective</b>: 2000-04-05 09:51:00+0000</p><p><b>performer</b>: Location 1921</p><p><b>value</b>: 156.6 lb_av<span style="background: LightGoldenRodYellow"> (Details: UCUM  code[lb_av] = '[lb_av]')</span></p><hr/><blockquote><p class="res-header-id"><b>Generated Narrative: Location  #location-1921</b></p><a name="414f0d52-5ebd-4288-b34c-63d0c890e047/location-1921"> </a><a name="hc414f0d52-5ebd-4288-b34c-63d0c890e047/location-1921"> </a><a name="414f0d52-5ebd-4288-b34c-63d0c890e047/location-1921-en-US"> </a><p><b>identifier</b>: <code>urn:oid:2.16.840.1.113883.4.349.4.989</code>/HospitalLocationTO.1921 (use: usual, )</p><p><b>name</b>: PCT_G</p></blockquote></div>
  </text>
  <contained>
    <Location>
      <id value="location-1921"/>
      <meta>
        <profile value="https://department-of-veterans-affairs.github.io/mhv-fhir-phr-mapping/StructureDefinition/VA.MHV.PHR.location"/>
      </meta>
      <identifier>
        <use value="usual"/>
        <system value="urn:oid:2.16.840.1.113883.4.349.4.989"/>
        <value value="HospitalLocationTO.1921"/>
      </identifier>
      <name value="PCT_G"/>
    </Location>
  </contained>
  <identifier>
    <use value="usual"/>
    <system value="urn:oid:2.16.840.1.113883.4.349.4.989"/>
    <value value="VitalSignTO.2699442"/>
  </identifier>
  <status value="final"/>
  <category>
    <coding>
      <system value="http://terminology.hl7.org/CodeSystem/observation-category"/>
      <code value="vital-signs"/>
    </coding>
  </category>
  <code>
    <coding>
      <system value="http://loinc.org"/>
      <code value="29463-7"/>
      <display value="Body weight"/>
    </coding>
    <text value="WEIGHT"/>
  </code>
  <subject>
    <reference value="Patient/ex-MHV-patient-2"/>
  </subject>
  <effectiveDateTime value="2000-04-05T09:51:00Z"/>
  <performer>
    <extension url="http://hl7.org/fhir/StructureDefinition/alternate-reference">
      <valueReference>
        <reference value="#location-1921"/>
      </valueReference>
    </extension>
    <display value="Location 1921"/>
  </performer>
  <valueQuantity>
    <value value="156.6"/>
    <unit value="lb_av"/>
    <system value="http://unitsofmeasure.org"/>
    <code value="[lb_av]"/>
  </valueQuantity>
</Observation>