<?xml version="1.0" encoding="UTF-8"?>

<Organization xmlns="http://hl7.org/fhir">
  <id value="ex-MHV-organization-552"/>
  <meta>
    <profile value="https://johnmoehrke.github.io/MHV-PHR/StructureDefinition/VA.MHV.PHR.organization"/>
  </meta>
  <text>
    <status value="generated"/><div xmlns="http://www.w3.org/1999/xhtml"><p><b>Generated Narrative: Organization</b><a name="ex-MHV-organization-552"> </a></p><div style="display: inline-block; background-color: #d9e0e7; padding: 6px; margin: 4px; border: 1px solid #8da1b4; border-radius: 5px; line-height: 60%"><p style="margin-bottom: 0px">Resource Organization &quot;ex-MHV-organization-552&quot; </p><p style="margin-bottom: 0px">Profile: <a href="StructureDefinition-VA.MHV.PHR.organization.html">VA MHV PHR Organization</a></p></div><p><b>identifier</b>: L: 552 (use: USUAL)</p><p><b>active</b>: true</p><p><b>name</b>: DAYTON, OH VAMC</p><p><b>address</b>: 4100 W. THIRD STREET DAYTON OH 45428 USA </p></div>
  </text>
  <identifier>
    <use value="usual"/>
    <type>
      <text value="L"/>
    </type>
    <system value="urn:oid:2.16.840.1.113883.4.349"/>
    <value value="552"/>
  </identifier>
  <active value="true"/>
  <name value="DAYTON, OH VAMC"/>
  <address>
    <line value="4100 W. THIRD STREET"/>
    <city value="DAYTON"/>
    <state value="OH"/>
    <postalCode value="45428"/>
    <country value="USA"/>
  </address>
</Organization>