<?xml version="1.0" encoding="UTF-8"?>

<Organization xmlns="http://hl7.org/fhir">
  <id value="ex-MHV-organization-660"/>
  <meta>
    <profile value="https://johnmoehrke.github.io/MHV-PHR/StructureDefinition/VA.MHV.PHR.organization"/>
  </meta>
  <text>
    <status value="generated"/><div xmlns="http://www.w3.org/1999/xhtml"><p><b>Generated Narrative: Organization</b><a name="ex-MHV-organization-660"> </a></p><div style="display: inline-block; background-color: #d9e0e7; padding: 6px; margin: 4px; border: 1px solid #8da1b4; border-radius: 5px; line-height: 60%"><p style="margin-bottom: 0px">Resource Organization &quot;ex-MHV-organization-660&quot; </p><p style="margin-bottom: 0px">Profile: <a href="StructureDefinition-VA.MHV.PHR.organization.html">VA MHV PHR Organization</a></p></div><p><b>identifier</b>: FI: 660 (use: USUAL)</p><p><b>active</b>: true</p><p><b>name</b>: VA SALT LAKE CITY HEALTH CARE SYSTEM (660)</p><p><b>address</b>: 500 FOOTHILL BLVD. SALT LAKE CITY UT 84148 USA </p></div>
  </text>
  <identifier>
    <use value="usual"/>
    <type>
      <text value="FI"/>
    </type>
    <system value="urn:oid:2.16.840.1.113883.4.349"/>
    <value value="660"/>
  </identifier>
  <active value="true"/>
  <name value="VA SALT LAKE CITY HEALTH CARE SYSTEM (660)"/>
  <address>
    <line value="500 FOOTHILL BLVD."/>
    <city value="SALT LAKE CITY"/>
    <state value="UT"/>
    <postalCode value="84148"/>
    <country value="USA"/>
  </address>
</Organization>