<?xml version="1.0" encoding="UTF-8"?>

<Organization xmlns="http://hl7.org/fhir">
  <id value="ex-MHV-organization-989"/>
  <meta>
    <profile value="https://johnmoehrke.github.io/MHV-PHR/StructureDefinition/VA.MHV.PHR.organization"/>
  </meta>
  <text>
    <status value="generated"/><div xmlns="http://www.w3.org/1999/xhtml"><p><b>Generated Narrative: Organization</b><a name="ex-MHV-organization-989"> </a></p><div style="display: inline-block; background-color: #d9e0e7; padding: 6px; margin: 4px; border: 1px solid #8da1b4; border-radius: 5px; line-height: 60%"><p style="margin-bottom: 0px">Resource Organization &quot;ex-MHV-organization-989&quot; </p><p style="margin-bottom: 0px">Profile: <a href="StructureDefinition-VA.MHV.PHR.organization.html">VA MHV PHR Organization</a></p></div><p><b>identifier</b>: id: 989 (use: OFFICIAL)</p><p><b>active</b>: true</p><p><b>name</b>: Lab Site 989</p></div>
  </text>
  <identifier>
    <use value="official"/>
    <system value="http://example.org/LabSiteTO"/>
    <value value="989"/>
  </identifier>
  <active value="true"/>
  <name value="Lab Site 989"/>
</Organization>