<?xml version="1.0" encoding="UTF-8"?>

<Patient xmlns="http://hl7.org/fhir">
  <id value="ex-MHV-patient-27167"/>
  <meta>
    <profile value="https://johnmoehrke.github.io/MHV-PHR/StructureDefinition/VA.MHV.PHR.patient"/>
  </meta>
  <text>
    <status value="generated"/><div xmlns="http://www.w3.org/1999/xhtml"><p style="border: 1px #661aff solid; background-color: #e6e6ff; padding: 10px;"><b>TESTFIVE L MHVSYSTEST </b> unknown, DoB Unknown ( id: 27167 (use: OFFICIAL))</p><hr/></div>
  </text>
  <identifier>
    <use value="official"/>
    <system value="http://va.gov/systems/USVHA"/>
    <value value="27167"/>
    <assigner>
      <display value="989"/>
    </assigner>
  </identifier>
  <name>
    <use value="usual"/>
    <family value="MHVSYSTEST"/>
    <given value="TESTFIVE"/>
    <given value="L"/>
  </name>
  <gender value="unknown"/>
</Patient>