<?xml version="1.0" encoding="UTF-8"?>

<Patient xmlns="http://hl7.org/fhir">
  <id value="ex-MHV-patient-2"/>
  <meta>
    <profile value="https://department-of-veterans-affairs.github.io/mhv-fhir-phr-mapping/StructureDefinition/VA.MHV.PHR.patient"/>
  </meta>
  <text>
    <status value="generated"/><div xmlns="http://www.w3.org/1999/xhtml"><p style="border: 1px #661aff solid; background-color: #e6e6ff; padding: 10px;"><b>ROBERT MHVLISAONE </b> male, DoB: 1000-01-01 ( <code>urn:oid:2.16.840.1.113883.4.349</code>/2 (use: USUAL))</p><hr/></div>
  </text>
  <identifier>
    <use value="usual"/>
    <system value="urn:oid:2.16.840.1.113883.4.349"/>
    <value value="2"/>
  </identifier>
  <name>
    <family value="MHVLISAONE"/>
    <given value="ROBERT"/>
  </name>
  <gender value="male"/>
  <birthDate value="1000-01-01"/>
</Patient>