<?xml version="1.0" encoding="UTF-8"?>

<Patient xmlns="http://hl7.org/fhir">
  <id value="ex-MHV-patient-4"/>
  <meta>
    <profile value="https://department-of-veterans-affairs.github.io/mhv-fhir-phr-mapping/StructureDefinition/VA.MHV.PHR.patient"/>
  </meta>
  <text>
    <status value="generated"/><div xmlns="http://www.w3.org/1999/xhtml"><p class="res-header-id"><b>Generated Narrative: Patient ex-MHV-patient-4</b></p><a name="ex-MHV-patient-4"> </a><a name="hcex-MHV-patient-4"> </a><a name="ex-MHV-patient-4-en-US"> </a><p style="border: 1px #661aff solid; background-color: #e6e6ff; padding: 10px;">VETERAN CASEY  Unknown, DoB: 1000-01-01 ( urn:oid:2.16.840.1.113883.4.349#4 (use: usual, ))</p><hr/></div>
  </text>
  <identifier>
    <use value="usual"/>
    <system value="urn:oid:2.16.840.1.113883.4.349"/>
    <value value="4"/>
  </identifier>
  <name>
    <family value="CASEY"/>
    <given value="VETERAN"/>
  </name>
  <gender value="unknown"/>
  <birthDate value="1000-01-01"/>
</Patient>