<?xml version="1.0" encoding="UTF-8"?>

<Patient xmlns="http://hl7.org/fhir">
  <id value="ex-MHV-patient-89486"/>
  <meta>
    <profile value="https://johnmoehrke.github.io/MHV-PHR/StructureDefinition/VA.MHV.PHR.patient"/>
  </meta>
  <text>
    <status value="generated"/><div xmlns="http://www.w3.org/1999/xhtml"><p style="border: 1px #661aff solid; background-color: #e6e6ff; padding: 10px;"><b>MHVPDAADLZ LUSERL MHVASPXXI </b> unknown, DoB Unknown ( id: 89486 (use: OFFICIAL))</p><hr/></div>
  </text>
  <identifier>
    <use value="official"/>
    <system value="http://example.org/USVHA"/>
    <value value="89486"/>
    <assigner>
      <display value="979"/>
    </assigner>
  </identifier>
  <name>
    <use value="usual"/>
    <family value="MHVASPXXI"/>
    <given value="MHVPDAADLZ"/>
    <given value="LUSERL"/>
    <suffix value="MHV"/>
  </name>
  <gender value="unknown"/>
</Patient>