<?xml version="1.0" encoding="UTF-8"?>

<Practitioner xmlns="http://hl7.org/fhir">
  <id value="ex-MHV-practitioner-22572"/>
  <meta>
    <profile value="https://department-of-veterans-affairs.github.io/mhv-fhir-phr-mapping/StructureDefinition/VA.MHV.PHR.practitioner"/>
  </meta>
  <text>
    <status value="generated"/><div xmlns="http://www.w3.org/1999/xhtml"><p><b>Generated Narrative: Practitioner</b><a name="ex-MHV-practitioner-22572"> </a></p><div style="display: inline-block; background-color: #d9e0e7; padding: 6px; margin: 4px; border: 1px solid #8da1b4; border-radius: 5px; line-height: 60%"><p style="margin-bottom: 0px">Resource Practitioner &quot;ex-MHV-practitioner-22572&quot; </p><p style="margin-bottom: 0px">Profile: <a href="StructureDefinition-VA.MHV.PHR.practitioner.html">VA MHV PHR Practitioner</a></p></div><p><b>identifier</b>: id: AuthorTO.22572 (use: USUAL)</p><p><b>name</b>: FELKLEY,KENNETH E</p></div>
  </text>
  <identifier>
    <use value="usual"/>
    <system value="urn:oid:2.16.840.1.113883.4.349.4.989"/>
    <value value="AuthorTO.22572"/>
  </identifier>
  <name>
    <text value="FELKLEY,KENNETH E"/>
    <family value="FELKLEY"/>
    <given value="KENNETH"/>
    <given value="E"/>
  </name>
</Practitioner>