<?xml version="1.0" encoding="UTF-8"?>

<Practitioner xmlns="http://hl7.org/fhir">
  <id value="ex-MHV-practitioner-37569"/>
  <meta>
    <profile value="https://johnmoehrke.github.io/MHV-PHR/StructureDefinition/VA.MHV.PHR.practitioner"/>
  </meta>
  <text>
    <status value="generated"/><div xmlns="http://www.w3.org/1999/xhtml"><p><b>Generated Narrative: Practitioner</b><a name="ex-MHV-practitioner-37569"> </a></p><div style="display: inline-block; background-color: #d9e0e7; padding: 6px; margin: 4px; border: 1px solid #8da1b4; border-radius: 5px; line-height: 60%"><p style="margin-bottom: 0px">Resource Practitioner &quot;ex-MHV-practitioner-37569&quot; </p><p style="margin-bottom: 0px">Profile: <a href="StructureDefinition-VA.MHV.PHR.practitioner.html">VA MHV PHR Practitioner</a></p></div><p><b>identifier</b>: id: 37569 (use: USUAL)</p><p><b>name</b>: KHAN,MUAZZAM</p></div>
  </text>
  <identifier>
    <use value="usual"/>
    <system value="https://johnmoehrke.github.io/MHV-PHR/Vista/111/AuthorTO.id"/>
    <value value="37569"/>
  </identifier>
  <name>
    <text value="KHAN,MUAZZAM"/>
    <family value="KHAN"/>
    <given value="MUAZZAM"/>
  </name>
</Practitioner>