<?xml version="1.0" encoding="UTF-8"?>

<ValueSet xmlns="http://hl7.org/fhir">
  <id value="DocumentReferenceTypeVS"/>
  <text>
    <status value="generated"/><div xmlns="http://www.w3.org/1999/xhtml"><p>This value set includes codes based on the following rules:</p><ul><li>Import all the codes that are contained in <a href="ValueSet-NoteTypeVS.html">Known Note types</a></li><li>Include these codes as defined in <a href="http://loinc.org"><code>http://loinc.org</code></a><table class="none"><tr><td style="white-space:nowrap"><b>Code</b></td><td><b>Display</b></td></tr><tr><td><a href="https://loinc.org/11524-6/">11524-6</a></td><td>EKG study</td></tr><tr><td><a href="https://loinc.org/18748-4/">18748-4</a></td><td>Diagnostic imaging study</td></tr></table></li></ul></div>
  </text>
  <extension url="http://hl7.org/fhir/StructureDefinition/structuredefinition-fmm">
    <valueInteger value="0">
      <extension url="http://hl7.org/fhir/StructureDefinition/structuredefinition-conformance-derivedFrom">
        <valueCanonical value="https://johnmoehrke.github.io/MHV-PHR/ImplementationGuide/va.mhv.phr.example"/>
      </extension>
    </valueInteger>
  </extension>
  <extension url="http://hl7.org/fhir/StructureDefinition/structuredefinition-standards-status">
    <valueCode value="trial-use">
      <extension url="http://hl7.org/fhir/StructureDefinition/structuredefinition-conformance-derivedFrom">
        <valueCanonical value="https://johnmoehrke.github.io/MHV-PHR/ImplementationGuide/va.mhv.phr.example"/>
      </extension>
    </valueCode>
  </extension>
  <url value="https://johnmoehrke.github.io/MHV-PHR/ValueSet/DocumentReferenceTypeVS"/>
  <version value="0.1.16-beta"/>
  <name value="DocumentReferenceTypeVS"/>
  <title value="Known DocumentReference types"/>
  <status value="active"/>
  <experimental value="false"/>
  <date value="2023-06-13T11:38:47-05:00"/>
  <publisher value="John Moehrke (himself)"/>
  <contact>
    <name value="John Moehrke (himself)"/>
    <telecom>
      <system value="url"/>
      <value value="http://healthcaresecprivacy.blogspot.com"/>
    </telecom>
    <telecom>
      <system value="email"/>
      <value value="JohnMoehrke@gmail.com"/>
    </telecom>
  </contact>
  <contact>
    <name value="John Moehrke (himself)"/>
    <telecom>
      <system value="email"/>
      <value value="JohnMoehrke@gmail.com"/>
    </telecom>
  </contact>
  <description value="DocumentReference types"/>
  <jurisdiction>
    <coding>
      <system value="urn:iso:std:iso:3166"/>
      <code value="US"/>
    </coding>
  </jurisdiction>
  <compose>
    <include>
      <valueSet value="https://johnmoehrke.github.io/MHV-PHR/ValueSet/NoteTypeVS"/>
    </include>
    <include>
      <system value="http://loinc.org"/>
      <concept>
        <code value="11524-6"/>
      </concept>
      <concept>
        <code value="18748-4"/>
      </concept>
    </include>
  </compose>
</ValueSet>