<?xml version="1.0" encoding="UTF-8"?>

<ValueSet xmlns="http://hl7.org/fhir">
  <id value="LabReportVS"/>
  <text>
    <status value="generated"/><div xmlns="http://www.w3.org/1999/xhtml"><ul><li>Include these codes as defined in <a href="http://loinc.org"><code>http://loinc.org</code></a><table class="none"><tr><td style="white-space:nowrap"><b>Code</b></td><td><b>Display</b></td></tr><tr><td><a href="https://loinc.org/79381-0/">79381-0</a></td><td>Gastrointestinal pathogens panel - Stool by NAA with probe detection</td></tr><tr><td><a href="https://loinc.org/60567-5/">60567-5</a></td><td>Comprehensive pathology report panel</td></tr></table></li></ul></div>
  </text>
  <extension url="http://hl7.org/fhir/StructureDefinition/structuredefinition-fmm">
    <valueInteger value="0">
      <extension url="http://hl7.org/fhir/StructureDefinition/structuredefinition-conformance-derivedFrom">
        <valueCanonical value="https://johnmoehrke.github.io/MHV-PHR/ImplementationGuide/va.mhv.phr.example"/>
      </extension>
    </valueInteger>
  </extension>
  <extension url="http://hl7.org/fhir/StructureDefinition/structuredefinition-standards-status">
    <valueCode value="trial-use">
      <extension url="http://hl7.org/fhir/StructureDefinition/structuredefinition-conformance-derivedFrom">
        <valueCanonical value="https://johnmoehrke.github.io/MHV-PHR/ImplementationGuide/va.mhv.phr.example"/>
      </extension>
    </valueCode>
  </extension>
  <url value="https://johnmoehrke.github.io/MHV-PHR/ValueSet/LabReportVS"/>
  <version value="0.1.12-beta"/>
  <name value="LabReportVS"/>
  <title value="Known Lab Report types"/>
  <status value="active"/>
  <experimental value="false"/>
  <date value="2023-05-01T08:16:19-05:00"/>
  <publisher value="John Moehrke (himself)"/>
  <contact>
    <name value="John Moehrke (himself)"/>
    <telecom>
      <system value="url"/>
      <value value="http://healthcaresecprivacy.blogspot.com"/>
    </telecom>
    <telecom>
      <system value="email"/>
      <value value="JohnMoehrke@gmail.com"/>
    </telecom>
  </contact>
  <contact>
    <name value="John Moehrke (himself)"/>
    <telecom>
      <system value="email"/>
      <value value="JohnMoehrke@gmail.com"/>
    </telecom>
  </contact>
  <description value="Lab Report types"/>
  <jurisdiction>
    <coding>
      <system value="urn:iso:std:iso:3166"/>
      <code value="US"/>
    </coding>
  </jurisdiction>
  <compose>
    <include>
      <system value="http://loinc.org"/>
      <concept>
        <code value="79381-0"/>
        <display value="Gastrointestinal pathogens panel - Stool by NAA with probe detection"/>
      </concept>
      <concept>
        <code value="60567-5"/>
        <display value="Comprehensive pathology report panel"/>
      </concept>
    </include>
  </compose>
</ValueSet>