<?xml version="1.0" encoding="UTF-8"?>

<ValueSet xmlns="http://hl7.org/fhir">
  <id value="NoteTypeVS"/>
  <text>
    <status value="generated"/><div xmlns="http://www.w3.org/1999/xhtml"><ul><li>Include these codes as defined in <a href="http://loinc.org"><code>http://loinc.org</code></a><table class="none"><tr><td style="white-space:nowrap"><b>Code</b></td><td><b>Display</b></td></tr><tr><td><a href="https://loinc.org/18842-5/">18842-5</a></td><td>Discharge summary</td></tr><tr><td><a href="https://loinc.org/11506-3/">11506-3</a></td><td>Progress note</td></tr><tr><td><a href="https://loinc.org/11488-4/">11488-4</a></td><td>Consultation Note</td></tr></table></li></ul></div>
  </text>
  <extension url="http://hl7.org/fhir/StructureDefinition/structuredefinition-fmm">
    <valueInteger value="1">
      <extension url="http://hl7.org/fhir/StructureDefinition/structuredefinition-conformance-derivedFrom">
        <valueCanonical value="https://department-of-veterans-affairs.github.io/mhv-fhir-phr-mapping/ImplementationGuide/va.mhv.fhir.phr"/>
      </extension>
    </valueInteger>
  </extension>
  <extension url="http://hl7.org/fhir/StructureDefinition/structuredefinition-standards-status">
    <valueCode value="trial-use">
      <extension url="http://hl7.org/fhir/StructureDefinition/structuredefinition-conformance-derivedFrom">
        <valueCanonical value="https://department-of-veterans-affairs.github.io/mhv-fhir-phr-mapping/ImplementationGuide/va.mhv.fhir.phr"/>
      </extension>
    </valueCode>
  </extension>
  <url value="https://department-of-veterans-affairs.github.io/mhv-fhir-phr-mapping/ValueSet/NoteTypeVS"/>
  <version value="0.3.3"/>
  <name value="NoteTypeVS"/>
  <title value="Known Note types"/>
  <status value="active"/>
  <experimental value="false"/>
  <date value="2024-02-26T14:52:47-06:00"/>
  <publisher value="VA Digital Services"/>
  <contact>
    <name value="VA Digital Services"/>
    <telecom>
      <system value="url"/>
      <value value="http://va.gov"/>
    </telecom>
  </contact>
  <contact>
    <name value="John Moehrke (himself)"/>
    <telecom>
      <system value="email"/>
      <value value="John.Moehrke@va.gov"/>
    </telecom>
  </contact>
  <description value="Note types"/>
  <jurisdiction>
    <coding>
      <system value="urn:iso:std:iso:3166"/>
      <code value="US"/>
    </coding>
  </jurisdiction>
  <compose>
    <include>
      <system value="http://loinc.org"/>
      <concept>
        <code value="18842-5"/>
        <display value="Discharge summary"/>
      </concept>
      <concept>
        <code value="11506-3"/>
        <display value="Progress note"/>
      </concept>
      <concept>
        <code value="11488-4"/>
        <display value="Consultation Note"/>
      </concept>
    </include>
  </compose>
</ValueSet>