<?xml version="1.0" encoding="UTF-8"?>

<ValueSet xmlns="http://hl7.org/fhir">
  <id value="ConditionClinicalStatusVS"/>
  <text>
    <status value="extensions"/><div xmlns="http://www.w3.org/1999/xhtml"><ul><li>Include these codes as defined in <a href="http://terminology.hl7.org/5.0.0/CodeSystem-condition-clinical.html"><code>http://terminology.hl7.org/CodeSystem/condition-clinical</code></a><table class="none"><tr><td style="white-space:nowrap"><b>Code</b></td><td><b>Display</b></td><td><b>Definition</b></td></tr><tr><td><a href="http://terminology.hl7.org/5.0.0/CodeSystem-condition-clinical.html#condition-clinical-active">active</a></td><td style="color: #cccccc">Active</td><td>The subject is currently experiencing the condition or situation, there is evidence of the condition or situation, or considered to be a significant risk.</td></tr><tr><td><a href="http://terminology.hl7.org/5.0.0/CodeSystem-condition-clinical.html#condition-clinical-inactive">inactive</a></td><td style="color: #cccccc">Inactive</td><td>The subject is no longer experiencing the condition or situation and there is no longer evidence or appreciable risk of the condition or situation.</td></tr></table></li></ul></div>
  </text>
  <extension url="http://hl7.org/fhir/StructureDefinition/structuredefinition-fmm">
    <valueInteger value="1">
      <extension url="http://hl7.org/fhir/StructureDefinition/structuredefinition-conformance-derivedFrom">
        <valueCanonical value="https://department-of-veterans-affairs.github.io/mhv-fhir-phr-mapping/ImplementationGuide/va.mhv.fhir.phr"/>
      </extension>
    </valueInteger>
  </extension>
  <extension url="http://hl7.org/fhir/StructureDefinition/structuredefinition-standards-status">
    <valueCode value="trial-use">
      <extension url="http://hl7.org/fhir/StructureDefinition/structuredefinition-conformance-derivedFrom">
        <valueCanonical value="https://department-of-veterans-affairs.github.io/mhv-fhir-phr-mapping/ImplementationGuide/va.mhv.fhir.phr"/>
      </extension>
    </valueCode>
  </extension>
  <url value="https://department-of-veterans-affairs.github.io/mhv-fhir-phr-mapping/ValueSet/ConditionClinicalStatusVS"/>
  <version value="0.3.3"/>
  <name value="ConditionClinicalStatusVS"/>
  <title value="Subset of condition clinical status"/>
  <status value="active"/>
  <experimental value="false"/>
  <date value="2024-02-26T14:52:47-06:00"/>
  <publisher value="VA Digital Services"/>
  <contact>
    <name value="VA Digital Services"/>
    <telecom>
      <system value="url"/>
      <value value="http://va.gov"/>
    </telecom>
  </contact>
  <contact>
    <name value="John Moehrke (himself)"/>
    <telecom>
      <system value="email"/>
      <value value="John.Moehrke@va.gov"/>
    </telecom>
  </contact>
  <description value="Not all of them"/>
  <jurisdiction>
    <coding>
      <system value="urn:iso:std:iso:3166"/>
      <code value="US"/>
    </coding>
  </jurisdiction>
  <compose>
    <include>
      <system value="http://terminology.hl7.org/CodeSystem/condition-clinical"/>
      <concept>
        <code value="active"/>
      </concept>
      <concept>
        <code value="inactive"/>
      </concept>
    </include>
  </compose>
</ValueSet>