<?xml version="1.0" encoding="UTF-8"?>

<ValueSet xmlns="http://hl7.org/fhir">
  <id value="AllergyCategoryVS"/>
  <text>
    <status value="extensions"/><div xmlns="http://www.w3.org/1999/xhtml"><ul><li>Include these codes as defined in <a href="http://hl7.org/fhir/R4/codesystem-allergy-intolerance-category.html"><code>http://hl7.org/fhir/allergy-intolerance-category</code></a><table class="none"><tr><td style="white-space:nowrap"><b>Code</b></td><td><b>Display</b></td><td><b>Definition</b></td></tr><tr><td><a href="http://hl7.org/fhir/R4/codesystem-allergy-intolerance-category.html#allergy-intolerance-category-food">food</a></td><td style="color: #cccccc">Food</td><td>Any substance consumed to provide nutritional support for the body.</td></tr><tr><td><a href="http://hl7.org/fhir/R4/codesystem-allergy-intolerance-category.html#allergy-intolerance-category-medication">medication</a></td><td style="color: #cccccc">Medication</td><td>Substances administered to achieve a physiological effect.</td></tr><tr><td><a href="http://hl7.org/fhir/R4/codesystem-allergy-intolerance-category.html#allergy-intolerance-category-environment">environment</a></td><td style="color: #cccccc">Environment</td><td>Any substances that are encountered in the environment, including any substance not already classified as food, medication, or biologic.</td></tr></table></li></ul></div>
  </text>
  <extension url="http://hl7.org/fhir/StructureDefinition/structuredefinition-fmm">
    <valueInteger value="1">
      <extension url="http://hl7.org/fhir/StructureDefinition/structuredefinition-conformance-derivedFrom">
        <valueCanonical value="https://department-of-veterans-affairs.github.io/mhv-fhir-phr-mapping/ImplementationGuide/va.mhv.fhir.phr"/>
      </extension>
    </valueInteger>
  </extension>
  <extension url="http://hl7.org/fhir/StructureDefinition/structuredefinition-standards-status">
    <valueCode value="trial-use">
      <extension url="http://hl7.org/fhir/StructureDefinition/structuredefinition-conformance-derivedFrom">
        <valueCanonical value="https://department-of-veterans-affairs.github.io/mhv-fhir-phr-mapping/ImplementationGuide/va.mhv.fhir.phr"/>
      </extension>
    </valueCode>
  </extension>
  <url value="https://department-of-veterans-affairs.github.io/mhv-fhir-phr-mapping/ValueSet/AllergyCategoryVS"/>
  <version value="0.2.6"/>
  <name value="AllergyCategoryVS"/>
  <title value="Subset of allergy intolerance category"/>
  <status value="active"/>
  <experimental value="false"/>
  <date value="2023-10-20T10:16:33-05:00"/>
  <publisher value="VA Digital Services"/>
  <contact>
    <name value="VA Digital Services"/>
    <telecom>
      <system value="url"/>
      <value value="http://va.gov"/>
    </telecom>
  </contact>
  <contact>
    <name value="John Moehrke (himself)"/>
    <telecom>
      <system value="email"/>
      <value value="John.Moehrke@va.gov"/>
    </telecom>
  </contact>
  <description value="not all of them"/>
  <jurisdiction>
    <coding>
      <system value="urn:iso:std:iso:3166"/>
      <code value="US"/>
    </coding>
  </jurisdiction>
  <compose>
    <include>
      <system value="http://hl7.org/fhir/allergy-intolerance-category"/>
      <concept>
        <code value="food"/>
      </concept>
      <concept>
        <code value="medication"/>
      </concept>
      <concept>
        <code value="environment"/>
      </concept>
    </include>
  </compose>
</ValueSet>