<?xml version="1.0" encoding="UTF-8"?><CapabilityStatement xmlns="http://hl7.org/fhir"><id value="MHVcapabilities"/><text><status value="extensions"/><div xmlns="http://www.w3.org/1999/xhtml"><h2 id="title">This indicates how MHV exposes PHR using FHIR</h2><ul><li>Implementation Guide Version: 0.2.7</li><li>FHIR Version: 4.0.1</li><li>Supported Formats: <code>application/fhir+json</code>, <code>application/fhir+xml</code></li><li>Supported Patch Formats: </li><li>Published on: Wed Aug 23 00:00:00 CDT 2023</li><li>Published by: VA Digital Services</li></ul><blockquote class="impl-note"><p><strong>Note to Implementers: FHIR Capabilities</strong></p><p>Any FHIR capability may be 'allowed' by the system unless explicitly marked as &quot;SHALL NOT&quot;. A few items are marked as MAY in the Implementation Guide to highlight their potential relevance to the use case.</p></blockquote><h2 id="rest">FHIR RESTful Capabilities</h2><div class="panel panel-default"><div class="panel-heading"><h3 id="mode1" class="panel-title">Mode: <code>server</code></h3></div><div class="panel-body"><div><p>MHV supports queries to PHR.</p>
</div><div class="lead"><em>Security</em></div><blockquote><div><p>Security is system level, PGHD presumes MHV properly handles user (as patient) rights</p>
</div></blockquote><div class="lead"><em>Summary of System-wide Interactions</em></div><ul><li>Supports the <code>search-system</code> interaction.</li></ul></div></div><h3 id="resourcesCap1">Capabilities by Resource/Profile</h3><h4 id="resourcesSummary1">Summary</h4><p>The summary table lists the resources that are part of this configuration, and for each resource it lists:</p><ul><li>The relevant profiles (if any)</li><li>The interactions supported by each resource (<b><span class="bg-info">R</span></b>ead, <b><span class="bg-info">S</span></b>earch, <b><span class="bg-info">U</span></b>pdate, and <b><span class="bg-info">C</span></b>reate, are always shown, while <b><span class="bg-info">VR</span></b>ead, <b><span class="bg-info">P</span></b>atch, <b><span class="bg-info">D</span></b>elete, <b><span class="bg-info">H</span></b>istory on <b><span class="bg-info">I</span></b>nstance, or <b><span class="bg-info">H</span></b>istory on <b><span class="bg-info">T</span></b>ype are only present if at least one of the resources has support for them.</li><li><span>The required, recommended, and some optional search parameters (if any). </span></li><li>The linked resources enabled for <code>_include</code></li><li>The other resources enabled for <code>_revinclude</code></li><li>The operations on the resource (if any)</li></ul><div class="table-responsive"><table class="table table-condensed table-hover"><thead><tr><th><b>Resource Type</b></th><th><b>Profile</b></th><th class="text-center"><b title="GET a resource (read interaction)">R</b></th><th class="text-center"><b title="GET all set of resources of the type (search interaction)">S</b></th><th class="text-center"><b title="PUT a new resource version (update interaction)">U</b></th><th class="text-center"><b title="POST a new resource (create interaction)">C</b></th><th><b title="Required and recommended search parameters">Searches</b></th><th><code><b>_include</b></code></th><th><code><b>_revinclude</b></code></th><th><b>Operations</b></th></tr></thead><tbody><tr><td><a href="#AllergyIntolerance1-1">AllergyIntolerance</a></td><td>Supported profiles:<br/>  <a href="StructureDefinition-VA.MHV.PHR.allergyIntolerance.html">VA MHV PHR Allergy and Intolerance</a></td><td>y</td><td class="text-center">y</td><td class="text-center"></td><td class="text-center"></td><td></td><td/><td/><td/></tr><tr><td><a href="#Condition1-2">Condition</a></td><td>Supported profiles:<br/>  <a href="StructureDefinition-VA.MHV.PHR.condition.html">VA MHV PHR problems</a></td><td>y</td><td class="text-center">y</td><td class="text-center"></td><td class="text-center"></td><td></td><td/><td/><td/></tr><tr><td><a href="#Observation1-3">Observation</a></td><td>Supported profiles:<br/>  <a href="StructureDefinition-VA.MHV.PHR.vitals.html">VA MHV PHR Vital-Signs</a><br/>  <a href="StructureDefinition-VA.MHV.PHR.vitalsBP.html">VA MHV PHR Vital-Signs for Blood Pressure</a><br/>  <a href="StructureDefinition-VA.MHV.PHR.vitalsPain.html">VA MHV PHR Vital-Signs for PAIN</a></td><td>y</td><td class="text-center">y</td><td class="text-center"></td><td class="text-center"></td><td></td><td/><td/><td/></tr><tr><td><a href="#Immunization1-4">Immunization</a></td><td>Supported profiles:<br/>  <a href="StructureDefinition-VA.MHV.PHR.immunization.html">VA MHV PHR Immunization</a></td><td>y</td><td class="text-center">y</td><td class="text-center"></td><td class="text-center"></td><td></td><td/><td/><td/></tr><tr><td><a href="#DocumentReference1-5">DocumentReference</a></td><td>Supported profiles:<br/>  <a href="StructureDefinition-VA.MHV.PHR.documentReference.html">VA MHV All DocumentReference</a><br/>  <a href="StructureDefinition-VA.MHV.PHR.note.html">VA MHV PHR Notes</a><br/>  <a href="StructureDefinition-VA.MHV.PHR.imaging.html">VA MHV PHR Radiology</a><br/>  <a href="StructureDefinition-VA.MHV.PHR.ecg.html">VA MHV PHR ECG</a></td><td>y</td><td class="text-center">y</td><td class="text-center"></td><td class="text-center"></td><td></td><td/><td/><td/></tr><tr><td><a href="#DiagnosticReport1-6">DiagnosticReport</a></td><td>Supported profiles:<br/>  <a href="https://department-of-veterans-affairs.github.io/mhv-fhir-phr-mapping/StructureDefinition/VA.MHV.diagnosticReport">https://department-of-veterans-affairs.github.io/mhv-fhir-phr-mapping/StructureDefinition/VA.MHV.diagnosticReport</a><br/>  <a href="StructureDefinition-VA.MHV.PHR.chReport.html">VA MHV PHR HDR Chem-Hem Report</a><br/>  <a href="StructureDefinition-VA.MHV.PHR.labReport.html">VA MHV PHR Lab Report</a></td><td>y</td><td class="text-center">y</td><td class="text-center"></td><td class="text-center"></td><td></td><td/><td/><td/></tr><tr><td><a href="#Patient1-7">Patient</a></td><td>Supported profiles:<br/>  <a href="https://department-of-veterans-affairs.github.io/mhv-fhir-phr-mapping/StructureDefinition/VA.MHV.patient">https://department-of-veterans-affairs.github.io/mhv-fhir-phr-mapping/StructureDefinition/VA.MHV.patient</a></td><td>y</td><td class="text-center">y</td><td class="text-center"></td><td class="text-center"></td><td></td><td/><td/><td/></tr></tbody></table></div><hr/><div class="panel panel-default"><div class="panel-heading"><h4 id="AllergyIntolerance1-1" class="panel-title"><span style="float: right;">Resource Conformance: supported</span>AllergyIntolerance</h4></div><div class="panel-body"><div class="container"><div class="row"><div class="col-lg-4"><span class="lead">Core FHIR Resource</span><br/><a href="http://hl7.org/fhir/R4/allergyintolerance.html">AllergyIntolerance</a></div><div class="col-lg-4"><span class="lead">Reference Policy</span><br/></div><div class="col-lg-4"><span class="lead">Interaction summary</span><br/><ul><li>Supports <code>search-type</code>, <code>read</code>.</li></ul></div></div><p/><div class="row"><div class="col-6"><span class="lead">Supported Profiles</span><p><a href="StructureDefinition-VA.MHV.PHR.allergyIntolerance.html">https://department-of-veterans-affairs.github.io/mhv-fhir-phr-mapping/StructureDefinition/VA.MHV.PHR.allergyIntolerance</a></p></div></div><p/><div class="row"><div class="col-12"><span class="lead">Documentation</span><blockquote><div><p>MHV <a href="https://department-of-veterans-affairs.github.io/mhv-fhir-phr-mapping/index.html">PGHD use</a></p>
</div></blockquote></div></div></div></div></div><div class="panel panel-default"><div class="panel-heading"><h4 id="Condition1-2" class="panel-title"><span style="float: right;">Resource Conformance: supported</span>Condition</h4></div><div class="panel-body"><div class="container"><div class="row"><div class="col-lg-4"><span class="lead">Core FHIR Resource</span><br/><a href="http://hl7.org/fhir/R4/condition.html">Condition</a></div><div class="col-lg-4"><span class="lead">Reference Policy</span><br/></div><div class="col-lg-4"><span class="lead">Interaction summary</span><br/><ul><li>Supports <code>search-type</code>, <code>read</code>.</li></ul></div></div><p/><div class="row"><div class="col-6"><span class="lead">Supported Profiles</span><p><a href="StructureDefinition-VA.MHV.PHR.condition.html">https://department-of-veterans-affairs.github.io/mhv-fhir-phr-mapping/StructureDefinition/VA.MHV.PHR.condition</a></p></div></div><p/><div class="row"><div class="col-12"><span class="lead">Documentation</span><blockquote><div><p>MHV <a href="https://department-of-veterans-affairs.github.io/mhv-fhir-phr-mapping/index.html">PGHD use</a></p>
</div></blockquote></div></div></div></div></div><div class="panel panel-default"><div class="panel-heading"><h4 id="Observation1-3" class="panel-title"><span style="float: right;">Resource Conformance: supported</span>Observation</h4></div><div class="panel-body"><div class="container"><div class="row"><div class="col-lg-4"><span class="lead">Core FHIR Resource</span><br/><a href="http://hl7.org/fhir/R4/observation.html">Observation</a></div><div class="col-lg-4"><span class="lead">Reference Policy</span><br/></div><div class="col-lg-4"><span class="lead">Interaction summary</span><br/><ul><li>Supports <code>search-type</code>, <code>read</code>.</li></ul></div></div><p/><div class="row"><div class="col-6"><span class="lead">Supported Profiles</span><p><a href="StructureDefinition-VA.MHV.PHR.vitals.html">https://department-of-veterans-affairs.github.io/mhv-fhir-phr-mapping/StructureDefinition/VA.MHV.PHR.vitals</a><br/><a href="StructureDefinition-VA.MHV.PHR.vitalsBP.html">https://department-of-veterans-affairs.github.io/mhv-fhir-phr-mapping/StructureDefinition/VA.MHV.PHR.vitalsBP</a><br/><a href="StructureDefinition-VA.MHV.PHR.vitalsPain.html">https://department-of-veterans-affairs.github.io/mhv-fhir-phr-mapping/StructureDefinition/VA.MHV.PHR.vitalsPain</a></p></div></div><p/><div class="row"><div class="col-12"><span class="lead">Documentation</span><blockquote><div><p>MHV <a href="https://department-of-veterans-affairs.github.io/mhv-fhir-phr-mapping/index.html">PGHD use</a></p>
</div></blockquote></div></div></div></div></div><div class="panel panel-default"><div class="panel-heading"><h4 id="Immunization1-4" class="panel-title"><span style="float: right;">Resource Conformance: supported</span>Immunization</h4></div><div class="panel-body"><div class="container"><div class="row"><div class="col-lg-4"><span class="lead">Core FHIR Resource</span><br/><a href="http://hl7.org/fhir/R4/immunization.html">Immunization</a></div><div class="col-lg-4"><span class="lead">Reference Policy</span><br/></div><div class="col-lg-4"><span class="lead">Interaction summary</span><br/><ul><li>Supports <code>search-type</code>, <code>read</code>.</li></ul></div></div><p/><div class="row"><div class="col-6"><span class="lead">Supported Profiles</span><p><a href="StructureDefinition-VA.MHV.PHR.immunization.html">https://department-of-veterans-affairs.github.io/mhv-fhir-phr-mapping/StructureDefinition/VA.MHV.PHR.immunization</a></p></div></div><p/><div class="row"><div class="col-12"><span class="lead">Documentation</span><blockquote><div><p>MHV <a href="https://department-of-veterans-affairs.github.io/mhv-fhir-phr-mapping/index.html">PGHD use</a></p>
</div></blockquote></div></div></div></div></div><div class="panel panel-default"><div class="panel-heading"><h4 id="DocumentReference1-5" class="panel-title"><span style="float: right;">Resource Conformance: supported</span>DocumentReference</h4></div><div class="panel-body"><div class="container"><div class="row"><div class="col-lg-4"><span class="lead">Core FHIR Resource</span><br/><a href="http://hl7.org/fhir/R4/documentreference.html">DocumentReference</a></div><div class="col-lg-4"><span class="lead">Reference Policy</span><br/></div><div class="col-lg-4"><span class="lead">Interaction summary</span><br/><ul><li>Supports <code>search-type</code>, <code>read</code>.</li></ul></div></div><p/><div class="row"><div class="col-6"><span class="lead">Supported Profiles</span><p><a href="StructureDefinition-VA.MHV.PHR.documentReference.html">https://department-of-veterans-affairs.github.io/mhv-fhir-phr-mapping/StructureDefinition/VA.MHV.PHR.documentReference</a><br/><a href="StructureDefinition-VA.MHV.PHR.note.html">https://department-of-veterans-affairs.github.io/mhv-fhir-phr-mapping/StructureDefinition/VA.MHV.PHR.note</a><br/><a href="StructureDefinition-VA.MHV.PHR.imaging.html">https://department-of-veterans-affairs.github.io/mhv-fhir-phr-mapping/StructureDefinition/VA.MHV.PHR.imaging</a><br/><a href="StructureDefinition-VA.MHV.PHR.ecg.html">https://department-of-veterans-affairs.github.io/mhv-fhir-phr-mapping/StructureDefinition/VA.MHV.PHR.ecg</a></p></div></div><p/><div class="row"><div class="col-12"><span class="lead">Documentation</span><blockquote><div><p>MHV <a href="https://department-of-veterans-affairs.github.io/mhv-fhir-phr-mapping/index.html">PGHD use</a></p>
</div></blockquote></div></div></div></div></div><div class="panel panel-default"><div class="panel-heading"><h4 id="DiagnosticReport1-6" class="panel-title"><span style="float: right;">Resource Conformance: supported</span>DiagnosticReport</h4></div><div class="panel-body"><div class="container"><div class="row"><div class="col-lg-4"><span class="lead">Core FHIR Resource</span><br/><a href="http://hl7.org/fhir/R4/diagnosticreport.html">DiagnosticReport</a></div><div class="col-lg-4"><span class="lead">Reference Policy</span><br/></div><div class="col-lg-4"><span class="lead">Interaction summary</span><br/><ul><li>Supports <code>search-type</code>, <code>read</code>.</li></ul></div></div><p/><div class="row"><div class="col-6"><span class="lead">Supported Profiles</span><p>https://department-of-veterans-affairs.github.io/mhv-fhir-phr-mapping/StructureDefinition/VA.MHV.diagnosticReport<br/><a href="StructureDefinition-VA.MHV.PHR.chReport.html">https://department-of-veterans-affairs.github.io/mhv-fhir-phr-mapping/StructureDefinition/VA.MHV.PHR.chReport</a><br/><a href="StructureDefinition-VA.MHV.PHR.labReport.html">https://department-of-veterans-affairs.github.io/mhv-fhir-phr-mapping/StructureDefinition/VA.MHV.PHR.labReport</a></p></div></div><p/><div class="row"><div class="col-12"><span class="lead">Documentation</span><blockquote><div><p>MHV <a href="https://department-of-veterans-affairs.github.io/mhv-fhir-phr-mapping/index.html">PGHD use</a></p>
</div></blockquote></div></div></div></div></div><div class="panel panel-default"><div class="panel-heading"><h4 id="Patient1-7" class="panel-title"><span style="float: right;">Resource Conformance: supported</span>Patient</h4></div><div class="panel-body"><div class="container"><div class="row"><div class="col-lg-4"><span class="lead">Core FHIR Resource</span><br/><a href="http://hl7.org/fhir/R4/patient.html">Patient</a></div><div class="col-lg-4"><span class="lead">Reference Policy</span><br/></div><div class="col-lg-4"><span class="lead">Interaction summary</span><br/><ul><li>Supports <code>search-type</code>, <code>read</code>.</li></ul></div></div><p/><div class="row"><div class="col-6"><span class="lead">Supported Profiles</span><p>https://department-of-veterans-affairs.github.io/mhv-fhir-phr-mapping/StructureDefinition/VA.MHV.patient</p></div></div><p/></div></div></div></div></text><extension url="http://hl7.org/fhir/StructureDefinition/structuredefinition-fmm"><valueInteger value="1"><extension url="http://hl7.org/fhir/StructureDefinition/structuredefinition-conformance-derivedFrom"><valueCanonical value="https://department-of-veterans-affairs.github.io/mhv-fhir-phr-mapping/ImplementationGuide/va.mhv.fhir.phr"/></extension></valueInteger></extension><extension url="http://hl7.org/fhir/StructureDefinition/structuredefinition-standards-status"><valueCode value="trial-use"><extension url="http://hl7.org/fhir/StructureDefinition/structuredefinition-conformance-derivedFrom"><valueCanonical value="https://department-of-veterans-affairs.github.io/mhv-fhir-phr-mapping/ImplementationGuide/va.mhv.fhir.phr"/></extension></valueCode></extension><url value="https://department-of-veterans-affairs.github.io/mhv-fhir-phr-mapping/CapabilityStatement/MHVcapabilities"/><version value="0.2.7"/><name value="MHV_PHR"/><title value="This indicates how MHV exposes PHR using FHIR"/><status value="active"/><experimental value="false"/><date value="2023-08-23"/><publisher value="VA Digital Services"/><contact><name value="VA Digital Services"/><telecom><system value="url"/><value value="http://va.gov"/></telecom></contact><contact><name value="John Moehrke (himself)"/><telecom><system value="email"/><value value="John.Moehrke@va.gov"/></telecom></contact><description value="CapabilityStatement prototype for MHV as a FHIR Server exposing PHR data"/><jurisdiction><coding><system value="urn:iso:std:iso:3166"/><code value="US"/></coding></jurisdiction><kind value="requirements"/><fhirVersion value="4.0.1"/><format value="application/fhir+json"/><format value="application/fhir+xml"/><rest><mode value="server"/><documentation value="MHV supports queries to PHR."/><security><cors value="false"/><description value="Security is system level, PGHD presumes MHV properly handles user (as patient) rights"/></security><resource><type value="AllergyIntolerance"/><supportedProfile value="https://department-of-veterans-affairs.github.io/mhv-fhir-phr-mapping/StructureDefinition/VA.MHV.PHR.allergyIntolerance"/><documentation value="MHV [PGHD use](https://department-of-veterans-affairs.github.io/mhv-fhir-phr-mapping/index.html)"/><interaction><code value="search-type"/></interaction><interaction><code value="read"/></interaction></resource><resource><type value="Condition"/><supportedProfile value="https://department-of-veterans-affairs.github.io/mhv-fhir-phr-mapping/StructureDefinition/VA.MHV.PHR.condition"/><documentation value="MHV [PGHD use](https://department-of-veterans-affairs.github.io/mhv-fhir-phr-mapping/index.html)"/><interaction><code value="search-type"/></interaction><interaction><code value="read"/></interaction></resource><resource><type value="Observation"/><supportedProfile value="https://department-of-veterans-affairs.github.io/mhv-fhir-phr-mapping/StructureDefinition/VA.MHV.PHR.vitals"/><supportedProfile value="https://department-of-veterans-affairs.github.io/mhv-fhir-phr-mapping/StructureDefinition/VA.MHV.PHR.vitalsBP"/><supportedProfile value="https://department-of-veterans-affairs.github.io/mhv-fhir-phr-mapping/StructureDefinition/VA.MHV.PHR.vitalsPain"/><documentation value="MHV [PGHD use](https://department-of-veterans-affairs.github.io/mhv-fhir-phr-mapping/index.html)"/><interaction><code value="search-type"/></interaction><interaction><code value="read"/></interaction></resource><resource><type value="Immunization"/><supportedProfile value="https://department-of-veterans-affairs.github.io/mhv-fhir-phr-mapping/StructureDefinition/VA.MHV.PHR.immunization"/><documentation value="MHV [PGHD use](https://department-of-veterans-affairs.github.io/mhv-fhir-phr-mapping/index.html)"/><interaction><code value="search-type"/></interaction><interaction><code value="read"/></interaction></resource><resource><type value="DocumentReference"/><supportedProfile value="https://department-of-veterans-affairs.github.io/mhv-fhir-phr-mapping/StructureDefinition/VA.MHV.PHR.documentReference"/><supportedProfile value="https://department-of-veterans-affairs.github.io/mhv-fhir-phr-mapping/StructureDefinition/VA.MHV.PHR.note"/><supportedProfile value="https://department-of-veterans-affairs.github.io/mhv-fhir-phr-mapping/StructureDefinition/VA.MHV.PHR.imaging"/><supportedProfile value="https://department-of-veterans-affairs.github.io/mhv-fhir-phr-mapping/StructureDefinition/VA.MHV.PHR.ecg"/><documentation value="MHV [PGHD use](https://department-of-veterans-affairs.github.io/mhv-fhir-phr-mapping/index.html)"/><interaction><code value="search-type"/></interaction><interaction><code value="read"/></interaction></resource><resource><type value="DiagnosticReport"/><supportedProfile value="https://department-of-veterans-affairs.github.io/mhv-fhir-phr-mapping/StructureDefinition/VA.MHV.diagnosticReport"/><supportedProfile value="https://department-of-veterans-affairs.github.io/mhv-fhir-phr-mapping/StructureDefinition/VA.MHV.PHR.chReport"/><supportedProfile value="https://department-of-veterans-affairs.github.io/mhv-fhir-phr-mapping/StructureDefinition/VA.MHV.PHR.labReport"/><documentation value="MHV [PGHD use](https://department-of-veterans-affairs.github.io/mhv-fhir-phr-mapping/index.html)"/><interaction><code value="search-type"/></interaction><interaction><code value="read"/></interaction></resource><resource><type value="Patient"/><supportedProfile value="https://department-of-veterans-affairs.github.io/mhv-fhir-phr-mapping/StructureDefinition/VA.MHV.patient"/><interaction><code value="search-type"/></interaction><interaction><code value="read"/></interaction></resource><interaction><code value="search-system"/></interaction></rest></CapabilityStatement>