<?xml version="1.0" encoding="UTF-8"?><ConceptMap xmlns="http://hl7.org/fhir"><id value="VF-VitalsCodes"/><text><status value="extensions"/><div xmlns="http://www.w3.org/1999/xhtml"><p>Mapping from (not specified) to (not specified)</p><p>ACTIVE. Published on 2023-10-05 by VA Digital Services (VA Digital Services: <a href="http://va.gov">http://va.gov</a>, John Moehrke (himself): <a href="mailto:John.Moehrke@va.gov">John.Moehrke@va.gov</a>). </p><div><p>Map between VitalSignTO.type(ObservationTypeTO.name) VUID/string and LOINC code.</p>
</div><br/><p><b>Group 1</b>Mapping from <code>urn:oid:2.16.840.1.113883.6.233</code> to <a href="http://terminology.hl7.org/5.3.0/CodeSystem-v3-loinc.html">Logical Observation Identifiers, Names and Codes (LOINC)</a></p><table class="grid"><tr><td><b>Source Code</b></td><td><b>Relationship</b></td><td><b>Target Code</b></td></tr><tr><td>4688718 (AUDIOMETRY)</td><td><a href="http://hl7.org/fhir/R4/codesystem-concept-map-equivalence.html#equal" title="equal">is equal to</a></td><td>28615-3 (Audiology study)</td></tr><tr><td>4500634 (BLOOD PRESSURE)</td><td><a href="http://hl7.org/fhir/R4/codesystem-concept-map-equivalence.html#equal" title="equal">is equal to</a></td><td>85354-9 (Blood pressure panel with all children optional)</td></tr><tr><td>4500638 (TEMPERATURE)</td><td><a href="http://hl7.org/fhir/R4/codesystem-concept-map-equivalence.html#equal" title="equal">is equal to</a></td><td>8310-5 (Body temperature)</td></tr><tr><td>4688719 (CENTRAL VENOUS PRESSURE)</td><td><a href="http://hl7.org/fhir/R4/codesystem-concept-map-equivalence.html#equal" title="equal">is equal to</a></td><td>8591-0 (Central venous pressure (CVP) Mean)</td></tr><tr><td>4688720 (CIRCUMFERENCE%2FGIRTH)</td><td><a href="http://hl7.org/fhir/R4/codesystem-concept-map-equivalence.html#equal" title="equal">is equal to</a></td><td>9844-2 (Body region Circumference)</td></tr><tr><td>4688721 (FETAL HEART TONES)</td><td><a href="http://hl7.org/fhir/R4/codesystem-concept-map-equivalence.html#equal" title="equal">is equal to</a></td><td>11616-0 (Fetal Heart Narrative Activity US)</td></tr><tr><td>4688722 (FUNDAL HEIGHT)</td><td><a href="http://hl7.org/fhir/R4/codesystem-concept-map-equivalence.html#equal" title="equal">is equal to</a></td><td>11881-0 (Uterus Fundal height Tape measure)</td></tr><tr><td>4688723 (HEARING)</td><td><a href="http://hl7.org/fhir/R4/codesystem-concept-map-equivalence.html#equal" title="equal">is equal to</a></td><td>32437-6 (Physical findings of Hearing)</td></tr><tr><td>4688724 (HEIGHT)</td><td><a href="http://hl7.org/fhir/R4/codesystem-concept-map-equivalence.html#equal" title="equal">is equal to</a></td><td>8302-2 (Body height)</td></tr><tr><td>4500635 (PAIN)</td><td><a href="http://hl7.org/fhir/R4/codesystem-concept-map-equivalence.html#equal" title="equal">is equal to</a></td><td>72514-3 (Pain severity - 0-10 verbal numeric rating [Score] - Reported)</td></tr><tr><td>4500637 (PULSE OXIMETRY)</td><td><a href="http://hl7.org/fhir/R4/codesystem-concept-map-equivalence.html#equal" title="equal">is equal to</a></td><td>2708-6 (Oxygen saturation in Arterial blood)</td></tr><tr><td>4500636 (PULSE)</td><td><a href="http://hl7.org/fhir/R4/codesystem-concept-map-equivalence.html#equal" title="equal">is equal to</a></td><td>8867-4 (Heart rate)</td></tr><tr><td>4688725 (RESPIRATION)</td><td><a href="http://hl7.org/fhir/R4/codesystem-concept-map-equivalence.html#equal" title="equal">is equal to</a></td><td>9279-1 (Respiratory Rate)</td></tr><tr><td>4688726 (TONOMETRY)</td><td><a href="http://hl7.org/fhir/R4/codesystem-concept-map-equivalence.html#equal" title="equal">is equal to</a></td><td>28630-2 (Tonometry study)</td></tr><tr><td>4688727 (VISION CORRECTED)</td><td><a href="http://hl7.org/fhir/R4/codesystem-concept-map-equivalence.html#equal" title="equal">is equal to</a></td><td>70936-0 (Vision testing Narrative)</td></tr><tr><td>4688728 (VISION UNCORRECTED)</td><td><a href="http://hl7.org/fhir/R4/codesystem-concept-map-equivalence.html#equal" title="equal">is equal to</a></td><td>70936-0 (Vision testing Narrative)</td></tr><tr><td>4500639 (WEIGHT)</td><td><a href="http://hl7.org/fhir/R4/codesystem-concept-map-equivalence.html#equal" title="equal">is equal to</a></td><td>29463-7 (Body weight)</td></tr><tr><td>unknown (ABDMONAL GIRTH)</td><td colspan="2" style="background-color: #efefef">(not mapped)</td></tr><tr><td>unknown (HEAD CIRCUMFERENCE)</td><td colspan="2" style="background-color: #efefef">(not mapped)</td></tr></table></div></text><extension url="http://hl7.org/fhir/StructureDefinition/structuredefinition-fmm"><valueInteger value="1"><extension url="http://hl7.org/fhir/StructureDefinition/structuredefinition-conformance-derivedFrom"><valueCanonical value="https://department-of-veterans-affairs.github.io/mhv-fhir-phr-mapping/ImplementationGuide/va.mhv.fhir.phr"/></extension></valueInteger></extension><extension url="http://hl7.org/fhir/StructureDefinition/structuredefinition-standards-status"><valueCode value="trial-use"><extension url="http://hl7.org/fhir/StructureDefinition/structuredefinition-conformance-derivedFrom"><valueCanonical value="https://department-of-veterans-affairs.github.io/mhv-fhir-phr-mapping/ImplementationGuide/va.mhv.fhir.phr"/></extension></valueCode></extension><url value="https://department-of-veterans-affairs.github.io/mhv-fhir-phr-mapping/ConceptMap/VF-VitalsCodes"/><version value="0.3.4"/><name value="VF_VitalsCodes"/><title value="Vital Sign ObservationTypeTO.name to Loinc Code"/><status value="active"/><experimental value="false"/><date value="2023-10-05"/><publisher value="VA Digital Services"/><contact><name value="VA Digital Services"/><telecom><system value="url"/><value value="http://va.gov"/></telecom></contact><contact><name value="John Moehrke (himself)"/><telecom><system value="email"/><value value="John.Moehrke@va.gov"/></telecom></contact><description value="Map between VitalSignTO.type(ObservationTypeTO.name) VUID/string and LOINC code."/><jurisdiction><coding><system value="urn:iso:std:iso:3166"/><code value="US"/></coding></jurisdiction><purpose value="VF_VitalsCodes"/><group><source value="urn:oid:2.16.840.1.113883.6.233"/><target value="http://loinc.org"/><element><code value="4688718"/><display value="AUDIOMETRY"/><target><modifierExtension url="http://hl7.org/fhir/1.0/StructureDefinition/extension-ConceptMap.element.target.equivalence"><valueCode value="equal"/></modifierExtension><code value="28615-3"/><display value="Audiology study"/><equivalence value="equal"/></target></element><element><code value="4500634"/><display value="BLOOD PRESSURE"/><target><modifierExtension url="http://hl7.org/fhir/1.0/StructureDefinition/extension-ConceptMap.element.target.equivalence"><valueCode value="equal"/></modifierExtension><code value="85354-9"/><display value="Blood pressure panel with all children optional"/><equivalence value="equal"/></target></element><element><code value="4500638"/><display value="TEMPERATURE"/><target><modifierExtension url="http://hl7.org/fhir/1.0/StructureDefinition/extension-ConceptMap.element.target.equivalence"><valueCode value="equal"/></modifierExtension><code value="8310-5"/><display value="Body temperature"/><equivalence value="equal"/></target></element><element><code value="4688719"/><display value="CENTRAL VENOUS PRESSURE"/><target><modifierExtension url="http://hl7.org/fhir/1.0/StructureDefinition/extension-ConceptMap.element.target.equivalence"><valueCode value="equal"/></modifierExtension><code value="8591-0"/><display value="Central venous pressure (CVP) Mean"/><equivalence value="equal"/></target></element><element><code value="4688720"/><display value="CIRCUMFERENCE%2FGIRTH"/><target><modifierExtension url="http://hl7.org/fhir/1.0/StructureDefinition/extension-ConceptMap.element.target.equivalence"><valueCode value="equal"/></modifierExtension><code value="9844-2"/><display value="Body region Circumference"/><equivalence value="equal"/></target></element><element><code value="4688721"/><display value="FETAL HEART TONES"/><target><modifierExtension url="http://hl7.org/fhir/1.0/StructureDefinition/extension-ConceptMap.element.target.equivalence"><valueCode value="equal"/></modifierExtension><code value="11616-0"/><display value="Fetal Heart Narrative Activity US"/><equivalence value="equal"/></target></element><element><code value="4688722"/><display value="FUNDAL HEIGHT"/><target><modifierExtension url="http://hl7.org/fhir/1.0/StructureDefinition/extension-ConceptMap.element.target.equivalence"><valueCode value="equal"/></modifierExtension><code value="11881-0"/><display value="Uterus Fundal height Tape measure"/><equivalence value="equal"/></target></element><element><code value="4688723"/><display value="HEARING"/><target><modifierExtension url="http://hl7.org/fhir/1.0/StructureDefinition/extension-ConceptMap.element.target.equivalence"><valueCode value="equal"/></modifierExtension><code value="32437-6"/><display value="Physical findings of Hearing"/><equivalence value="equal"/></target></element><element><code value="4688724"/><display value="HEIGHT"/><target><modifierExtension url="http://hl7.org/fhir/1.0/StructureDefinition/extension-ConceptMap.element.target.equivalence"><valueCode value="equal"/></modifierExtension><code value="8302-2"/><display value="Body height"/><equivalence value="equal"/></target></element><element><code value="4500635"/><display value="PAIN"/><target><modifierExtension url="http://hl7.org/fhir/1.0/StructureDefinition/extension-ConceptMap.element.target.equivalence"><valueCode value="equal"/></modifierExtension><code value="72514-3"/><display value="Pain severity - 0-10 verbal numeric rating [Score] - Reported"/><equivalence value="equal"/></target></element><element><code value="4500637"/><display value="PULSE OXIMETRY"/><target><modifierExtension url="http://hl7.org/fhir/1.0/StructureDefinition/extension-ConceptMap.element.target.equivalence"><valueCode value="equal"/></modifierExtension><code value="2708-6"/><display value="Oxygen saturation in Arterial blood"/><equivalence value="equal"/></target></element><element><code value="4500636"/><display value="PULSE"/><target><modifierExtension url="http://hl7.org/fhir/1.0/StructureDefinition/extension-ConceptMap.element.target.equivalence"><valueCode value="equal"/></modifierExtension><code value="8867-4"/><display value="Heart rate"/><equivalence value="equal"/></target></element><element><code value="4688725"/><display value="RESPIRATION"/><target><modifierExtension url="http://hl7.org/fhir/1.0/StructureDefinition/extension-ConceptMap.element.target.equivalence"><valueCode value="equal"/></modifierExtension><code value="9279-1"/><display value="Respiratory Rate"/><equivalence value="equal"/></target></element><element><code value="4688726"/><display value="TONOMETRY"/><target><modifierExtension url="http://hl7.org/fhir/1.0/StructureDefinition/extension-ConceptMap.element.target.equivalence"><valueCode value="equal"/></modifierExtension><code value="28630-2"/><display value="Tonometry study"/><equivalence value="equal"/></target></element><element><code value="4688727"/><display value="VISION CORRECTED"/><target><modifierExtension url="http://hl7.org/fhir/1.0/StructureDefinition/extension-ConceptMap.element.target.equivalence"><valueCode value="equal"/></modifierExtension><code value="70936-0"/><display value="Vision testing Narrative"/><equivalence value="equal"/></target></element><element><code value="4688728"/><display value="VISION UNCORRECTED"/><target><modifierExtension url="http://hl7.org/fhir/1.0/StructureDefinition/extension-ConceptMap.element.target.equivalence"><valueCode value="equal"/></modifierExtension><code value="70936-0"/><display value="Vision testing Narrative"/><equivalence value="equal"/></target></element><element><code value="4500639"/><display value="WEIGHT"/><target><modifierExtension url="http://hl7.org/fhir/1.0/StructureDefinition/extension-ConceptMap.element.target.equivalence"><valueCode value="equal"/></modifierExtension><code value="29463-7"/><display value="Body weight"/><equivalence value="equal"/></target></element><element><code value="unknown"/><display value="ABDMONAL GIRTH"/><target><equivalence value="unmatched"/></target></element><element><code value="unknown"/><display value="HEAD CIRCUMFERENCE"/><target><equivalence value="unmatched"/></target></element></group></ConceptMap>