<?xml version="1.0" encoding="UTF-8"?><ConceptMap xmlns="http://hl7.org/fhir"><id value="VF-VitalsSite"/><text><status value="extensions"/><div xmlns="http://www.w3.org/1999/xhtml"><p>Mapping from (not specified) to (not specified)</p><p>ACTIVE. Published on 2023-12-15 by VA Digital Services (VA Digital Services: <a href="http://va.gov">http://va.gov</a>, John Moehrke (himself): <a href="mailto:John.Moehrke@va.gov">John.Moehrke@va.gov</a>). </p><div><p>Map between VitalSignTO.qualifier VUID/string and SNOMED code for Observation.bodySite</p>
</div><br/><p><b>Group 1</b>Mapping from <code>urn:oid:2.16.840.1.113883.6.233</code> to <a href="http://hl7.org/fhir/R4/codesystem-snomedct.html">SNOMED CT (all versions)</a></p><table class="grid"><tr><td colspan="2"><b>Source Concept Details</b></td><td><b>Relationship</b></td><td colspan="2"><b>Target Concept Details</b></td><td><b>Comment</b></td><td colspan="2"><b>Properties</b></td></tr><tr><td colspan="2"><b>Codes</b> from urn:oid:2.16.840.1.113883.6.233</td><td/><td colspan="2"><b>Codes</b> from <a href="http://hl7.org/fhir/R4/codesystem-snomedct.html" title="http://snomed.info/sct">SNOMED CT (all versions)</a></td><td/></tr><tr><td style="border-right-width: 0px">4688633</td><td style="border-left-width: 0px">ABDOMINAL</td><td><a href="http://hl7.org/fhir/R4/codesystem-concept-map-equivalence.html#equivalent" title="equivalent">is equivalent to</a></td><td style="border-right-width: 0px">818983003</td><td style="border-left-width: 0px">Abdomen</td><td/></tr><tr><td style="border-right-width: 0px; border-bottom-style: none">4688636</td><td style="border-left-width: 0px; border-bottom-style: none">ANKLE</td><td><a href="http://hl7.org/fhir/R4/codesystem-concept-map-equivalence.html#equivalent" title="equivalent">is equivalent to</a></td><td style="border-right-width: 0px">344001</td><td style="border-left-width: 0px">Ankle region structure</td><td>No laterality</td></tr><tr><td style="border-right-width: 0px; border-top-style: none; border-bottom-style: none"/><td style="border-left-width: 0px; border-top-style: none; border-bottom-style: none"/><td><a href="http://hl7.org/fhir/R4/codesystem-concept-map-equivalence.html#source-is-broader-than-target" title="source-is-broader-than-target">is broader than</a></td><td style="border-right-width: 0px">51636004</td><td style="border-left-width: 0px">Structure of left ankle</td><td>Laterality Left</td></tr><tr><td style="border-right-width: 0px; border-top-style: none"/><td style="border-top-style: none; border-left-width: 0px"/><td><a href="http://hl7.org/fhir/R4/codesystem-concept-map-equivalence.html#source-is-broader-than-target" title="source-is-broader-than-target">is broader than</a></td><td style="border-right-width: 0px">6685009</td><td style="border-left-width: 0px">Structure of right ankle</td><td>Laterality Right</td></tr><tr><td style="border-right-width: 0px">4688637</td><td style="border-left-width: 0px">APICAL</td><td><a href="http://hl7.org/fhir/R4/codesystem-concept-map-equivalence.html#equivalent" title="equivalent">is equivalent to</a></td><td style="border-right-width: 0px">46707002</td><td style="border-left-width: 0px">Structure of precordium</td><td/></tr><tr><td style="border-right-width: 0px">4688696</td><td style="border-left-width: 0px">AV FISTULA (ARTERIOVENOUS FISTULA)</td><td><a href="http://hl7.org/fhir/R4/codesystem-concept-map-equivalence.html#equivalent" title="equivalent">is equivalent to</a></td><td style="border-right-width: 0px">128617001</td><td style="border-left-width: 0px">Arteriovenous fistula</td><td/></tr><tr><td style="border-right-width: 0px; border-bottom-style: none">4688640</td><td style="border-left-width: 0px; border-bottom-style: none">AXILLARY</td><td><a href="http://hl7.org/fhir/R4/codesystem-concept-map-equivalence.html#equivalent" title="equivalent">is equivalent to</a></td><td style="border-right-width: 0px">422543003</td><td style="border-left-width: 0px">Structure of axillary fossa</td><td>No laterality</td></tr><tr><td style="border-right-width: 0px; border-top-style: none; border-bottom-style: none"/><td style="border-left-width: 0px; border-top-style: none; border-bottom-style: none"/><td><a href="http://hl7.org/fhir/R4/codesystem-concept-map-equivalence.html#source-is-broader-than-target" title="source-is-broader-than-target">is broader than</a></td><td style="border-right-width: 0px">764473004</td><td style="border-left-width: 0px">Skin structure of left axilla</td><td>Laterality Left</td></tr><tr><td style="border-right-width: 0px; border-top-style: none; border-bottom-style: none"/><td style="border-left-width: 0px; border-top-style: none; border-bottom-style: none"/><td><a href="http://hl7.org/fhir/R4/codesystem-concept-map-equivalence.html#source-is-broader-than-target" title="source-is-broader-than-target">is broader than</a></td><td style="border-right-width: 0px">20437008</td><td style="border-left-width: 0px">Structure of left axillary region</td><td>Laterality Left</td></tr><tr><td style="border-right-width: 0px; border-top-style: none; border-bottom-style: none"/><td style="border-left-width: 0px; border-top-style: none; border-bottom-style: none"/><td><a href="http://hl7.org/fhir/R4/codesystem-concept-map-equivalence.html#source-is-broader-than-target" title="source-is-broader-than-target">is broader than</a></td><td style="border-right-width: 0px">764474005</td><td style="border-left-width: 0px">Skin structure of right axilla</td><td>Laterality Right</td></tr><tr><td style="border-right-width: 0px; border-top-style: none"/><td style="border-top-style: none; border-left-width: 0px"/><td><a href="http://hl7.org/fhir/R4/codesystem-concept-map-equivalence.html#source-is-broader-than-target" title="source-is-broader-than-target">is broader than</a></td><td style="border-right-width: 0px">19654004</td><td style="border-left-width: 0px">Structure of right axillary region</td><td>Laterality Right</td></tr><tr><td style="border-right-width: 0px; border-bottom-style: none">4688642</td><td style="border-left-width: 0px; border-bottom-style: none">BILATERAL PERIPHERALS</td><td><a href="http://hl7.org/fhir/R4/codesystem-concept-map-equivalence.html#equivalent" title="equivalent">is equivalent to</a></td><td style="border-right-width: 0px">54718008</td><td style="border-left-width: 0px">Peripheral pulse, function</td><td/></tr><tr><td style="border-right-width: 0px; border-top-style: none; border-bottom-style: none"/><td style="border-left-width: 0px; border-top-style: none; border-bottom-style: none"/><td><a href="http://hl7.org/fhir/R4/codesystem-concept-map-equivalence.html#equivalent" title="equivalent">is equivalent to</a></td><td style="border-right-width: 0px">14414005</td><td style="border-left-width: 0px">Peripheral</td><td/></tr><tr><td style="border-right-width: 0px; border-top-style: none"/><td style="border-top-style: none; border-left-width: 0px"/><td><a href="http://hl7.org/fhir/R4/codesystem-concept-map-equivalence.html#equivalent" title="equivalent">is equivalent to</a></td><td style="border-right-width: 0px">840581000</td><td style="border-left-width: 0px">Structure of peripheral artery</td><td/></tr><tr><td style="border-right-width: 0px; border-bottom-style: none">4688643</td><td style="border-left-width: 0px; border-bottom-style: none">BRACHIAL</td><td><a href="http://hl7.org/fhir/R4/codesystem-concept-map-equivalence.html#equivalent" title="equivalent">is equivalent to</a></td><td style="border-right-width: 0px">17137000</td><td style="border-left-width: 0px">Structure of brachial artery</td><td>No laterality</td></tr><tr><td style="border-right-width: 0px; border-top-style: none; border-bottom-style: none"/><td style="border-left-width: 0px; border-top-style: none; border-bottom-style: none"/><td><a href="http://hl7.org/fhir/R4/codesystem-concept-map-equivalence.html#source-is-broader-than-target" title="source-is-broader-than-target">is broader than</a></td><td style="border-right-width: 0px">723961002</td><td style="border-left-width: 0px">Structure of left brachial artery</td><td>Laterality Left</td></tr><tr><td style="border-right-width: 0px; border-top-style: none"/><td style="border-top-style: none; border-left-width: 0px"/><td><a href="http://hl7.org/fhir/R4/codesystem-concept-map-equivalence.html#source-is-broader-than-target" title="source-is-broader-than-target">is broader than</a></td><td style="border-right-width: 0px">723962009</td><td style="border-left-width: 0px">Structure of right brachial artery</td><td>Laterality Right</td></tr><tr><td style="border-right-width: 0px; border-bottom-style: none">4688644</td><td style="border-left-width: 0px; border-bottom-style: none">CALF</td><td><a href="http://hl7.org/fhir/R4/codesystem-concept-map-equivalence.html#equivalent" title="equivalent">is equivalent to</a></td><td style="border-right-width: 0px">53840002</td><td style="border-left-width: 0px">Structure of calf of leg</td><td>No laterality</td></tr><tr><td style="border-right-width: 0px; border-top-style: none; border-bottom-style: none"/><td style="border-left-width: 0px; border-top-style: none; border-bottom-style: none"/><td><a href="http://hl7.org/fhir/R4/codesystem-concept-map-equivalence.html#source-is-broader-than-target" title="source-is-broader-than-target">is broader than</a></td><td style="border-right-width: 0px">722115008</td><td style="border-left-width: 0px">Structure of calf of left lower leg</td><td>Laterality Left</td></tr><tr><td style="border-right-width: 0px; border-top-style: none"/><td style="border-top-style: none; border-left-width: 0px"/><td><a href="http://hl7.org/fhir/R4/codesystem-concept-map-equivalence.html#source-is-broader-than-target" title="source-is-broader-than-target">is broader than</a></td><td style="border-right-width: 0px">722116009</td><td style="border-left-width: 0px">Structure of calf of right lower leg</td><td>Laterality Right</td></tr><tr><td style="border-right-width: 0px; border-bottom-style: none">4688645</td><td style="border-left-width: 0px; border-bottom-style: none">CAROTID</td><td><a href="http://hl7.org/fhir/R4/codesystem-concept-map-equivalence.html#equivalent" title="equivalent">is equivalent to</a></td><td style="border-right-width: 0px">69105007</td><td style="border-left-width: 0px">Carotid artery structure</td><td>No laterality</td></tr><tr><td style="border-right-width: 0px; border-top-style: none; border-bottom-style: none"/><td style="border-left-width: 0px; border-top-style: none; border-bottom-style: none"/><td><a href="http://hl7.org/fhir/R4/codesystem-concept-map-equivalence.html#source-is-broader-than-target" title="source-is-broader-than-target">is broader than</a></td><td style="border-right-width: 0px">721028001</td><td style="border-left-width: 0px">Structure of left carotid artery</td><td>Laterality Left</td></tr><tr><td style="border-right-width: 0px; border-top-style: none"/><td style="border-top-style: none; border-left-width: 0px"/><td><a href="http://hl7.org/fhir/R4/codesystem-concept-map-equivalence.html#source-is-broader-than-target" title="source-is-broader-than-target">is broader than</a></td><td style="border-right-width: 0px">721033002</td><td style="border-left-width: 0px">Structure of right carotid artery</td><td>Laterality Right</td></tr><tr><td style="border-right-width: 0px">4688648</td><td style="border-left-width: 0px">CORE</td><td><a href="http://hl7.org/fhir/R4/codesystem-concept-map-equivalence.html#equivalent" title="equivalent">is equivalent to</a></td><td style="border-right-width: 0px">276885007</td><td style="border-left-width: 0px">OE, not site</td><td/></tr><tr><td style="border-right-width: 0px; border-bottom-style: none">4688651</td><td style="border-left-width: 0px; border-bottom-style: none">DORSALIS PEDIS</td><td><a href="http://hl7.org/fhir/R4/codesystem-concept-map-equivalence.html#equivalent" title="equivalent">is equivalent to</a></td><td style="border-right-width: 0px">86547008</td><td style="border-left-width: 0px">Structure of dorsalis pedis artery</td><td>No laterality</td></tr><tr><td style="border-right-width: 0px; border-top-style: none; border-bottom-style: none"/><td style="border-left-width: 0px; border-top-style: none; border-bottom-style: none"/><td><a href="http://hl7.org/fhir/R4/codesystem-concept-map-equivalence.html#source-is-broader-than-target" title="source-is-broader-than-target">is broader than</a></td><td style="border-right-width: 0px">792817008</td><td style="border-left-width: 0px">Structure of left dorsalis pedis artery</td><td>Laterality Left</td></tr><tr><td style="border-right-width: 0px; border-top-style: none"/><td style="border-top-style: none; border-left-width: 0px"/><td><a href="http://hl7.org/fhir/R4/codesystem-concept-map-equivalence.html#source-is-broader-than-target" title="source-is-broader-than-target">is broader than</a></td><td style="border-right-width: 0px">792816004</td><td style="border-left-width: 0px">Structure of right dorsalis pedis artery</td><td>Laterality Right</td></tr><tr><td style="border-right-width: 0px; border-bottom-style: none">4688655</td><td style="border-left-width: 0px; border-bottom-style: none">FEMORAL</td><td><a href="http://hl7.org/fhir/R4/codesystem-concept-map-equivalence.html#equivalent" title="equivalent">is equivalent to</a></td><td style="border-right-width: 0px">7657000</td><td style="border-left-width: 0px">Structure of femoral artery</td><td>No laterality</td></tr><tr><td style="border-right-width: 0px; border-top-style: none; border-bottom-style: none"/><td style="border-left-width: 0px; border-top-style: none; border-bottom-style: none"/><td><a href="http://hl7.org/fhir/R4/codesystem-concept-map-equivalence.html#source-is-broader-than-target" title="source-is-broader-than-target">is broader than</a></td><td style="border-right-width: 0px">113270003</td><td style="border-left-width: 0px">Structure of left femoral artery</td><td>Laterality Left</td></tr><tr><td style="border-right-width: 0px; border-top-style: none"/><td style="border-top-style: none; border-left-width: 0px"/><td><a href="http://hl7.org/fhir/R4/codesystem-concept-map-equivalence.html#source-is-broader-than-target" title="source-is-broader-than-target">is broader than</a></td><td style="border-right-width: 0px">69833005</td><td style="border-left-width: 0px">Structure of right femoral artery</td><td>Laterality Right</td></tr><tr><td style="border-right-width: 0px">4688656</td><td style="border-left-width: 0px">HEAD</td><td><a href="http://hl7.org/fhir/R4/codesystem-concept-map-equivalence.html#equivalent" title="equivalent">is equivalent to</a></td><td style="border-right-width: 0px">69536005</td><td style="border-left-width: 0px">Head structure</td><td/></tr><tr><td style="border-right-width: 0px; border-bottom-style: none">4697470</td><td style="border-left-width: 0px; border-bottom-style: none">HIP</td><td><a href="http://hl7.org/fhir/R4/codesystem-concept-map-equivalence.html#equivalent" title="equivalent">is equivalent to</a></td><td style="border-right-width: 0px">29836001</td><td style="border-left-width: 0px">Hip region structure</td><td>No laterality</td></tr><tr><td style="border-right-width: 0px; border-top-style: none; border-bottom-style: none"/><td style="border-left-width: 0px; border-top-style: none; border-bottom-style: none"/><td><a href="http://hl7.org/fhir/R4/codesystem-concept-map-equivalence.html#source-is-broader-than-target" title="source-is-broader-than-target">is broader than</a></td><td style="border-right-width: 0px">287679003</td><td style="border-left-width: 0px">Left hip region structure</td><td>Laterality Left</td></tr><tr><td style="border-right-width: 0px; border-top-style: none"/><td style="border-top-style: none; border-left-width: 0px"/><td><a href="http://hl7.org/fhir/R4/codesystem-concept-map-equivalence.html#source-is-broader-than-target" title="source-is-broader-than-target">is broader than</a></td><td style="border-right-width: 0px">287579007</td><td style="border-left-width: 0px">Right hip region structure</td><td>Laterality Right</td></tr><tr><td style="border-right-width: 0px; border-bottom-style: none">4688689</td><td style="border-left-width: 0px; border-bottom-style: none">KNEE</td><td><a href="http://hl7.org/fhir/R4/codesystem-concept-map-equivalence.html#equivalent" title="equivalent">is equivalent to</a></td><td style="border-right-width: 0px">72696002</td><td style="border-left-width: 0px">Knee region structure</td><td>No laterality</td></tr><tr><td style="border-right-width: 0px; border-top-style: none; border-bottom-style: none"/><td style="border-left-width: 0px; border-top-style: none; border-bottom-style: none"/><td><a href="http://hl7.org/fhir/R4/codesystem-concept-map-equivalence.html#source-is-broader-than-target" title="source-is-broader-than-target">is broader than</a></td><td style="border-right-width: 0px">82169009</td><td style="border-left-width: 0px">Structure of left knee region</td><td>Laterality Left</td></tr><tr><td style="border-right-width: 0px; border-top-style: none"/><td style="border-top-style: none; border-left-width: 0px"/><td><a href="http://hl7.org/fhir/R4/codesystem-concept-map-equivalence.html#source-is-broader-than-target" title="source-is-broader-than-target">is broader than</a></td><td style="border-right-width: 0px">6757004</td><td style="border-left-width: 0px">Structure of right knee region</td><td>Laterality Right</td></tr><tr><td style="border-right-width: 0px">4688657</td><td style="border-left-width: 0px">L ARM (LEFT ARM)</td><td><a href="http://hl7.org/fhir/R4/codesystem-concept-map-equivalence.html#equivalent" title="equivalent">is equivalent to</a></td><td style="border-right-width: 0px">80768000</td><td style="border-left-width: 0px">Structure of left upper limb</td><td/></tr><tr><td style="border-right-width: 0px">4688658</td><td style="border-left-width: 0px">L LEG (LEFT LEG)</td><td><a href="http://hl7.org/fhir/R4/codesystem-concept-map-equivalence.html#equivalent" title="equivalent">is equivalent to</a></td><td style="border-right-width: 0px">32153003</td><td style="border-left-width: 0px">Structure of left lower limb</td><td/></tr><tr><td style="border-right-width: 0px; border-bottom-style: none">4688662</td><td style="border-left-width: 0px; border-bottom-style: none">LOWER ARM</td><td><a href="http://hl7.org/fhir/R4/codesystem-concept-map-equivalence.html#equivalent" title="equivalent">is equivalent to</a></td><td style="border-right-width: 0px">14975008</td><td style="border-left-width: 0px">Forearm structure</td><td>No laterality</td></tr><tr><td style="border-right-width: 0px; border-top-style: none; border-bottom-style: none"/><td style="border-left-width: 0px; border-top-style: none; border-bottom-style: none"/><td><a href="http://hl7.org/fhir/R4/codesystem-concept-map-equivalence.html#source-is-broader-than-target" title="source-is-broader-than-target">is broader than</a></td><td style="border-right-width: 0px">66480008</td><td style="border-left-width: 0px">Structure of left forearm</td><td>Laterality Left</td></tr><tr><td style="border-right-width: 0px; border-top-style: none"/><td style="border-top-style: none; border-left-width: 0px"/><td><a href="http://hl7.org/fhir/R4/codesystem-concept-map-equivalence.html#source-is-broader-than-target" title="source-is-broader-than-target">is broader than</a></td><td style="border-right-width: 0px">64262003</td><td style="border-left-width: 0px">Structure of right forearm</td><td>Laterality Right</td></tr><tr><td style="border-right-width: 0px">4688686</td><td style="border-left-width: 0px">NECK</td><td><a href="http://hl7.org/fhir/R4/codesystem-concept-map-equivalence.html#equivalent" title="equivalent">is equivalent to</a></td><td style="border-right-width: 0px">45048000</td><td style="border-left-width: 0px">Neck structure</td><td/></tr><tr><td style="border-right-width: 0px">4500642</td><td style="border-left-width: 0px">ORAL</td><td><a href="http://hl7.org/fhir/R4/codesystem-concept-map-equivalence.html#equivalent" title="equivalent">is equivalent to</a></td><td style="border-right-width: 0px">123851003</td><td style="border-left-width: 0px">Mouth region structure</td><td/></tr><tr><td style="border-right-width: 0px">4688672</td><td style="border-left-width: 0px">PERIPHERAL</td><td><a href="http://hl7.org/fhir/R4/codesystem-concept-map-equivalence.html#equivalent" title="equivalent">is equivalent to</a></td><td style="border-right-width: 0px">54718008</td><td style="border-left-width: 0px">OE, not body structure</td><td/></tr><tr><td style="border-right-width: 0px; border-bottom-style: none">4688673</td><td style="border-left-width: 0px; border-bottom-style: none">POPLITEAL</td><td><a href="http://hl7.org/fhir/R4/codesystem-concept-map-equivalence.html#equivalent" title="equivalent">is equivalent to</a></td><td style="border-right-width: 0px">43899006</td><td style="border-left-width: 0px">Structure of popliteal artery</td><td>No laterality</td></tr><tr><td style="border-right-width: 0px; border-top-style: none; border-bottom-style: none"/><td style="border-left-width: 0px; border-top-style: none; border-bottom-style: none"/><td><a href="http://hl7.org/fhir/R4/codesystem-concept-map-equivalence.html#source-is-broader-than-target" title="source-is-broader-than-target">is broader than</a></td><td style="border-right-width: 0px">25885001</td><td style="border-left-width: 0px">Left popliteal artery structure</td><td>Laterality Left</td></tr><tr><td style="border-right-width: 0px; border-top-style: none"/><td style="border-top-style: none; border-left-width: 0px"/><td><a href="http://hl7.org/fhir/R4/codesystem-concept-map-equivalence.html#source-is-broader-than-target" title="source-is-broader-than-target">is broader than</a></td><td style="border-right-width: 0px">57832007</td><td style="border-left-width: 0px">Structure of right popliteal artery</td><td>Laterality Right</td></tr><tr><td style="border-right-width: 0px; border-bottom-style: none">4688675</td><td style="border-left-width: 0px; border-bottom-style: none">POSTERIOR TIBIAL</td><td><a href="http://hl7.org/fhir/R4/codesystem-concept-map-equivalence.html#equivalent" title="equivalent">is equivalent to</a></td><td style="border-right-width: 0px">13363002</td><td style="border-left-width: 0px">Structure of posterior tibial artery</td><td>No laterality</td></tr><tr><td style="border-right-width: 0px; border-top-style: none; border-bottom-style: none"/><td style="border-left-width: 0px; border-top-style: none; border-bottom-style: none"/><td><a href="http://hl7.org/fhir/R4/codesystem-concept-map-equivalence.html#equivalent" title="equivalent">is equivalent to</a></td><td style="border-right-width: 0px">214912001</td><td style="border-left-width: 0px">Structure of left posterior tibial artery</td><td>Laterality Left</td></tr><tr><td style="border-right-width: 0px; border-top-style: none"/><td style="border-top-style: none; border-left-width: 0px"/><td><a href="http://hl7.org/fhir/R4/codesystem-concept-map-equivalence.html#equivalent" title="equivalent">is equivalent to</a></td><td style="border-right-width: 0px">214811007</td><td style="border-left-width: 0px">Structure of right posterior tibial artery</td><td>Laterality Right</td></tr><tr><td style="border-right-width: 0px">4688676</td><td style="border-left-width: 0px">R ARM (RIGHT ARM)</td><td><a href="http://hl7.org/fhir/R4/codesystem-concept-map-equivalence.html#equivalent" title="equivalent">is equivalent to</a></td><td style="border-right-width: 0px">6921000</td><td style="border-left-width: 0px">Structure of right upper limb</td><td/></tr><tr><td style="border-right-width: 0px">4688677</td><td style="border-left-width: 0px">R LEG (RIGHT LEG)</td><td><a href="http://hl7.org/fhir/R4/codesystem-concept-map-equivalence.html#equivalent" title="equivalent">is equivalent to</a></td><td style="border-right-width: 0px">62175007</td><td style="border-left-width: 0px">Structure of right lower limb</td><td/></tr><tr><td style="border-right-width: 0px; border-bottom-style: none">4688678</td><td style="border-left-width: 0px; border-bottom-style: none">RADIAL</td><td><a href="http://hl7.org/fhir/R4/codesystem-concept-map-equivalence.html#equivalent" title="equivalent">is equivalent to</a></td><td style="border-right-width: 0px">45631007</td><td style="border-left-width: 0px">Structure of radial artery</td><td>No laterality</td></tr><tr><td style="border-right-width: 0px; border-top-style: none; border-bottom-style: none"/><td style="border-left-width: 0px; border-top-style: none; border-bottom-style: none"/><td><a href="http://hl7.org/fhir/R4/codesystem-concept-map-equivalence.html#source-is-broader-than-target" title="source-is-broader-than-target">is broader than</a></td><td style="border-right-width: 0px">368504007</td><td style="border-left-width: 0px">Structure of left radial artery</td><td>Laterality Left</td></tr><tr><td style="border-right-width: 0px; border-top-style: none"/><td style="border-top-style: none; border-left-width: 0px"/><td><a href="http://hl7.org/fhir/R4/codesystem-concept-map-equivalence.html#source-is-broader-than-target" title="source-is-broader-than-target">is broader than</a></td><td style="border-right-width: 0px">368503001</td><td style="border-left-width: 0px">Structure of right radial artery</td><td>Laterality Right</td></tr><tr><td style="border-right-width: 0px">4688679</td><td style="border-left-width: 0px">RECTAL</td><td><a href="http://hl7.org/fhir/R4/codesystem-concept-map-equivalence.html#equivalent" title="equivalent">is equivalent to</a></td><td style="border-right-width: 0px">34402009</td><td style="border-left-width: 0px">Rectum structure</td><td/></tr><tr><td style="border-right-width: 0px">4688704</td><td style="border-left-width: 0px">SKIN</td><td><a href="http://hl7.org/fhir/R4/codesystem-concept-map-equivalence.html#equivalent" title="equivalent">is equivalent to</a></td><td style="border-right-width: 0px">39937001</td><td style="border-left-width: 0px">Skin structure</td><td/></tr><tr><td style="border-right-width: 0px">4537028</td><td style="border-left-width: 0px">TEMPORAL</td><td><a href="http://hl7.org/fhir/R4/codesystem-concept-map-equivalence.html#equivalent" title="equivalent">is equivalent to</a></td><td style="border-right-width: 0px">450721000</td><td style="border-left-width: 0px">Structure of temporal region</td><td>Laterality not modeled in SNOMED CT</td></tr><tr><td style="border-right-width: 0px; border-bottom-style: none">4688708</td><td style="border-left-width: 0px; border-bottom-style: none">THIGH</td><td><a href="http://hl7.org/fhir/R4/codesystem-concept-map-equivalence.html#equivalent" title="equivalent">is equivalent to</a></td><td style="border-right-width: 0px">68367000</td><td style="border-left-width: 0px">Thigh structure</td><td>No laterality</td></tr><tr><td style="border-right-width: 0px; border-top-style: none; border-bottom-style: none"/><td style="border-left-width: 0px; border-top-style: none; border-bottom-style: none"/><td><a href="http://hl7.org/fhir/R4/codesystem-concept-map-equivalence.html#source-is-broader-than-target" title="source-is-broader-than-target">is broader than</a></td><td style="border-right-width: 0px">61396006</td><td style="border-left-width: 0px">Structure of left thigh</td><td>Laterality Left</td></tr><tr><td style="border-right-width: 0px; border-top-style: none"/><td style="border-top-style: none; border-left-width: 0px"/><td><a href="http://hl7.org/fhir/R4/codesystem-concept-map-equivalence.html#source-is-broader-than-target" title="source-is-broader-than-target">is broader than</a></td><td style="border-right-width: 0px">11207009</td><td style="border-left-width: 0px">Structure of right thigh</td><td>Laterality Right</td></tr><tr><td style="border-right-width: 0px; border-bottom-style: none">4688712</td><td style="border-left-width: 0px; border-bottom-style: none">TYMPANIC</td><td><a href="http://hl7.org/fhir/R4/codesystem-concept-map-equivalence.html#equivalent" title="equivalent">is equivalent to</a></td><td style="border-right-width: 0px">42859004</td><td style="border-left-width: 0px">Tympanic membrane structure</td><td>No laterality</td></tr><tr><td style="border-right-width: 0px; border-top-style: none; border-bottom-style: none"/><td style="border-left-width: 0px; border-top-style: none; border-bottom-style: none"/><td><a href="http://hl7.org/fhir/R4/codesystem-concept-map-equivalence.html#source-is-broader-than-target" title="source-is-broader-than-target">is broader than</a></td><td style="border-right-width: 0px">726562006</td><td style="border-left-width: 0px">Structure of left tympanic membrane</td><td>Laterality Left</td></tr><tr><td style="border-right-width: 0px; border-top-style: none"/><td style="border-top-style: none; border-left-width: 0px"/><td><a href="http://hl7.org/fhir/R4/codesystem-concept-map-equivalence.html#source-is-broader-than-target" title="source-is-broader-than-target">is broader than</a></td><td style="border-right-width: 0px">726563001</td><td style="border-left-width: 0px">Structure of right tympanic membrane</td><td>Laterality Right</td></tr><tr><td style="border-right-width: 0px; border-bottom-style: none">4688713</td><td style="border-left-width: 0px; border-bottom-style: none">ULNAR</td><td><a href="http://hl7.org/fhir/R4/codesystem-concept-map-equivalence.html#equivalent" title="equivalent">is equivalent to</a></td><td style="border-right-width: 0px">44984001</td><td style="border-left-width: 0px">Structure of ulnar artery</td><td>No laterality</td></tr><tr><td style="border-right-width: 0px; border-top-style: none; border-bottom-style: none"/><td style="border-left-width: 0px; border-top-style: none; border-bottom-style: none"/><td><a href="http://hl7.org/fhir/R4/codesystem-concept-map-equivalence.html#source-is-broader-than-target" title="source-is-broader-than-target">is broader than</a></td><td style="border-right-width: 0px">368506009</td><td style="border-left-width: 0px">Structure of left ulnar artery</td><td>Laterality Left</td></tr><tr><td style="border-right-width: 0px; border-top-style: none"/><td style="border-top-style: none; border-left-width: 0px"/><td><a href="http://hl7.org/fhir/R4/codesystem-concept-map-equivalence.html#source-is-broader-than-target" title="source-is-broader-than-target">is broader than</a></td><td style="border-right-width: 0px">368505008</td><td style="border-left-width: 0px">Structure of right ulnar artery</td><td>Laterality Right</td></tr><tr><td style="border-right-width: 0px; border-bottom-style: none">4688714</td><td style="border-left-width: 0px; border-bottom-style: none">UPPER ARM</td><td><a href="http://hl7.org/fhir/R4/codesystem-concept-map-equivalence.html#equivalent" title="equivalent">is equivalent to</a></td><td style="border-right-width: 0px">40983000</td><td style="border-left-width: 0px">Structure of upper extremity between shoulder and elbow</td><td>No laterality</td></tr><tr><td style="border-right-width: 0px; border-top-style: none; border-bottom-style: none"/><td style="border-left-width: 0px; border-top-style: none; border-bottom-style: none"/><td><a href="http://hl7.org/fhir/R4/codesystem-concept-map-equivalence.html#source-is-broader-than-target" title="source-is-broader-than-target">is broader than</a></td><td style="border-right-width: 0px">368208006</td><td style="border-left-width: 0px">Left upper arm structure</td><td>Laterality Left</td></tr><tr><td style="border-right-width: 0px; border-top-style: none"/><td style="border-top-style: none; border-left-width: 0px"/><td><a href="http://hl7.org/fhir/R4/codesystem-concept-map-equivalence.html#source-is-broader-than-target" title="source-is-broader-than-target">is broader than</a></td><td style="border-right-width: 0px">368209003</td><td style="border-left-width: 0px">Right upper arm structure</td><td>Laterality Right</td></tr><tr><td style="border-right-width: 0px; border-bottom-style: none">4688717</td><td style="border-left-width: 0px; border-bottom-style: none">WRIST</td><td><a href="http://hl7.org/fhir/R4/codesystem-concept-map-equivalence.html#equivalent" title="equivalent">is equivalent to</a></td><td style="border-right-width: 0px">8205005</td><td style="border-left-width: 0px">Wrist region structure</td><td>No laterality</td></tr><tr><td style="border-right-width: 0px; border-top-style: none; border-bottom-style: none"/><td style="border-left-width: 0px; border-top-style: none; border-bottom-style: none"/><td><a href="http://hl7.org/fhir/R4/codesystem-concept-map-equivalence.html#source-is-broader-than-target" title="source-is-broader-than-target">is broader than</a></td><td style="border-right-width: 0px">5951000</td><td style="border-left-width: 0px">Structure of left wrist region</td><td>Laterality Left</td></tr><tr><td style="border-right-width: 0px; border-top-style: none"/><td style="border-top-style: none; border-left-width: 0px"/><td><a href="http://hl7.org/fhir/R4/codesystem-concept-map-equivalence.html#source-is-broader-than-target" title="source-is-broader-than-target">is broader than</a></td><td style="border-right-width: 0px">9736006</td><td style="border-left-width: 0px">Structure of right wrist region</td><td>Laterality Right</td></tr></table></div></text><extension url="http://hl7.org/fhir/StructureDefinition/structuredefinition-fmm"><valueInteger value="1"><extension url="http://hl7.org/fhir/StructureDefinition/structuredefinition-conformance-derivedFrom"><valueCanonical value="https://department-of-veterans-affairs.github.io/mhv-fhir-phr-mapping/ImplementationGuide/va.mhv.fhir.phr"/></extension></valueInteger></extension><extension url="http://hl7.org/fhir/StructureDefinition/structuredefinition-standards-status"><valueCode value="trial-use"><extension url="http://hl7.org/fhir/StructureDefinition/structuredefinition-conformance-derivedFrom"><valueCanonical value="https://department-of-veterans-affairs.github.io/mhv-fhir-phr-mapping/ImplementationGuide/va.mhv.fhir.phr"/></extension></valueCode></extension><url value="https://department-of-veterans-affairs.github.io/mhv-fhir-phr-mapping/ConceptMap/VF-VitalsSite"/><version value="0.3.2"/><name value="VF_VitalsSite"/><title value="Vitals Site used to SNOMED code"/><status value="active"/><experimental value="false"/><date value="2023-12-15"/><publisher value="VA Digital Services"/><contact><name value="VA Digital Services"/><telecom><system value="url"/><value value="http://va.gov"/></telecom></contact><contact><name value="John Moehrke (himself)"/><telecom><system value="email"/><value value="John.Moehrke@va.gov"/></telecom></contact><description value="Map between VitalSignTO.qualifier VUID/string and SNOMED code for Observation.bodySite"/><jurisdiction><coding><system value="urn:iso:std:iso:3166"/><code value="US"/></coding></jurisdiction><purpose value="VF_VitalsSite"/><group><source value="urn:oid:2.16.840.1.113883.6.233"/><target value="http://snomed.info/sct"/><element><code value="4688633"/><display value="ABDOMINAL"/><target><modifierExtension url="http://hl7.org/fhir/1.0/StructureDefinition/extension-ConceptMap.element.target.equivalence"><valueCode value="equal"/></modifierExtension><code value="818983003"/><display value="Abdomen"/><equivalence value="equal"/></target></element><element><code value="4688636"/><display value="ANKLE"/><target><modifierExtension url="http://hl7.org/fhir/1.0/StructureDefinition/extension-ConceptMap.element.target.equivalence"><valueCode value="equal"/></modifierExtension><code value="344001"/><display value="Ankle region structure"/><equivalence value="equal"/><comment value="No laterality"/></target><target><modifierExtension url="http://hl7.org/fhir/1.0/StructureDefinition/extension-ConceptMap.element.target.equivalence"><valueCode value="narrower"/></modifierExtension><code value="51636004"/><display value="Structure of left ankle"/><equivalence value="narrower"/><comment value="Laterality Left"/></target><target><modifierExtension url="http://hl7.org/fhir/1.0/StructureDefinition/extension-ConceptMap.element.target.equivalence"><valueCode value="narrower"/></modifierExtension><code value="6685009"/><display value="Structure of right ankle"/><equivalence value="narrower"/><comment value="Laterality Right"/></target></element><element><code value="4688637"/><display value="APICAL"/><target><modifierExtension url="http://hl7.org/fhir/1.0/StructureDefinition/extension-ConceptMap.element.target.equivalence"><valueCode value="equal"/></modifierExtension><code value="46707002"/><display value="Structure of precordium"/><equivalence value="equal"/></target></element><element><code value="4688696"/><display value="AV FISTULA (ARTERIOVENOUS FISTULA)"/><target><modifierExtension url="http://hl7.org/fhir/1.0/StructureDefinition/extension-ConceptMap.element.target.equivalence"><valueCode value="equal"/></modifierExtension><code value="128617001"/><display value="Arteriovenous fistula"/><equivalence value="equal"/></target></element><element><code value="4688640"/><display value="AXILLARY"/><target><modifierExtension url="http://hl7.org/fhir/1.0/StructureDefinition/extension-ConceptMap.element.target.equivalence"><valueCode value="equal"/></modifierExtension><code value="422543003"/><display value="Structure of axillary fossa"/><equivalence value="equal"/><comment value="No laterality"/></target><target><modifierExtension url="http://hl7.org/fhir/1.0/StructureDefinition/extension-ConceptMap.element.target.equivalence"><valueCode value="narrower"/></modifierExtension><code value="764473004"/><display value="Skin structure of left axilla"/><equivalence value="narrower"/><comment value="Laterality Left"/></target><target><modifierExtension url="http://hl7.org/fhir/1.0/StructureDefinition/extension-ConceptMap.element.target.equivalence"><valueCode value="narrower"/></modifierExtension><code value="20437008"/><display value="Structure of left axillary region"/><equivalence value="narrower"/><comment value="Laterality Left"/></target><target><modifierExtension url="http://hl7.org/fhir/1.0/StructureDefinition/extension-ConceptMap.element.target.equivalence"><valueCode value="narrower"/></modifierExtension><code value="764474005"/><display value="Skin structure of right axilla"/><equivalence value="narrower"/><comment value="Laterality Right"/></target><target><modifierExtension url="http://hl7.org/fhir/1.0/StructureDefinition/extension-ConceptMap.element.target.equivalence"><valueCode value="narrower"/></modifierExtension><code value="19654004"/><display value="Structure of right axillary region"/><equivalence value="narrower"/><comment value="Laterality Right"/></target></element><element><code value="4688642"/><display value="BILATERAL PERIPHERALS"/><target><modifierExtension url="http://hl7.org/fhir/1.0/StructureDefinition/extension-ConceptMap.element.target.equivalence"><valueCode value="equal"/></modifierExtension><code value="54718008"/><display value="Peripheral pulse, function"/><equivalence value="equal"/></target><target><modifierExtension url="http://hl7.org/fhir/1.0/StructureDefinition/extension-ConceptMap.element.target.equivalence"><valueCode value="equal"/></modifierExtension><code value="14414005"/><display value="Peripheral"/><equivalence value="equal"/></target><target><modifierExtension url="http://hl7.org/fhir/1.0/StructureDefinition/extension-ConceptMap.element.target.equivalence"><valueCode value="equal"/></modifierExtension><code value="840581000"/><display value="Structure of peripheral artery"/><equivalence value="equal"/></target></element><element><code value="4688643"/><display value="BRACHIAL"/><target><modifierExtension url="http://hl7.org/fhir/1.0/StructureDefinition/extension-ConceptMap.element.target.equivalence"><valueCode value="equal"/></modifierExtension><code value="17137000"/><display value="Structure of brachial artery"/><equivalence value="equal"/><comment value="No laterality"/></target><target><modifierExtension url="http://hl7.org/fhir/1.0/StructureDefinition/extension-ConceptMap.element.target.equivalence"><valueCode value="narrower"/></modifierExtension><code value="723961002"/><display value="Structure of left brachial artery"/><equivalence value="narrower"/><comment value="Laterality Left"/></target><target><modifierExtension url="http://hl7.org/fhir/1.0/StructureDefinition/extension-ConceptMap.element.target.equivalence"><valueCode value="narrower"/></modifierExtension><code value="723962009"/><display value="Structure of right brachial artery"/><equivalence value="narrower"/><comment value="Laterality Right"/></target></element><element><code value="4688644"/><display value="CALF"/><target><modifierExtension url="http://hl7.org/fhir/1.0/StructureDefinition/extension-ConceptMap.element.target.equivalence"><valueCode value="equal"/></modifierExtension><code value="53840002"/><display value="Structure of calf of leg"/><equivalence value="equal"/><comment value="No laterality"/></target><target><modifierExtension url="http://hl7.org/fhir/1.0/StructureDefinition/extension-ConceptMap.element.target.equivalence"><valueCode value="narrower"/></modifierExtension><code value="722115008"/><display value="Structure of calf of left lower leg"/><equivalence value="narrower"/><comment value="Laterality Left"/></target><target><modifierExtension url="http://hl7.org/fhir/1.0/StructureDefinition/extension-ConceptMap.element.target.equivalence"><valueCode value="narrower"/></modifierExtension><code value="722116009"/><display value="Structure of calf of right lower leg"/><equivalence value="narrower"/><comment value="Laterality Right"/></target></element><element><code value="4688645"/><display value="CAROTID"/><target><modifierExtension url="http://hl7.org/fhir/1.0/StructureDefinition/extension-ConceptMap.element.target.equivalence"><valueCode value="equal"/></modifierExtension><code value="69105007"/><display value="Carotid artery structure"/><equivalence value="equal"/><comment value="No laterality"/></target><target><modifierExtension url="http://hl7.org/fhir/1.0/StructureDefinition/extension-ConceptMap.element.target.equivalence"><valueCode value="narrower"/></modifierExtension><code value="721028001"/><display value="Structure of left carotid artery"/><equivalence value="narrower"/><comment value="Laterality Left"/></target><target><modifierExtension url="http://hl7.org/fhir/1.0/StructureDefinition/extension-ConceptMap.element.target.equivalence"><valueCode value="narrower"/></modifierExtension><code value="721033002"/><display value="Structure of right carotid artery"/><equivalence value="narrower"/><comment value="Laterality Right"/></target></element><element><code value="4688648"/><display value="CORE"/><target><modifierExtension url="http://hl7.org/fhir/1.0/StructureDefinition/extension-ConceptMap.element.target.equivalence"><valueCode value="equal"/></modifierExtension><code value="276885007"/><display value="OE, not site"/><equivalence value="equal"/></target></element><element><code value="4688651"/><display value="DORSALIS PEDIS"/><target><modifierExtension url="http://hl7.org/fhir/1.0/StructureDefinition/extension-ConceptMap.element.target.equivalence"><valueCode value="equal"/></modifierExtension><code value="86547008"/><display value="Structure of dorsalis pedis artery"/><equivalence value="equal"/><comment value="No laterality"/></target><target><modifierExtension url="http://hl7.org/fhir/1.0/StructureDefinition/extension-ConceptMap.element.target.equivalence"><valueCode value="narrower"/></modifierExtension><code value="792817008"/><display value="Structure of left dorsalis pedis artery"/><equivalence value="narrower"/><comment value="Laterality Left"/></target><target><modifierExtension url="http://hl7.org/fhir/1.0/StructureDefinition/extension-ConceptMap.element.target.equivalence"><valueCode value="narrower"/></modifierExtension><code value="792816004"/><display value="Structure of right dorsalis pedis artery"/><equivalence value="narrower"/><comment value="Laterality Right"/></target></element><element><code value="4688655"/><display value="FEMORAL"/><target><modifierExtension url="http://hl7.org/fhir/1.0/StructureDefinition/extension-ConceptMap.element.target.equivalence"><valueCode value="equal"/></modifierExtension><code value="7657000"/><display value="Structure of femoral artery"/><equivalence value="equal"/><comment value="No laterality"/></target><target><modifierExtension url="http://hl7.org/fhir/1.0/StructureDefinition/extension-ConceptMap.element.target.equivalence"><valueCode value="narrower"/></modifierExtension><code value="113270003"/><display value="Structure of left femoral artery"/><equivalence value="narrower"/><comment value="Laterality Left"/></target><target><modifierExtension url="http://hl7.org/fhir/1.0/StructureDefinition/extension-ConceptMap.element.target.equivalence"><valueCode value="narrower"/></modifierExtension><code value="69833005"/><display value="Structure of right femoral artery"/><equivalence value="narrower"/><comment value="Laterality Right"/></target></element><element><code value="4688656"/><display value="HEAD"/><target><modifierExtension url="http://hl7.org/fhir/1.0/StructureDefinition/extension-ConceptMap.element.target.equivalence"><valueCode value="equal"/></modifierExtension><code value="69536005"/><display value="Head structure"/><equivalence value="equal"/></target></element><element><code value="4697470"/><display value="HIP"/><target><modifierExtension url="http://hl7.org/fhir/1.0/StructureDefinition/extension-ConceptMap.element.target.equivalence"><valueCode value="equal"/></modifierExtension><code value="29836001"/><display value="Hip region structure"/><equivalence value="equal"/><comment value="No laterality"/></target><target><modifierExtension url="http://hl7.org/fhir/1.0/StructureDefinition/extension-ConceptMap.element.target.equivalence"><valueCode value="narrower"/></modifierExtension><code value="287679003"/><display value="Left hip region structure"/><equivalence value="narrower"/><comment value="Laterality Left"/></target><target><modifierExtension url="http://hl7.org/fhir/1.0/StructureDefinition/extension-ConceptMap.element.target.equivalence"><valueCode value="narrower"/></modifierExtension><code value="287579007"/><display value="Right hip region structure"/><equivalence value="narrower"/><comment value="Laterality Right"/></target></element><element><code value="4688689"/><display value="KNEE"/><target><modifierExtension url="http://hl7.org/fhir/1.0/StructureDefinition/extension-ConceptMap.element.target.equivalence"><valueCode value="equal"/></modifierExtension><code value="72696002"/><display value="Knee region structure"/><equivalence value="equal"/><comment value="No laterality"/></target><target><modifierExtension url="http://hl7.org/fhir/1.0/StructureDefinition/extension-ConceptMap.element.target.equivalence"><valueCode value="narrower"/></modifierExtension><code value="82169009"/><display value="Structure of left knee region"/><equivalence value="narrower"/><comment value="Laterality Left"/></target><target><modifierExtension url="http://hl7.org/fhir/1.0/StructureDefinition/extension-ConceptMap.element.target.equivalence"><valueCode value="narrower"/></modifierExtension><code value="6757004"/><display value="Structure of right knee region"/><equivalence value="narrower"/><comment value="Laterality Right"/></target></element><element><code value="4688657"/><display value="L ARM (LEFT ARM)"/><target><modifierExtension url="http://hl7.org/fhir/1.0/StructureDefinition/extension-ConceptMap.element.target.equivalence"><valueCode value="equal"/></modifierExtension><code value="80768000"/><display value="Structure of left upper limb"/><equivalence value="equal"/></target></element><element><code value="4688658"/><display value="L LEG (LEFT LEG)"/><target><modifierExtension url="http://hl7.org/fhir/1.0/StructureDefinition/extension-ConceptMap.element.target.equivalence"><valueCode value="equal"/></modifierExtension><code value="32153003"/><display value="Structure of left lower limb"/><equivalence value="equal"/></target></element><element><code value="4688662"/><display value="LOWER ARM"/><target><modifierExtension url="http://hl7.org/fhir/1.0/StructureDefinition/extension-ConceptMap.element.target.equivalence"><valueCode value="equal"/></modifierExtension><code value="14975008"/><display value="Forearm structure"/><equivalence value="equal"/><comment value="No laterality"/></target><target><modifierExtension url="http://hl7.org/fhir/1.0/StructureDefinition/extension-ConceptMap.element.target.equivalence"><valueCode value="narrower"/></modifierExtension><code value="66480008"/><display value="Structure of left forearm"/><equivalence value="narrower"/><comment value="Laterality Left"/></target><target><modifierExtension url="http://hl7.org/fhir/1.0/StructureDefinition/extension-ConceptMap.element.target.equivalence"><valueCode value="narrower"/></modifierExtension><code value="64262003"/><display value="Structure of right forearm"/><equivalence value="narrower"/><comment value="Laterality Right"/></target></element><element><code value="4688686"/><display value="NECK"/><target><modifierExtension url="http://hl7.org/fhir/1.0/StructureDefinition/extension-ConceptMap.element.target.equivalence"><valueCode value="equal"/></modifierExtension><code value="45048000"/><display value="Neck structure"/><equivalence value="equal"/></target></element><element><code value="4500642"/><display value="ORAL"/><target><modifierExtension url="http://hl7.org/fhir/1.0/StructureDefinition/extension-ConceptMap.element.target.equivalence"><valueCode value="equal"/></modifierExtension><code value="123851003"/><display value="Mouth region structure"/><equivalence value="equal"/></target></element><element><code value="4688672"/><display value="PERIPHERAL"/><target><modifierExtension url="http://hl7.org/fhir/1.0/StructureDefinition/extension-ConceptMap.element.target.equivalence"><valueCode value="equal"/></modifierExtension><code value="54718008"/><display value="OE, not body structure"/><equivalence value="equal"/></target></element><element><code value="4688673"/><display value="POPLITEAL"/><target><modifierExtension url="http://hl7.org/fhir/1.0/StructureDefinition/extension-ConceptMap.element.target.equivalence"><valueCode value="equal"/></modifierExtension><code value="43899006"/><display value="Structure of popliteal artery"/><equivalence value="equal"/><comment value="No laterality"/></target><target><modifierExtension url="http://hl7.org/fhir/1.0/StructureDefinition/extension-ConceptMap.element.target.equivalence"><valueCode value="narrower"/></modifierExtension><code value="25885001"/><display value="Left popliteal artery structure"/><equivalence value="narrower"/><comment value="Laterality Left"/></target><target><modifierExtension url="http://hl7.org/fhir/1.0/StructureDefinition/extension-ConceptMap.element.target.equivalence"><valueCode value="narrower"/></modifierExtension><code value="57832007"/><display value="Structure of right popliteal artery"/><equivalence value="narrower"/><comment value="Laterality Right"/></target></element><element><code value="4688675"/><display value="POSTERIOR TIBIAL"/><target><modifierExtension url="http://hl7.org/fhir/1.0/StructureDefinition/extension-ConceptMap.element.target.equivalence"><valueCode value="equal"/></modifierExtension><code value="13363002"/><display value="Structure of posterior tibial artery"/><equivalence value="equal"/><comment value="No laterality"/></target><target><modifierExtension url="http://hl7.org/fhir/1.0/StructureDefinition/extension-ConceptMap.element.target.equivalence"><valueCode value="equal"/></modifierExtension><code value="214912001"/><display value="Structure of left posterior tibial artery"/><equivalence value="equal"/><comment value="Laterality Left"/></target><target><modifierExtension url="http://hl7.org/fhir/1.0/StructureDefinition/extension-ConceptMap.element.target.equivalence"><valueCode value="equal"/></modifierExtension><code value="214811007"/><display value="Structure of right posterior tibial artery"/><equivalence value="equal"/><comment value="Laterality Right"/></target></element><element><code value="4688676"/><display value="R ARM (RIGHT ARM)"/><target><modifierExtension url="http://hl7.org/fhir/1.0/StructureDefinition/extension-ConceptMap.element.target.equivalence"><valueCode value="equal"/></modifierExtension><code value="6921000"/><display value="Structure of right upper limb"/><equivalence value="equal"/></target></element><element><code value="4688677"/><display value="R LEG (RIGHT LEG)"/><target><modifierExtension url="http://hl7.org/fhir/1.0/StructureDefinition/extension-ConceptMap.element.target.equivalence"><valueCode value="equal"/></modifierExtension><code value="62175007"/><display value="Structure of right lower limb"/><equivalence value="equal"/></target></element><element><code value="4688678"/><display value="RADIAL"/><target><modifierExtension url="http://hl7.org/fhir/1.0/StructureDefinition/extension-ConceptMap.element.target.equivalence"><valueCode value="equal"/></modifierExtension><code value="45631007"/><display value="Structure of radial artery"/><equivalence value="equal"/><comment value="No laterality"/></target><target><modifierExtension url="http://hl7.org/fhir/1.0/StructureDefinition/extension-ConceptMap.element.target.equivalence"><valueCode value="narrower"/></modifierExtension><code value="368504007"/><display value="Structure of left radial artery"/><equivalence value="narrower"/><comment value="Laterality Left"/></target><target><modifierExtension url="http://hl7.org/fhir/1.0/StructureDefinition/extension-ConceptMap.element.target.equivalence"><valueCode value="narrower"/></modifierExtension><code value="368503001"/><display value="Structure of right radial artery"/><equivalence value="narrower"/><comment value="Laterality Right"/></target></element><element><code value="4688679"/><display value="RECTAL"/><target><modifierExtension url="http://hl7.org/fhir/1.0/StructureDefinition/extension-ConceptMap.element.target.equivalence"><valueCode value="equal"/></modifierExtension><code value="34402009"/><display value="Rectum structure"/><equivalence value="equal"/></target></element><element><code value="4688704"/><display value="SKIN"/><target><modifierExtension url="http://hl7.org/fhir/1.0/StructureDefinition/extension-ConceptMap.element.target.equivalence"><valueCode value="equal"/></modifierExtension><code value="39937001"/><display value="Skin structure"/><equivalence value="equal"/></target></element><element><code value="4537028"/><display value="TEMPORAL"/><target><modifierExtension url="http://hl7.org/fhir/1.0/StructureDefinition/extension-ConceptMap.element.target.equivalence"><valueCode value="equal"/></modifierExtension><code value="450721000"/><display value="Structure of temporal region"/><equivalence value="equal"/><comment value="Laterality not modeled in SNOMED CT"/></target></element><element><code value="4688708"/><display value="THIGH"/><target><modifierExtension url="http://hl7.org/fhir/1.0/StructureDefinition/extension-ConceptMap.element.target.equivalence"><valueCode value="equal"/></modifierExtension><code value="68367000"/><display value="Thigh structure"/><equivalence value="equal"/><comment value="No laterality"/></target><target><modifierExtension url="http://hl7.org/fhir/1.0/StructureDefinition/extension-ConceptMap.element.target.equivalence"><valueCode value="narrower"/></modifierExtension><code value="61396006"/><display value="Structure of left thigh"/><equivalence value="narrower"/><comment value="Laterality Left"/></target><target><modifierExtension url="http://hl7.org/fhir/1.0/StructureDefinition/extension-ConceptMap.element.target.equivalence"><valueCode value="narrower"/></modifierExtension><code value="11207009"/><display value="Structure of right thigh"/><equivalence value="narrower"/><comment value="Laterality Right"/></target></element><element><code value="4688712"/><display value="TYMPANIC"/><target><modifierExtension url="http://hl7.org/fhir/1.0/StructureDefinition/extension-ConceptMap.element.target.equivalence"><valueCode value="equal"/></modifierExtension><code value="42859004"/><display value="Tympanic membrane structure"/><equivalence value="equal"/><comment value="No laterality"/></target><target><modifierExtension url="http://hl7.org/fhir/1.0/StructureDefinition/extension-ConceptMap.element.target.equivalence"><valueCode value="narrower"/></modifierExtension><code value="726562006"/><display value="Structure of left tympanic membrane"/><equivalence value="narrower"/><comment value="Laterality Left"/></target><target><modifierExtension url="http://hl7.org/fhir/1.0/StructureDefinition/extension-ConceptMap.element.target.equivalence"><valueCode value="narrower"/></modifierExtension><code value="726563001"/><display value="Structure of right tympanic membrane"/><equivalence value="narrower"/><comment value="Laterality Right"/></target></element><element><code value="4688713"/><display value="ULNAR"/><target><modifierExtension url="http://hl7.org/fhir/1.0/StructureDefinition/extension-ConceptMap.element.target.equivalence"><valueCode value="equal"/></modifierExtension><code value="44984001"/><display value="Structure of ulnar artery"/><equivalence value="equal"/><comment value="No laterality"/></target><target><modifierExtension url="http://hl7.org/fhir/1.0/StructureDefinition/extension-ConceptMap.element.target.equivalence"><valueCode value="narrower"/></modifierExtension><code value="368506009"/><display value="Structure of left ulnar artery"/><equivalence value="narrower"/><comment value="Laterality Left"/></target><target><modifierExtension url="http://hl7.org/fhir/1.0/StructureDefinition/extension-ConceptMap.element.target.equivalence"><valueCode value="narrower"/></modifierExtension><code value="368505008"/><display value="Structure of right ulnar artery"/><equivalence value="narrower"/><comment value="Laterality Right"/></target></element><element><code value="4688714"/><display value="UPPER ARM"/><target><modifierExtension url="http://hl7.org/fhir/1.0/StructureDefinition/extension-ConceptMap.element.target.equivalence"><valueCode value="equal"/></modifierExtension><code value="40983000"/><display value="Structure of upper extremity between shoulder and elbow"/><equivalence value="equal"/><comment value="No laterality"/></target><target><modifierExtension url="http://hl7.org/fhir/1.0/StructureDefinition/extension-ConceptMap.element.target.equivalence"><valueCode value="narrower"/></modifierExtension><code value="368208006"/><display value="Left upper arm structure"/><equivalence value="narrower"/><comment value="Laterality Left"/></target><target><modifierExtension url="http://hl7.org/fhir/1.0/StructureDefinition/extension-ConceptMap.element.target.equivalence"><valueCode value="narrower"/></modifierExtension><code value="368209003"/><display value="Right upper arm structure"/><equivalence value="narrower"/><comment value="Laterality Right"/></target></element><element><code value="4688717"/><display value="WRIST"/><target><modifierExtension url="http://hl7.org/fhir/1.0/StructureDefinition/extension-ConceptMap.element.target.equivalence"><valueCode value="equal"/></modifierExtension><code value="8205005"/><display value="Wrist region structure"/><equivalence value="equal"/><comment value="No laterality"/></target><target><modifierExtension url="http://hl7.org/fhir/1.0/StructureDefinition/extension-ConceptMap.element.target.equivalence"><valueCode value="narrower"/></modifierExtension><code value="5951000"/><display value="Structure of left wrist region"/><equivalence value="narrower"/><comment value="Laterality Left"/></target><target><modifierExtension url="http://hl7.org/fhir/1.0/StructureDefinition/extension-ConceptMap.element.target.equivalence"><valueCode value="narrower"/></modifierExtension><code value="9736006"/><display value="Structure of right wrist region"/><equivalence value="narrower"/><comment value="Laterality Right"/></target></element></group></ConceptMap>