<?xml version="1.0" encoding="UTF-8"?><ConceptMap xmlns="http://hl7.org/fhir"><id value="ObservationTypeTOVsLoincCode"/><text><status value="extensions"/><div xmlns="http://www.w3.org/1999/xhtml"><p>Mapping from (not specified) to (not specified)</p><p>ACTIVE. Published on 2023-03-29 by John Moehrke (himself) (John Moehrke (himself): <a href="http://healthcaresecprivacy.blogspot.com">http://healthcaresecprivacy.bl...</a>, <a href="mailto:JohnMoehrke@gmail.com">JohnMoehrke@gmail.com</a>, John Moehrke (himself): <a href="mailto:JohnMoehrke@gmail.com">JohnMoehrke@gmail.com</a>). </p><div><p>Map between VitalSignTO.type(ObservationTypeTO.name) string and LOINC code.</p>
</div><br/><p><b>Group 1</b>Mapping from <code>http://service.via.med.va.gov/ObservationTypeTO</code> to <a href="http://terminology.hl7.org/3.1.0/CodeSystem-v3-loinc.html">Logical Observation Identifiers, Names and Codes (LOINC)</a></p><table class="grid"><tr><td><b>Source Code</b></td><td><b>Relationship</b></td><td><b>Target Code</b></td><td><b>Comment</b></td></tr><tr><td>ABDMONAL GIRTH</td><td><a href="http://hl7.org/fhir/R4/codesystem-concept-map-equivalence.html#equivalent" title="equivalent">is equivalent to</a></td><td>LP31969-6 (Abdominal circumference)</td><td>seems like possible match</td></tr><tr><td>AUDIOMETRY</td><td><a href="http://hl7.org/fhir/R4/codesystem-concept-map-equivalence.html#wider" title="wider">maps to wider concept</a></td><td>89015-2 (Pure tone threshold audiometry panel)</td><td>seems like possible match</td></tr><tr><td>BLOOD PRESSURE</td><td><a href="http://hl7.org/fhir/R4/codesystem-concept-map-equivalence.html#equal" title="equal">is equal to</a></td><td>85354-9 (Blood pressure panel with all children optional)</td><td/></tr><tr><td>TEMPERATURE</td><td><a href="http://hl7.org/fhir/R4/codesystem-concept-map-equivalence.html#equal" title="equal">is equal to</a></td><td>8310-5 (Body temperature)</td><td/></tr><tr><td>CENTRAL VENOUS PRESSURE</td><td><a href="http://hl7.org/fhir/R4/codesystem-concept-map-equivalence.html#equivalent" title="equivalent">is equivalent to</a></td><td>8591-0 (Central venous pressure (CVP) Mean)</td><td>seems like possible match</td></tr><tr><td>CIRCUMFERENCE%2FGIRTH</td><td><a href="http://hl7.org/fhir/R4/codesystem-concept-map-equivalence.html#equivalent" title="equivalent">is equivalent to</a></td><td>56086-2 (Adult Waist Circumference Protocol)</td><td>seems like possible match</td></tr><tr><td>FETAL HEART TONES</td><td><a href="http://hl7.org/fhir/R4/codesystem-concept-map-equivalence.html#inexact" title="inexact">maps loosely to</a></td><td>55283-6 (Fetal Heart rate)</td><td>Not likely correct as tones vs rate</td></tr><tr><td>FUNDAL HEIGHT</td><td><a href="http://hl7.org/fhir/R4/codesystem-concept-map-equivalence.html#equal" title="equal">is equal to</a></td><td>11881-0 (Uterus Fundal height Tape measure)</td><td/></tr><tr><td>HEADCIRCUMFERENCE</td><td><a href="http://hl7.org/fhir/R4/codesystem-concept-map-equivalence.html#equal" title="equal">is equal to</a></td><td>9843-4 (Head Occipital-frontal circumference)</td><td/></tr><tr><td>HEARING</td><td><a href="http://hl7.org/fhir/R4/codesystem-concept-map-equivalence.html#inexact" title="inexact">maps loosely to</a></td><td>58232-0 (Hearing loss risk indicators [Identifier])</td><td>Not clear if this is Hearing Loss</td></tr><tr><td>HEIGHT</td><td><a href="http://hl7.org/fhir/R4/codesystem-concept-map-equivalence.html#equal" title="equal">is equal to</a></td><td>8302-2 (Body height)</td><td/></tr><tr><td>PAIN</td><td><a href="http://hl7.org/fhir/R4/codesystem-concept-map-equivalence.html#equal" title="equal">is equal to</a></td><td>72514-3 (Pain severity - 0-10 verbal numeric rating [Score] - Reported)</td><td/></tr><tr><td>PULSE OXIMETRY</td><td><a href="http://hl7.org/fhir/R4/codesystem-concept-map-equivalence.html#equal" title="equal">is equal to</a></td><td>2708-6 (Oxygen saturation in Arterial blood)</td><td/></tr><tr><td>PULSE</td><td><a href="http://hl7.org/fhir/R4/codesystem-concept-map-equivalence.html#equal" title="equal">is equal to</a></td><td>8867-4 (Heart rate)</td><td/></tr><tr><td>RESPIRATION</td><td><a href="http://hl7.org/fhir/R4/codesystem-concept-map-equivalence.html#equal" title="equal">is equal to</a></td><td>9279-1 (Respiratory Rate)</td><td/></tr><tr><td>TONOMETRY</td><td><a href="http://hl7.org/fhir/R4/codesystem-concept-map-equivalence.html#equivalent" title="equivalent">is equivalent to</a></td><td>LP76227-5 (Tonometry)</td><td>seems like possible match</td></tr><tr><td>VISION CORRECTED</td><td colspan="3" style="background-color: #efefef">(not mapped)</td></tr><tr><td>VISION UNCORRECTED</td><td colspan="3" style="background-color: #efefef">(not mapped)</td></tr><tr><td>WEIGHT</td><td><a href="http://hl7.org/fhir/R4/codesystem-concept-map-equivalence.html#equal" title="equal">is equal to</a></td><td>29463-7 (Body weight)</td><td/></tr></table></div></text><extension url="http://hl7.org/fhir/StructureDefinition/structuredefinition-fmm"><valueInteger value="0"><extension url="http://hl7.org/fhir/StructureDefinition/structuredefinition-conformance-derivedFrom"><valueCanonical value="https://johnmoehrke.github.io/MHV-PHR/ImplementationGuide/va.mhv.phr.example"/></extension></valueInteger></extension><extension url="http://hl7.org/fhir/StructureDefinition/structuredefinition-standards-status"><valueCode value="trial-use"><extension url="http://hl7.org/fhir/StructureDefinition/structuredefinition-conformance-derivedFrom"><valueCanonical value="https://johnmoehrke.github.io/MHV-PHR/ImplementationGuide/va.mhv.phr.example"/></extension></valueCode></extension><url value="https://johnmoehrke.github.io/MHV-PHR/ConceptMap/ObservationTypeTOVsLoincCode"/><version value="0.1.15-beta"/><name value="ObservationTypeTOVsLoincCode"/><title value="Vital Sign ObservationTypeTO.name to Loinc Code"/><status value="active"/><experimental value="false"/><date value="2023-03-29"/><publisher value="John Moehrke (himself)"/><contact><name value="John Moehrke (himself)"/><telecom><system value="url"/><value value="http://healthcaresecprivacy.blogspot.com"/></telecom><telecom><system value="email"/><value value="JohnMoehrke@gmail.com"/></telecom></contact><contact><name value="John Moehrke (himself)"/><telecom><system value="email"/><value value="JohnMoehrke@gmail.com"/></telecom></contact><description value="Map between VitalSignTO.type(ObservationTypeTO.name) string and LOINC code."/><jurisdiction><coding><system value="urn:iso:std:iso:3166"/><code value="US"/></coding></jurisdiction><purpose value="To be able to use proper LOINC code in the FHIR Observation"/><group><source value="http://service.via.med.va.gov/ObservationTypeTO"/><target value="http://loinc.org"/><element><code value="ABDMONAL GIRTH"/><target><code value="LP31969-6"/><display value="Abdominal circumference"/><equivalence value="equivalent"/><comment value="seems like possible match"/></target></element><element><code value="AUDIOMETRY"/><target><code value="89015-2"/><display value="Pure tone threshold audiometry panel"/><equivalence value="wider"/><comment value="seems like possible match"/></target></element><element><code value="BLOOD PRESSURE"/><target><code value="85354-9"/><display value="Blood pressure panel with all children optional"/><equivalence value="equal"/></target></element><element><code value="TEMPERATURE"/><target><code value="8310-5"/><display value="Body temperature"/><equivalence value="equal"/></target></element><element><code value="CENTRAL VENOUS PRESSURE"/><target><code value="8591-0"/><display value="Central venous pressure (CVP) Mean"/><equivalence value="equivalent"/><comment value="seems like possible match"/></target></element><element><code value="CIRCUMFERENCE%2FGIRTH"/><target><code value="56086-2"/><display value="Adult Waist Circumference Protocol"/><equivalence value="equivalent"/><comment value="seems like possible match"/></target></element><element><code value="FETAL HEART TONES"/><target><code value="55283-6"/><display value="Fetal Heart rate"/><equivalence value="inexact"/><comment value="Not likely correct as tones vs rate"/></target></element><element><code value="FUNDAL HEIGHT"/><target><code value="11881-0"/><display value="Uterus Fundal height Tape measure"/><equivalence value="equal"/></target></element><element><code value="HEADCIRCUMFERENCE"/><target><code value="9843-4"/><display value="Head Occipital-frontal circumference"/><equivalence value="equal"/></target></element><element><code value="HEARING"/><target><code value="58232-0"/><display value="Hearing loss risk indicators [Identifier]"/><equivalence value="inexact"/><comment value="Not clear if this is Hearing Loss"/></target></element><element><code value="HEIGHT"/><target><code value="8302-2"/><display value="Body height"/><equivalence value="equal"/></target></element><element><code value="PAIN"/><target><code value="72514-3"/><display value="Pain severity - 0-10 verbal numeric rating [Score] - Reported"/><equivalence value="equal"/></target></element><element><code value="PULSE OXIMETRY"/><target><code value="2708-6"/><display value="Oxygen saturation in Arterial blood"/><equivalence value="equal"/></target></element><element><code value="PULSE"/><target><code value="8867-4"/><display value="Heart rate"/><equivalence value="equal"/></target></element><element><code value="RESPIRATION"/><target><code value="9279-1"/><display value="Respiratory Rate"/><equivalence value="equal"/></target></element><element><code value="TONOMETRY"/><target><code value="LP76227-5"/><display value="Tonometry"/><equivalence value="equivalent"/><comment value="seems like possible match"/></target></element><element><code value="VISION CORRECTED"/><target><equivalence value="unmatched"/></target></element><element><code value="VISION UNCORRECTED"/><target><equivalence value="unmatched"/></target></element><element><code value="WEIGHT"/><target><code value="29463-7"/><display value="Body weight"/><equivalence value="equal"/></target></element></group></ConceptMap>