<?xml version="1.0" encoding="UTF-8"?><ImplementationGuide xmlns="http://hl7.org/fhir"><id value="va.mhv.phr.example"/><text><status value="extensions"/><div xmlns="http://www.w3.org/1999/xhtml"><h2>MHVPHR</h2><p>The official URL for this implementation guide is: </p><pre>https://johnmoehrke.github.io/MHV-PHR/ImplementationGuide/va.mhv.phr.example</pre><div><p>MyHealtheVet exposing PHR using FHIR and Testing Plan.</p>
</div></div></text><extension url="http://hl7.org/fhir/StructureDefinition/structuredefinition-standards-status"><valueCode value="trial-use"/></extension><extension url="http://hl7.org/fhir/StructureDefinition/structuredefinition-fmm"><valueInteger value="0"/></extension><url value="https://johnmoehrke.github.io/MHV-PHR/ImplementationGuide/va.mhv.phr.example"/><version value="0.1.0-beta"/><name value="MHVPHR"/><title value="MyHealtheVet PHR FHIR API"/><status value="active"/><date value="2022-12-23T08:33:50-06:00"/><publisher value="John Moehrke (himself)"/><contact><name value="John Moehrke (himself)"/><telecom><system value="url"/><value value="http://healthcaresecprivacy.blogspot.com"/></telecom><telecom><system value="email"/><value value="JohnMoehrke@gmail.com"/></telecom></contact><contact><name value="John Moehrke (himself)"/><telecom><system value="email"/><value value="JohnMoehrke@gmail.com"/></telecom></contact><description value="MyHealtheVet exposing PHR using FHIR and Testing Plan."/><jurisdiction><coding><system value="urn:iso:std:iso:3166"/><code value="US"/></coding></jurisdiction><packageId value="va.mhv.phr.example"/><license value="CC-BY-4.0"/><fhirVersion value="4.0.1"/><dependsOn id="hl7tx"><extension url="http://hl7.org/fhir/tools/StructureDefinition/implementationguide-dependency-comment"><valueMarkdown value="Automatically added as a dependency - all IGs depend on HL7 Terminology"/></extension><uri value="http://terminology.hl7.org/ImplementationGuide/hl7.terminology"/><packageId value="hl7.terminology.r4"/><version value="5.0.0"/></dependsOn><dependsOn id="hl7_fhir_us_core"><uri value="http://hl7.org/fhir/us/core/ImplementationGuide/hl7.fhir.us.core"/><packageId value="hl7.fhir.us.core"/><version value="5.0.1"/></dependsOn><definition><extension url="http://hl7.org/fhir/tools/StructureDefinition/ig-parameter"><extension url="code"><valueString value="copyrightyear"/></extension><extension url="value"><valueString value="2022+"/></extension></extension><extension url="http://hl7.org/fhir/tools/StructureDefinition/ig-parameter"><extension url="code"><valueString value="releaselabel"/></extension><extension url="value"><valueString value="ci-build"/></extension></extension><extension url="http://hl7.org/fhir/tools/StructureDefinition/ig-parameter"><extension url="code"><valueString value="show-inherited-invariants"/></extension><extension url="value"><valueString value="false"/></extension></extension><extension url="http://hl7.org/fhir/tools/StructureDefinition/ig-parameter"><extension url="code"><valueString value="usage-stats-opt-out"/></extension><extension url="value"><valueString value="false"/></extension></extension><extension url="http://hl7.org/fhir/tools/StructureDefinition/ig-parameter"><extension url="code"><valueString value="logging"/></extension><extension url="value"><valueString value="progress"/></extension></extension><extension url="http://hl7.org/fhir/tools/StructureDefinition/ig-parameter"><extension url="code"><valueString value="shownav"/></extension><extension url="value"><valueString value="true"/></extension></extension><extension url="http://hl7.org/fhir/tools/StructureDefinition/ig-parameter"><extension url="code"><valueString value="active-tables"/></extension><extension url="value"><valueString value="false"/></extension></extension><extension url="http://hl7.org/fhir/tools/StructureDefinition/ig-parameter"><extension url="code"><valueString value="apply-contact"/></extension><extension url="value"><valueString value="true"/></extension></extension><extension url="http://hl7.org/fhir/tools/StructureDefinition/ig-parameter"><extension url="code"><valueString value="apply-jurisdiction"/></extension><extension url="value"><valueString value="true"/></extension></extension><extension url="http://hl7.org/fhir/tools/StructureDefinition/ig-parameter"><extension url="code"><valueString value="apply-publisher"/></extension><extension url="value"><valueString value="true"/></extension></extension><extension url="http://hl7.org/fhir/tools/StructureDefinition/ig-parameter"><extension url="code"><valueString value="apply-version"/></extension><extension url="value"><valueString value="true"/></extension></extension><extension url="http://hl7.org/fhir/tools/StructureDefinition/ig-parameter"><extension url="code"><valueString value="autoload-resources"/></extension><extension url="value"><valueString value="true"/></extension></extension><extension url="http://hl7.org/fhir/tools/StructureDefinition/ig-parameter"><extension url="code"><valueString value="path-output"/></extension><extension url="value"><valueString value="docs"/></extension></extension><extension url="http://hl7.org/fhir/tools/StructureDefinition/ig-parameter"><extension url="code"><valueString value="path-liquid"/></extension><extension url="value"><valueString value="template/liquid"/></extension></extension><extension url="http://hl7.org/fhir/tools/StructureDefinition/ig-parameter"><extension url="code"><valueString value="path-liquid"/></extension><extension url="value"><valueString value="input/liquid"/></extension></extension><extension url="http://hl7.org/fhir/tools/StructureDefinition/ig-parameter"><extension url="code"><valueString value="path-qa"/></extension><extension url="value"><valueString value="temp/qa"/></extension></extension><extension url="http://hl7.org/fhir/tools/StructureDefinition/ig-parameter"><extension url="code"><valueString value="path-temp"/></extension><extension url="value"><valueString value="temp/pages"/></extension></extension><extension url="http://hl7.org/fhir/tools/StructureDefinition/ig-parameter"><extension url="code"><valueString value="path-suppressed-warnings"/></extension><extension url="value"><valueString value="input/ignoreWarnings.txt"/></extension></extension><extension url="http://hl7.org/fhir/tools/StructureDefinition/ig-parameter"><extension url="code"><valueString value="path-history"/></extension><extension url="value"><valueString value="https://johnmoehrke.github.io/MHV-PHR/history.html"/></extension></extension><extension url="http://hl7.org/fhir/tools/StructureDefinition/ig-parameter"><extension url="code"><valueString value="template-html"/></extension><extension url="value"><valueString value="template-page.html"/></extension></extension><extension url="http://hl7.org/fhir/tools/StructureDefinition/ig-parameter"><extension url="code"><valueString value="template-md"/></extension><extension url="value"><valueString value="template-page-md.html"/></extension></extension><extension url="http://hl7.org/fhir/tools/StructureDefinition/ig-parameter"><extension url="code"><valueString value="apply-context"/></extension><extension url="value"><valueString value="true"/></extension></extension><extension url="http://hl7.org/fhir/tools/StructureDefinition/ig-parameter"><extension url="code"><valueString value="apply-copyright"/></extension><extension url="value"><valueString value="true"/></extension></extension><extension url="http://hl7.org/fhir/tools/StructureDefinition/ig-parameter"><extension url="code"><valueString value="apply-license"/></extension><extension url="value"><valueString value="true"/></extension></extension><extension url="http://hl7.org/fhir/tools/StructureDefinition/ig-parameter"><extension url="code"><valueString value="fmm-definition"/></extension><extension url="value"><valueString value="http://hl7.org/fhir/versions.html#maturity"/></extension></extension><extension url="http://hl7.org/fhir/tools/StructureDefinition/ig-parameter"><extension url="code"><valueString value="propagate-status"/></extension><extension url="value"><valueString value="true"/></extension></extension><extension url="http://hl7.org/fhir/tools/StructureDefinition/ig-parameter"><extension url="code"><valueString value="excludelogbinaryformat"/></extension><extension url="value"><valueString value="true"/></extension></extension><extension url="http://hl7.org/fhir/tools/StructureDefinition/ig-parameter"><extension url="code"><valueString value="tabbed-snapshots"/></extension><extension url="value"><valueString value="true"/></extension></extension><extension url="http://hl7.org/fhir/tools/StructureDefinition/ig-parameter"><extension url="code"><valueString value="copyrightyear"/></extension><extension url="value"><valueString value="2022+"/></extension></extension><extension url="http://hl7.org/fhir/tools/StructureDefinition/ig-parameter"><extension url="code"><valueString value="releaselabel"/></extension><extension url="value"><valueString value="ci-build"/></extension></extension><extension url="http://hl7.org/fhir/tools/StructureDefinition/ig-parameter"><extension url="code"><valueString value="show-inherited-invariants"/></extension><extension url="value"><valueString value="false"/></extension></extension><extension url="http://hl7.org/fhir/tools/StructureDefinition/ig-parameter"><extension url="code"><valueString value="usage-stats-opt-out"/></extension><extension url="value"><valueString value="false"/></extension></extension><extension url="http://hl7.org/fhir/tools/StructureDefinition/ig-parameter"><extension url="code"><valueString value="logging"/></extension><extension url="value"><valueString value="progress"/></extension></extension><extension url="http://hl7.org/fhir/tools/StructureDefinition/ig-parameter"><extension url="code"><valueString value="shownav"/></extension><extension url="value"><valueString value="true"/></extension></extension><extension url="http://hl7.org/fhir/tools/StructureDefinition/ig-parameter"><extension url="code"><valueString value="active-tables"/></extension><extension url="value"><valueString value="false"/></extension></extension><extension url="http://hl7.org/fhir/tools/StructureDefinition/ig-parameter"><extension url="code"><valueString value="apply-contact"/></extension><extension url="value"><valueString value="true"/></extension></extension><extension url="http://hl7.org/fhir/tools/StructureDefinition/ig-parameter"><extension url="code"><valueString value="apply-jurisdiction"/></extension><extension url="value"><valueString value="true"/></extension></extension><extension url="http://hl7.org/fhir/tools/StructureDefinition/ig-parameter"><extension url="code"><valueString value="apply-publisher"/></extension><extension url="value"><valueString value="true"/></extension></extension><extension url="http://hl7.org/fhir/tools/StructureDefinition/ig-parameter"><extension url="code"><valueString value="apply-version"/></extension><extension url="value"><valueString value="true"/></extension></extension><extension url="http://hl7.org/fhir/tools/StructureDefinition/ig-parameter"><extension url="code"><valueString value="autoload-resources"/></extension><extension url="value"><valueString value="true"/></extension></extension><extension url="http://hl7.org/fhir/tools/StructureDefinition/ig-parameter"><extension url="code"><valueString value="path-output"/></extension><extension url="value"><valueString value="docs"/></extension></extension><extension url="http://hl7.org/fhir/tools/StructureDefinition/ig-parameter"><extension url="code"><valueString value="path-liquid"/></extension><extension url="value"><valueString value="template/liquid"/></extension></extension><extension url="http://hl7.org/fhir/tools/StructureDefinition/ig-parameter"><extension url="code"><valueString value="path-liquid"/></extension><extension url="value"><valueString value="input/liquid"/></extension></extension><extension url="http://hl7.org/fhir/tools/StructureDefinition/ig-parameter"><extension url="code"><valueString value="path-qa"/></extension><extension url="value"><valueString value="temp/qa"/></extension></extension><extension url="http://hl7.org/fhir/tools/StructureDefinition/ig-parameter"><extension url="code"><valueString value="path-temp"/></extension><extension url="value"><valueString value="temp/pages"/></extension></extension><extension url="http://hl7.org/fhir/tools/StructureDefinition/ig-parameter"><extension url="code"><valueString value="path-suppressed-warnings"/></extension><extension url="value"><valueString value="input/ignoreWarnings.txt"/></extension></extension><extension url="http://hl7.org/fhir/tools/StructureDefinition/ig-parameter"><extension url="code"><valueString value="path-history"/></extension><extension url="value"><valueString value="https://johnmoehrke.github.io/MHV-PHR/history.html"/></extension></extension><extension url="http://hl7.org/fhir/tools/StructureDefinition/ig-parameter"><extension url="code"><valueString value="template-html"/></extension><extension url="value"><valueString value="template-page.html"/></extension></extension><extension url="http://hl7.org/fhir/tools/StructureDefinition/ig-parameter"><extension url="code"><valueString value="template-md"/></extension><extension url="value"><valueString value="template-page-md.html"/></extension></extension><extension url="http://hl7.org/fhir/tools/StructureDefinition/ig-parameter"><extension url="code"><valueString value="apply-context"/></extension><extension url="value"><valueString value="true"/></extension></extension><extension url="http://hl7.org/fhir/tools/StructureDefinition/ig-parameter"><extension url="code"><valueString value="apply-copyright"/></extension><extension url="value"><valueString value="true"/></extension></extension><extension url="http://hl7.org/fhir/tools/StructureDefinition/ig-parameter"><extension url="code"><valueString value="apply-license"/></extension><extension url="value"><valueString value="true"/></extension></extension><extension url="http://hl7.org/fhir/tools/StructureDefinition/ig-parameter"><extension url="code"><valueString value="fmm-definition"/></extension><extension url="value"><valueString value="http://hl7.org/fhir/versions.html#maturity"/></extension></extension><extension url="http://hl7.org/fhir/tools/StructureDefinition/ig-parameter"><extension url="code"><valueString value="propagate-status"/></extension><extension url="value"><valueString value="true"/></extension></extension><extension url="http://hl7.org/fhir/tools/StructureDefinition/ig-parameter"><extension url="code"><valueString value="excludelogbinaryformat"/></extension><extension url="value"><valueString value="true"/></extension></extension><extension url="http://hl7.org/fhir/tools/StructureDefinition/ig-parameter"><extension url="code"><valueString value="tabbed-snapshots"/></extension><extension url="value"><valueString value="true"/></extension></extension><extension url="http://hl7.org/fhir/tools/StructureDefinition/ig-parameter"><extension url="code"><valueString value="copyrightyear"/></extension><extension url="value"><valueString value="2022+"/></extension></extension><extension url="http://hl7.org/fhir/tools/StructureDefinition/ig-parameter"><extension url="code"><valueString value="releaselabel"/></extension><extension url="value"><valueString value="ci-build"/></extension></extension><extension url="http://hl7.org/fhir/tools/StructureDefinition/ig-parameter"><extension url="code"><valueString value="show-inherited-invariants"/></extension><extension url="value"><valueString value="false"/></extension></extension><extension url="http://hl7.org/fhir/tools/StructureDefinition/ig-parameter"><extension url="code"><valueString value="usage-stats-opt-out"/></extension><extension url="value"><valueString value="false"/></extension></extension><extension url="http://hl7.org/fhir/tools/StructureDefinition/ig-parameter"><extension url="code"><valueString value="logging"/></extension><extension url="value"><valueString value="progress"/></extension></extension><extension url="http://hl7.org/fhir/tools/StructureDefinition/ig-parameter"><extension url="code"><valueString value="shownav"/></extension><extension url="value"><valueString value="true"/></extension></extension><extension url="http://hl7.org/fhir/tools/StructureDefinition/ig-parameter"><extension url="code"><valueString value="active-tables"/></extension><extension url="value"><valueString value="false"/></extension></extension><extension url="http://hl7.org/fhir/tools/StructureDefinition/ig-parameter"><extension url="code"><valueString value="apply-contact"/></extension><extension url="value"><valueString value="true"/></extension></extension><extension url="http://hl7.org/fhir/tools/StructureDefinition/ig-parameter"><extension url="code"><valueString value="apply-jurisdiction"/></extension><extension url="value"><valueString value="true"/></extension></extension><extension url="http://hl7.org/fhir/tools/StructureDefinition/ig-parameter"><extension url="code"><valueString value="apply-publisher"/></extension><extension url="value"><valueString value="true"/></extension></extension><extension url="http://hl7.org/fhir/tools/StructureDefinition/ig-parameter"><extension url="code"><valueString value="apply-version"/></extension><extension url="value"><valueString value="true"/></extension></extension><extension url="http://hl7.org/fhir/tools/StructureDefinition/ig-parameter"><extension url="code"><valueString value="autoload-resources"/></extension><extension url="value"><valueString value="true"/></extension></extension><extension url="http://hl7.org/fhir/tools/StructureDefinition/ig-parameter"><extension url="code"><valueString value="path-output"/></extension><extension url="value"><valueString value="docs"/></extension></extension><extension url="http://hl7.org/fhir/tools/StructureDefinition/ig-parameter"><extension url="code"><valueString value="path-liquid"/></extension><extension url="value"><valueString value="template/liquid"/></extension></extension><extension url="http://hl7.org/fhir/tools/StructureDefinition/ig-parameter"><extension url="code"><valueString value="path-liquid"/></extension><extension url="value"><valueString value="input/liquid"/></extension></extension><extension url="http://hl7.org/fhir/tools/StructureDefinition/ig-parameter"><extension url="code"><valueString value="path-qa"/></extension><extension url="value"><valueString value="temp/qa"/></extension></extension><extension url="http://hl7.org/fhir/tools/StructureDefinition/ig-parameter"><extension url="code"><valueString value="path-temp"/></extension><extension url="value"><valueString value="temp/pages"/></extension></extension><extension url="http://hl7.org/fhir/tools/StructureDefinition/ig-parameter"><extension url="code"><valueString value="path-suppressed-warnings"/></extension><extension url="value"><valueString value="input/ignoreWarnings.txt"/></extension></extension><extension url="http://hl7.org/fhir/tools/StructureDefinition/ig-parameter"><extension url="code"><valueString value="path-history"/></extension><extension url="value"><valueString value="https://johnmoehrke.github.io/MHV-PHR/history.html"/></extension></extension><extension url="http://hl7.org/fhir/tools/StructureDefinition/ig-parameter"><extension url="code"><valueString value="template-html"/></extension><extension url="value"><valueString value="template-page.html"/></extension></extension><extension url="http://hl7.org/fhir/tools/StructureDefinition/ig-parameter"><extension url="code"><valueString value="template-md"/></extension><extension url="value"><valueString value="template-page-md.html"/></extension></extension><extension url="http://hl7.org/fhir/tools/StructureDefinition/ig-parameter"><extension url="code"><valueString value="apply-context"/></extension><extension url="value"><valueString value="true"/></extension></extension><extension url="http://hl7.org/fhir/tools/StructureDefinition/ig-parameter"><extension url="code"><valueString value="apply-copyright"/></extension><extension url="value"><valueString value="true"/></extension></extension><extension url="http://hl7.org/fhir/tools/StructureDefinition/ig-parameter"><extension url="code"><valueString value="apply-license"/></extension><extension url="value"><valueString value="true"/></extension></extension><extension url="http://hl7.org/fhir/tools/StructureDefinition/ig-parameter"><extension url="code"><valueString value="fmm-definition"/></extension><extension url="value"><valueString value="http://hl7.org/fhir/versions.html#maturity"/></extension></extension><extension url="http://hl7.org/fhir/tools/StructureDefinition/ig-parameter"><extension url="code"><valueString value="propagate-status"/></extension><extension url="value"><valueString value="true"/></extension></extension><extension url="http://hl7.org/fhir/tools/StructureDefinition/ig-parameter"><extension url="code"><valueString value="excludelogbinaryformat"/></extension><extension url="value"><valueString value="true"/></extension></extension><extension url="http://hl7.org/fhir/tools/StructureDefinition/ig-parameter"><extension url="code"><valueString value="tabbed-snapshots"/></extension><extension url="value"><valueString value="true"/></extension></extension><grouping id="-dyn-capabilitystatement"><name value="Behavior: Capability Statements"/><description value="The following artifacts define the specific capabilities that different types of systems are expected to have in order to comply with this implementation guide.  Systems conforming to this implementation guide are expected to declare conformance to one or more of the following capability statements."/></grouping><grouping id="-str-profile"><name value="Structures: Resource Profiles"/><description value="These define constraints on FHIR resources for systems conforming to this implementation guide."/></grouping><grouping id="-ex-example"><name value="Example: Example Instances"/><description value="These are example instances that show what data produced and consumed by systems conforming with this implementation guide might look like."/></grouping><resource><extension url="http://hl7.org/fhir/StructureDefinition/implementationguide-page"><valueUri value="StructureDefinition-VA.MHV.PHR.immunization.html"/></extension><reference><reference value="StructureDefinition/VA.MHV.PHR.immunization"/></reference><name value="VA MHV PHR Immunization"/><description value="A profile on the Immunization that declares how MHV will expose PHR immunization.&#xA;&#xA;**Proposed mapping not yet approved for implementation**&#xA;&#xA;* Derived off of US-Core Immunization&#xA;  * US-Core already requires: status, vaccineCode, patient, occurance[x], primarySource&#xA;* must point at the patient&#xA;* must have status of completed &#xA;* must have identifier as cross reference to original source&#xA;* must have a code.text or code.coding from a valueset&#xA;  * code.coding may should be a CVX but we don't have such.&#xA;  * Might have a CPT code&#xA;* must have a date (occuranceDateTime) the vaccine was administered from the UI&#xA;  * will also be used for recorded date&#xA;* must be indicated this data are not official record (primarySource=false)&#xA;* any reaction is recorded as a contained observation&#xA;* may have a comment note&#xA;* once created will have an id, versionId, lastUpdated.&#xA;* Not sure if text will be populated"/><exampleBoolean value="false"/><groupingId value="-str-profile"/></resource><resource><extension url="http://hl7.org/fhir/StructureDefinition/implementationguide-page"><valueUri value="StructureDefinition-VA.MHV.PHR.lab.html"/></extension><reference><reference value="StructureDefinition/VA.MHV.PHR.lab"/></reference><name value="VA MHV PHR lab"/><description value="A profile showing how Labs will be exposed using FHIR API to MyHealtheVet PHR.&#xA;&#xA;- This profile is based on US-Core Lab&#xA;- sometimes a contained Specimen is needed&#xA;  - Specimen.identifier &lt;- LabSpecimenTO.id&#xA;  - Specimen.type.text &lt;- LabSpecimenTO.name&#xA;  - Specimen.collection.collectedDateTime &lt;- ConvertDate(LabSpecimenTO.collectionDate)&#xA;  - Specimen.accessionIdentifier &lt;- LabSpecimenTO.accessionNum"/><exampleBoolean value="false"/><groupingId value="-str-profile"/></resource><resource><extension url="http://hl7.org/fhir/StructureDefinition/implementationguide-page"><valueUri value="StructureDefinition-VA.MHV.PHR.note.html"/></extension><reference><reference value="StructureDefinition/VA.MHV.PHR.note"/></reference><name value="VA MHV PHR Notes"/><description value="A profile on the DocumentReference resource for MHV PHR exposing Notes using FHIR API.&#xA;&#xA;- based on US-Core for Clinical Notes"/><exampleBoolean value="false"/><groupingId value="-str-profile"/></resource><resource><extension url="http://hl7.org/fhir/StructureDefinition/implementationguide-page"><valueUri value="CapabilityStatement-MHVcapabilities.html"/></extension><reference><reference value="CapabilityStatement/MHVcapabilities"/></reference><name value="MHVcapabilities"/><description value="CapabilityStatement prototype for MHV as a FHIR Server exposing PHR data"/><exampleBoolean value="false"/><groupingId value="-dyn-capabilitystatement"/></resource><resource><extension url="http://hl7.org/fhir/StructureDefinition/implementationguide-page"><valueUri value="Immunization-ex-MHV-immunization-1.html"/></extension><reference><reference value="Immunization/ex-MHV-immunization-1"/></reference><name value="Example 1 of an MHV immunization"/><description value="Example from a mock ImmunizationTO"/><exampleCanonical value="https://johnmoehrke.github.io/MHV-PHR/StructureDefinition/VA.MHV.PHR.immunization"/><groupingId value="-ex-example"/></resource><resource><extension url="http://hl7.org/fhir/StructureDefinition/implementationguide-page"><valueUri value="Immunization-ex-MHV-immunization-2.html"/></extension><reference><reference value="Immunization/ex-MHV-immunization-2"/></reference><name value="Example 2 of an MHV immunization"/><description value="Example from a mock ImmunizationTO"/><exampleCanonical value="https://johnmoehrke.github.io/MHV-PHR/StructureDefinition/VA.MHV.PHR.immunization"/><groupingId value="-ex-example"/></resource><resource><extension url="http://hl7.org/fhir/StructureDefinition/implementationguide-page"><valueUri value="Observation-ex-MHV-lab-0.html"/></extension><reference><reference value="Observation/ex-MHV-lab-0"/></reference><name value="Example of an MHV lab observation"/><description value="holding typical values"/><exampleCanonical value="https://johnmoehrke.github.io/MHV-PHR/StructureDefinition/VA.MHV.PHR.lab"/><groupingId value="-ex-example"/></resource><resource><extension url="http://hl7.org/fhir/StructureDefinition/implementationguide-page"><valueUri value="DocumentReference-ex-MHV-note-0.html"/></extension><reference><reference value="DocumentReference/ex-MHV-note-0"/></reference><name value="Example 0 of a MHV Note"/><description value="Derived from the a mock NoteTO:&#xA;&#xA;TODO, not completely mapped yet"/><exampleCanonical value="https://johnmoehrke.github.io/MHV-PHR/StructureDefinition/VA.MHV.PHR.note"/><groupingId value="-ex-example"/></resource><resource><extension url="http://hl7.org/fhir/StructureDefinition/implementationguide-page"><valueUri value="Patient-ex-patient.html"/></extension><reference><reference value="Patient/ex-patient"/></reference><name value="Dummy Patient example"/><description value="Dummy patient example for completeness sake. No actual use of this resource other than an example target"/><exampleBoolean value="true"/><groupingId value="-ex-example"/></resource><resource><extension url="http://hl7.org/fhir/StructureDefinition/implementationguide-page"><valueUri value="Patient-ex-patient-1.html"/></extension><reference><reference value="Patient/ex-patient-1"/></reference><name value="Example from PatientTO"/><description value="This example is derived off of a sample PatientTO"/><exampleBoolean value="true"/><groupingId value="-ex-example"/></resource><resource><extension url="http://hl7.org/fhir/StructureDefinition/implementationguide-page"><valueUri value="Practitioner-ex-practitioner.html"/></extension><reference><reference value="Practitioner/ex-practitioner"/></reference><name value="Example Practitioner"/><description value="holding typical values"/><exampleBoolean value="true"/><groupingId value="-ex-example"/></resource><page><extension url="http://hl7.org/fhir/StructureDefinition/structuredefinition-standards-status"><valueCode value="informative"/></extension><extension url="http://hl7.org/fhir/tools/StructureDefinition/ig-page-name"><valueUrl value="toc.html"/></extension><nameUrl value="toc.html"/><title value="Table of Contents"/><generation value="html"/><page><extension url="http://hl7.org/fhir/StructureDefinition/structuredefinition-standards-status"><valueCode value="informative"/></extension><extension url="http://hl7.org/fhir/tools/StructureDefinition/ig-page-name"><valueUrl value="index.html"/></extension><nameUrl value="index.html"/><title value="Home Page"/><generation value="markdown"/></page><page><extension url="http://hl7.org/fhir/StructureDefinition/structuredefinition-standards-status"><valueCode value="informative"/></extension><extension url="http://hl7.org/fhir/tools/StructureDefinition/ig-page-name"><valueUrl value="background.html"/></extension><nameUrl value="background.html"/><title value="Background"/><generation value="markdown"/></page><page><extension url="http://hl7.org/fhir/StructureDefinition/structuredefinition-standards-status"><valueCode value="informative"/></extension><extension url="http://hl7.org/fhir/tools/StructureDefinition/ig-page-name"><valueUrl value="testplan.html"/></extension><nameUrl value="testplan.html"/><title value="Test Plan"/><generation value="markdown"/></page><page><extension url="http://hl7.org/fhir/StructureDefinition/structuredefinition-standards-status"><valueCode value="informative"/></extension><extension url="http://hl7.org/fhir/tools/StructureDefinition/ig-page-name"><valueUrl value="downloads.html"/></extension><nameUrl value="downloads.html"/><title value="Downloads"/><generation value="markdown"/></page><page><extension url="http://hl7.org/fhir/tools/StructureDefinition/ig-page-name"><valueUrl value="artifacts.html"/></extension><nameUrl value="artifacts.html"/><title value="Artifacts Summary"/><generation value="html"/><page><extension url="http://hl7.org/fhir/tools/StructureDefinition/ig-page-name"><valueUrl value="CapabilityStatement-MHVcapabilities.html"/></extension><nameUrl value="CapabilityStatement-MHVcapabilities.html"/><title value="MHVcapabilities"/><generation value="generated"/></page><page><extension url="http://hl7.org/fhir/tools/StructureDefinition/ig-page-name"><valueUrl value="StructureDefinition-VA.MHV.PHR.immunization.html"/></extension><nameUrl value="StructureDefinition-VA.MHV.PHR.immunization.html"/><title value="VA MHV PHR Immunization"/><generation value="generated"/></page><page><extension url="http://hl7.org/fhir/tools/StructureDefinition/ig-page-name"><valueUrl value="StructureDefinition-VA.MHV.PHR.lab.html"/></extension><nameUrl value="StructureDefinition-VA.MHV.PHR.lab.html"/><title value="VA MHV PHR lab"/><generation value="generated"/></page><page><extension url="http://hl7.org/fhir/tools/StructureDefinition/ig-page-name"><valueUrl value="StructureDefinition-VA.MHV.PHR.note.html"/></extension><nameUrl value="StructureDefinition-VA.MHV.PHR.note.html"/><title value="VA MHV PHR Notes"/><generation value="generated"/></page><page><extension url="http://hl7.org/fhir/tools/StructureDefinition/ig-page-name"><valueUrl value="Immunization-ex-MHV-immunization-1.html"/></extension><nameUrl value="Immunization-ex-MHV-immunization-1.html"/><title value="Example 1 of an MHV immunization"/><generation value="generated"/></page><page><extension url="http://hl7.org/fhir/tools/StructureDefinition/ig-page-name"><valueUrl value="Immunization-ex-MHV-immunization-2.html"/></extension><nameUrl value="Immunization-ex-MHV-immunization-2.html"/><title value="Example 2 of an MHV immunization"/><generation value="generated"/></page><page><extension url="http://hl7.org/fhir/tools/StructureDefinition/ig-page-name"><valueUrl value="Observation-ex-MHV-lab-0.html"/></extension><nameUrl value="Observation-ex-MHV-lab-0.html"/><title value="Example of an MHV lab observation"/><generation value="generated"/></page><page><extension url="http://hl7.org/fhir/tools/StructureDefinition/ig-page-name"><valueUrl value="DocumentReference-ex-MHV-note-0.html"/></extension><nameUrl value="DocumentReference-ex-MHV-note-0.html"/><title value="Example 0 of a MHV Note"/><generation value="generated"/></page><page><extension url="http://hl7.org/fhir/tools/StructureDefinition/ig-page-name"><valueUrl value="Patient-ex-patient.html"/></extension><nameUrl value="Patient-ex-patient.html"/><title value="Dummy Patient example"/><generation value="generated"/></page><page><extension url="http://hl7.org/fhir/tools/StructureDefinition/ig-page-name"><valueUrl value="Patient-ex-patient-1.html"/></extension><nameUrl value="Patient-ex-patient-1.html"/><title value="Example from PatientTO"/><generation value="generated"/></page><page><extension url="http://hl7.org/fhir/tools/StructureDefinition/ig-page-name"><valueUrl value="Practitioner-ex-practitioner.html"/></extension><nameUrl value="Practitioner-ex-practitioner.html"/><title value="Example Practitioner"/><generation value="generated"/></page></page></page><parameter><code value="path-resource"/><value value="fsh-generated/resources"/></parameter><parameter><code value="path-resource"/><value value="input/examples"/></parameter><parameter><code value="path-resource"/><value value="input/resources"/></parameter><parameter><code value="path-resource"/><value value="input/capabilities"/></parameter><parameter><code value="path-resource"/><value value="input/extensions"/></parameter><parameter><code value="path-resource"/><value value="input/models"/></parameter><parameter><code value="path-resource"/><value value="input/operations"/></parameter><parameter><code value="path-resource"/><value value="input/profiles"/></parameter><parameter><code value="path-resource"/><value value="input/vocabulary"/></parameter><parameter><code value="path-resource"/><value value="input/testing"/></parameter><parameter><code value="path-resource"/><value value="input/history"/></parameter><parameter><code value="path-pages"/><value value="template/config"/></parameter><parameter><code value="path-pages"/><value value="input/images"/></parameter><parameter><code value="path-tx-cache"/><value value="input-cache/txcache"/></parameter></definition></ImplementationGuide>