<?xml version="1.0" encoding="UTF-8"?><ValueSet xmlns="http://hl7.org/fhir"><id value="KindLabReportVS"/><text><status value="extensions"/><div xmlns="http://www.w3.org/1999/xhtml"><p class="res-header-id"><b>Generated Narrative: ValueSet KindLabReportVS</b></p><a name="KindLabReportVS"> </a><a name="hcKindLabReportVS"> </a><a name="KindLabReportVS-en-US"> </a><p>This value set includes codes based on the following rules:</p><ul><li>Include these codes as defined in <a href="http://terminology.hl7.org/5.0.0/CodeSystem-v2-0074.html"><code>http://terminology.hl7.org/CodeSystem/v2-0074</code></a><table class="none"><tr><td style="white-space:nowrap"><b>Code</b></td><td><b>Display</b></td><td><b>Definition</b></td></tr><tr><td><a href="http://terminology.hl7.org/5.0.0/CodeSystem-v2-0074.html#v2-0074-SP">SP</a></td><td style="color: #cccccc">Surgical Pathology</td><td>Surgical Pathology</td></tr><tr><td><a href="http://terminology.hl7.org/5.0.0/CodeSystem-v2-0074.html#v2-0074-CP">CP</a></td><td style="color: #cccccc">Cytopathology</td><td>Cytopathology</td></tr><tr><td><a href="http://terminology.hl7.org/5.0.0/CodeSystem-v2-0074.html#v2-0074-OTH">OTH</a></td><td style="color: #cccccc">Other</td><td>Other</td></tr><tr><td><a href="http://terminology.hl7.org/5.0.0/CodeSystem-v2-0074.html#v2-0074-MB">MB</a></td><td style="color: #cccccc">Microbiology</td><td>Microbiology</td></tr></table></li><li>Include these codes as defined in <a href="http://www.snomed.org/"><code>http://snomed.info/sct</code></a><table class="none"><tr><td style="white-space:nowrap"><b>Code</b></td><td><b>Display</b></td></tr><tr><td><a href="http://snomed.info/id/73512001">73512001</a></td><td>Electron microsopic study (procedure)</td></tr></table></li></ul></div></text><extension url="http://hl7.org/fhir/StructureDefinition/structuredefinition-fmm"><valueInteger value="1"><extension url="http://hl7.org/fhir/StructureDefinition/structuredefinition-conformance-derivedFrom"><valueCanonical value="https://department-of-veterans-affairs.github.io/mhv-fhir-phr-mapping/ImplementationGuide/va.mhv.fhir.phr"/></extension></valueInteger></extension><extension url="http://hl7.org/fhir/StructureDefinition/structuredefinition-standards-status"><valueCode value="trial-use"><extension url="http://hl7.org/fhir/StructureDefinition/structuredefinition-conformance-derivedFrom"><valueCanonical value="https://department-of-veterans-affairs.github.io/mhv-fhir-phr-mapping/ImplementationGuide/va.mhv.fhir.phr"/></extension></valueCode></extension><url value="https://department-of-veterans-affairs.github.io/mhv-fhir-phr-mapping/ValueSet/KindLabReportVS"/><version value="0.3.8"/><name value="KindLabReportVS"/><title value="Kind of Lab Report"/><status value="active"/><experimental value="false"/><date value="2024-07-12T09:49:05-05:00"/><publisher value="VA Digital Services"/><contact><name value="VA Digital Services"/><telecom><system value="url"/><value value="http://va.gov"/></telecom></contact><contact><name value="John Moehrke (himself)"/><telecom><system value="email"/><value value="John.Moehrke@va.gov"/></telecom></contact><description value="Specific kind of Pathology or Microbiology mapped from labReportTO/type"/><jurisdiction><coding><system value="urn:iso:std:iso:3166"/><code value="US"/></coding></jurisdiction><compose><include><system value="http://terminology.hl7.org/CodeSystem/v2-0074"/><concept><code value="SP"/></concept><concept><code value="CP"/></concept><concept><code value="OTH"/></concept><concept><code value="MB"/></concept></include><include><system value="http://snomed.info/sct"/><concept><code value="73512001"/><display value="Electron microsopic study (procedure)"/></concept></include></compose></ValueSet>