{
  "resourceType" : "Bundle",
  "id" : "ba27b041-0459-4f95-b5d2-86f4d6d9726c",
  "meta" : {
    "lastUpdated" : "2023-04-14T09:56:36.557-05:00"
  },
  "type" : "collection",
  "entry" : [{
    "fullUrl" : "https://johnmoehrke.github.io/MHV-PHR/ValueSet/LabReportVS",
    "resource" : {
      "resourceType" : "ValueSet",
      "id" : "LabReportVS",
      "text" : {
        "status" : "generated",
        "div" : "<div xmlns=\"http://www.w3.org/1999/xhtml\"><p>This value set contains 2 concepts</p><p style=\"border: black 1px dotted; background-color: #EEEEEE; padding: 8px; margin-bottom: 8px\">Expansion based on Loinc v2.73</p><table class=\"codes\"><tr><td style=\"white-space:nowrap\"><b>Code</b></td><td><b>System</b></td><td><b>Display</b></td></tr><tr><td style=\"white-space:nowrap\"><a name=\"http---loinc.org-79381-0\"> </a>\u00a0\u00a0<a href=\"https://loinc.org/79381-0/\">79381-0</a></td><td>http://loinc.org</td><td>Gastrointestinal pathogens panel - Stool by NAA with probe detection</td></tr><tr><td style=\"white-space:nowrap\"><a name=\"http---loinc.org-60567-5\"> </a>\u00a0\u00a0<a href=\"https://loinc.org/60567-5/\">60567-5</a></td><td>http://loinc.org</td><td>Comprehensive pathology report panel</td></tr></table></div>"
      },
      "extension" : [{
        "url" : "http://hl7.org/fhir/StructureDefinition/structuredefinition-fmm",
        "valueInteger" : 0,
        "_valueInteger" : {
          "extension" : [{
            "url" : "http://hl7.org/fhir/StructureDefinition/structuredefinition-conformance-derivedFrom",
            "valueCanonical" : "https://johnmoehrke.github.io/MHV-PHR/ImplementationGuide/va.mhv.phr.example"
          }]
        }
      },
      {
        "url" : "http://hl7.org/fhir/StructureDefinition/structuredefinition-standards-status",
        "valueCode" : "trial-use",
        "_valueCode" : {
          "extension" : [{
            "url" : "http://hl7.org/fhir/StructureDefinition/structuredefinition-conformance-derivedFrom",
            "valueCanonical" : "https://johnmoehrke.github.io/MHV-PHR/ImplementationGuide/va.mhv.phr.example"
          }]
        }
      }],
      "url" : "https://johnmoehrke.github.io/MHV-PHR/ValueSet/LabReportVS",
      "version" : "0.1.9-beta",
      "name" : "LabReportVS",
      "title" : "Known Lab Report types",
      "status" : "active",
      "experimental" : false,
      "date" : "2023-04-14T09:56:36-05:00",
      "publisher" : "John Moehrke (himself)",
      "contact" : [{
        "name" : "John Moehrke (himself)",
        "telecom" : [{
          "system" : "url",
          "value" : "http://healthcaresecprivacy.blogspot.com"
        },
        {
          "system" : "email",
          "value" : "JohnMoehrke@gmail.com"
        }]
      },
      {
        "name" : "John Moehrke (himself)",
        "telecom" : [{
          "system" : "email",
          "value" : "JohnMoehrke@gmail.com"
        }]
      }],
      "description" : "Lab Report types",
      "jurisdiction" : [{
        "coding" : [{
          "system" : "urn:iso:std:iso:3166",
          "code" : "US"
        }]
      }],
      "expansion" : {
        "identifier" : "urn:uuid:d8ded926-56b2-40bf-b349-6beba9dc6b45",
        "timestamp" : "2023-04-14T09:59:03-05:00",
        "total" : 2,
        "parameter" : [{
          "name" : "excludeNested",
          "valueBoolean" : false
        },
        {
          "name" : "limitedExpansion",
          "valueBoolean" : true
        },
        {
          "name" : "version",
          "valueUri" : "http://loinc.org|2.73"
        }],
        "contains" : [{
          "system" : "http://loinc.org",
          "code" : "79381-0",
          "display" : "Gastrointestinal pathogens panel - Stool by NAA with probe detection"
        },
        {
          "system" : "http://loinc.org",
          "code" : "60567-5",
          "display" : "Comprehensive pathology report panel"
        }]
      }
    }
  },
  {
    "fullUrl" : "https://johnmoehrke.github.io/MHV-PHR/ValueSet/NoteTypeVS",
    "resource" : {
      "resourceType" : "ValueSet",
      "id" : "NoteTypeVS",
      "text" : {
        "status" : "generated",
        "div" : "<div xmlns=\"http://www.w3.org/1999/xhtml\"><p>This value set contains 3 concepts</p><p style=\"border: black 1px dotted; background-color: #EEEEEE; padding: 8px; margin-bottom: 8px\">Expansion based on Loinc v2.73</p><table class=\"codes\"><tr><td style=\"white-space:nowrap\"><b>Code</b></td><td><b>System</b></td><td><b>Display</b></td></tr><tr><td style=\"white-space:nowrap\"><a name=\"http---loinc.org-83320-2\"> </a>\u00a0\u00a0<a href=\"https://loinc.org/83320-2/\">83320-2</a></td><td>http://loinc.org</td><td>Allergy and Immunology Adverse event note</td></tr><tr><td style=\"white-space:nowrap\"><a name=\"http---loinc.org-11505-5\"> </a>\u00a0\u00a0<a href=\"https://loinc.org/11505-5/\">11505-5</a></td><td>http://loinc.org</td><td>Physician procedure note</td></tr><tr><td style=\"white-space:nowrap\"><a name=\"http---loinc.org-18842-5\"> </a>\u00a0\u00a0<a href=\"https://loinc.org/18842-5/\">18842-5</a></td><td>http://loinc.org</td><td>Discharge summary</td></tr></table></div>"
      },
      "extension" : [{
        "url" : "http://hl7.org/fhir/StructureDefinition/structuredefinition-fmm",
        "valueInteger" : 0,
        "_valueInteger" : {
          "extension" : [{
            "url" : "http://hl7.org/fhir/StructureDefinition/structuredefinition-conformance-derivedFrom",
            "valueCanonical" : "https://johnmoehrke.github.io/MHV-PHR/ImplementationGuide/va.mhv.phr.example"
          }]
        }
      },
      {
        "url" : "http://hl7.org/fhir/StructureDefinition/structuredefinition-standards-status",
        "valueCode" : "trial-use",
        "_valueCode" : {
          "extension" : [{
            "url" : "http://hl7.org/fhir/StructureDefinition/structuredefinition-conformance-derivedFrom",
            "valueCanonical" : "https://johnmoehrke.github.io/MHV-PHR/ImplementationGuide/va.mhv.phr.example"
          }]
        }
      }],
      "url" : "https://johnmoehrke.github.io/MHV-PHR/ValueSet/NoteTypeVS",
      "version" : "0.1.9-beta",
      "name" : "NoteTypeVS",
      "title" : "Known Note types",
      "status" : "active",
      "experimental" : false,
      "date" : "2023-04-14T09:56:36-05:00",
      "publisher" : "John Moehrke (himself)",
      "contact" : [{
        "name" : "John Moehrke (himself)",
        "telecom" : [{
          "system" : "url",
          "value" : "http://healthcaresecprivacy.blogspot.com"
        },
        {
          "system" : "email",
          "value" : "JohnMoehrke@gmail.com"
        }]
      },
      {
        "name" : "John Moehrke (himself)",
        "telecom" : [{
          "system" : "email",
          "value" : "JohnMoehrke@gmail.com"
        }]
      }],
      "description" : "Note types",
      "jurisdiction" : [{
        "coding" : [{
          "system" : "urn:iso:std:iso:3166",
          "code" : "US"
        }]
      }],
      "expansion" : {
        "identifier" : "urn:uuid:abe2523f-72d8-4132-bc19-2dc38455a725",
        "timestamp" : "2023-04-14T09:59:03-05:00",
        "total" : 3,
        "parameter" : [{
          "name" : "excludeNested",
          "valueBoolean" : false
        },
        {
          "name" : "limitedExpansion",
          "valueBoolean" : true
        },
        {
          "name" : "version",
          "valueUri" : "http://loinc.org|2.73"
        }],
        "contains" : [{
          "system" : "http://loinc.org",
          "code" : "83320-2",
          "display" : "Allergy and Immunology Adverse event note"
        },
        {
          "system" : "http://loinc.org",
          "code" : "11505-5",
          "display" : "Physician procedure note"
        },
        {
          "system" : "http://loinc.org",
          "code" : "18842-5",
          "display" : "Discharge summary"
        }]
      }
    }
  }]
}