{
  "resourceType" : "Bundle",
  "id" : "4a9e50a7-8b6e-46a1-9f09-d63b120d7b29",
  "meta" : {
    "lastUpdated" : "2023-08-25T14:41:58.589-05:00"
  },
  "type" : "collection",
  "entry" : [{
    "fullUrl" : "https://department-of-veterans-affairs.github.io/mhv-fhir-phr-mapping/ValueSet/AllergyCategoryVS",
    "resource" : {
      "resourceType" : "ValueSet",
      "text" : {
        "status" : "generated",
        "div" : "<div xmlns=\"http://www.w3.org/1999/xhtml\"><p>This value set contains 3 concepts</p><p style=\"border: black 1px dotted; background-color: #EEEEEE; padding: 8px; margin-bottom: 8px\">Expansion based on <a href=\"http://hl7.org/fhir/R4/codesystem-allergy-intolerance-category.html\">codesystem AllergyIntoleranceCategory v4.0.1 (CodeSystem)</a></p><table class=\"codes\"><tr><td style=\"white-space:nowrap\"><b>Code</b></td><td><b>System</b></td><td><b>Display</b></td><td><b>Definition</b></td></tr><tr><td style=\"white-space:nowrap\"><a name=\"http---hl7.org-fhir-allergy-intolerance-category-food\"> </a>\u00a0\u00a0<a href=\"http://hl7.org/fhir/R4/codesystem-allergy-intolerance-category.html#allergy-intolerance-category-food\">food</a></td><td>http://hl7.org/fhir/allergy-intolerance-category</td><td>Food</td><td><div><p>Any substance consumed to provide nutritional support for the body.</p>\n</div></td></tr><tr><td style=\"white-space:nowrap\"><a name=\"http---hl7.org-fhir-allergy-intolerance-category-medication\"> </a>\u00a0\u00a0<a href=\"http://hl7.org/fhir/R4/codesystem-allergy-intolerance-category.html#allergy-intolerance-category-medication\">medication</a></td><td>http://hl7.org/fhir/allergy-intolerance-category</td><td>Medication</td><td><div><p>Substances administered to achieve a physiological effect.</p>\n</div></td></tr><tr><td style=\"white-space:nowrap\"><a name=\"http---hl7.org-fhir-allergy-intolerance-category-environment\"> </a>\u00a0\u00a0<a href=\"http://hl7.org/fhir/R4/codesystem-allergy-intolerance-category.html#allergy-intolerance-category-environment\">environment</a></td><td>http://hl7.org/fhir/allergy-intolerance-category</td><td>Environment</td><td><div><p>Any substances that are encountered in the environment, including any substance not already classified as food, medication, or biologic.</p>\n</div></td></tr></table></div>"
      },
      "url" : "https://department-of-veterans-affairs.github.io/mhv-fhir-phr-mapping/ValueSet/AllergyCategoryVS",
      "version" : "0.2.2",
      "name" : "AllergyCategoryVS",
      "title" : "Subset of allergy intolerance category",
      "status" : "active",
      "experimental" : false,
      "date" : "2023-08-25T14:41:58-05:00",
      "jurisdiction" : [{
        "coding" : [{
          "system" : "urn:iso:std:iso:3166",
          "code" : "US"
        }]
      }],
      "expansion" : {
        "identifier" : "urn:uuid:b337e44e-0267-4bc9-b9ae-81bb30be5497",
        "timestamp" : "2023-08-25T14:49:18-05:00",
        "total" : 3,
        "parameter" : [{
          "name" : "excludeNested",
          "valueBoolean" : false
        },
        {
          "name" : "warning-draft",
          "valueUri" : "http://hl7.org/fhir/allergy-intolerance-category|4.0.1"
        },
        {
          "name" : "used-codesystem",
          "valueUri" : "http://hl7.org/fhir/allergy-intolerance-category|4.0.1"
        }],
        "contains" : [{
          "system" : "http://hl7.org/fhir/allergy-intolerance-category",
          "code" : "food",
          "display" : "Food"
        },
        {
          "system" : "http://hl7.org/fhir/allergy-intolerance-category",
          "code" : "medication",
          "display" : "Medication"
        },
        {
          "system" : "http://hl7.org/fhir/allergy-intolerance-category",
          "code" : "environment",
          "display" : "Environment"
        }]
      }
    }
  },
  {
    "fullUrl" : "https://department-of-veterans-affairs.github.io/mhv-fhir-phr-mapping/ValueSet/ConditionVerificationVS",
    "resource" : {
      "resourceType" : "ValueSet",
      "text" : {
        "status" : "generated",
        "div" : "<div xmlns=\"http://www.w3.org/1999/xhtml\"><p>This value set contains 2 concepts</p><p style=\"border: black 1px dotted; background-color: #EEEEEE; padding: 8px; margin-bottom: 8px\">Expansion based on <a href=\"http://terminology.hl7.org/5.0.0/CodeSystem-condition-ver-status.html\">codesystem ConditionVerificationStatus v0.5.0 (CodeSystem)</a></p><table class=\"codes\"><tr><td style=\"white-space:nowrap\"><b>Code</b></td><td><b>System</b></td><td><b>Display</b></td><td><b>Definition</b></td></tr><tr><td style=\"white-space:nowrap\"><a name=\"http---terminology.hl7.org-CodeSystem-condition-ver-status-confirmed\"> </a>\u00a0\u00a0<a href=\"http://terminology.hl7.org/5.0.0/CodeSystem-condition-ver-status.html#condition-ver-status-confirmed\">confirmed</a></td><td>http://terminology.hl7.org/CodeSystem/condition-ver-status</td><td>Confirmed</td><td><div><p>There is sufficient diagnostic and/or clinical evidence to treat this as a confirmed condition.</p>\n</div></td></tr><tr><td style=\"white-space:nowrap\"><a name=\"http---terminology.hl7.org-CodeSystem-condition-ver-status-unconfirmed\"> </a>\u00a0\u00a0<a href=\"http://terminology.hl7.org/5.0.0/CodeSystem-condition-ver-status.html#condition-ver-status-unconfirmed\">unconfirmed</a></td><td>http://terminology.hl7.org/CodeSystem/condition-ver-status</td><td>Unconfirmed</td><td><div><p>There is not sufficient diagnostic and/or clinical evidence to treat this as a confirmed condition.</p>\n</div></td></tr></table></div>"
      },
      "url" : "https://department-of-veterans-affairs.github.io/mhv-fhir-phr-mapping/ValueSet/ConditionVerificationVS",
      "version" : "0.2.2",
      "name" : "ConditionVerificationVS",
      "title" : "Subset of condition verification status",
      "status" : "active",
      "experimental" : false,
      "date" : "2023-08-25T14:41:58-05:00",
      "jurisdiction" : [{
        "coding" : [{
          "system" : "urn:iso:std:iso:3166",
          "code" : "US"
        }]
      }],
      "expansion" : {
        "identifier" : "urn:uuid:108f1ef7-b771-41dc-a3c9-13ee9dbeac54",
        "timestamp" : "2023-08-25T14:49:18-05:00",
        "total" : 2,
        "parameter" : [{
          "name" : "excludeNested",
          "valueBoolean" : false
        },
        {
          "name" : "warning-draft",
          "valueUri" : "http://terminology.hl7.org/CodeSystem/condition-ver-status|0.5.0"
        },
        {
          "name" : "used-codesystem",
          "valueUri" : "http://terminology.hl7.org/CodeSystem/condition-ver-status|0.5.0"
        }],
        "contains" : [{
          "system" : "http://terminology.hl7.org/CodeSystem/condition-ver-status",
          "code" : "confirmed",
          "display" : "Confirmed"
        },
        {
          "system" : "http://terminology.hl7.org/CodeSystem/condition-ver-status",
          "code" : "unconfirmed",
          "display" : "Unconfirmed"
        }]
      }
    }
  },
  {
    "fullUrl" : "https://department-of-veterans-affairs.github.io/mhv-fhir-phr-mapping/ValueSet/DocumentReferenceTypeVS",
    "resource" : {
      "resourceType" : "ValueSet",
      "text" : {
        "status" : "generated",
        "div" : "<div xmlns=\"http://www.w3.org/1999/xhtml\"><p>This value set contains 4 concepts</p><div style=\"border: black 1px dotted; background-color: #EEEEEE; padding: 8px; margin-bottom: 8px\"><p>Expansion based on: </p><ul><li>Loinc v2.74</li><li>Loinc v2.74</li><li><a href=\"ValueSet-NoteTypeVS.html\">valueset Known Note types v0.2.2 (ValueSet)</a></li></ul></div><table class=\"codes\"><tr><td style=\"white-space:nowrap\"><b>Code</b></td><td><b>System</b></td><td><b>Display</b></td></tr><tr><td style=\"white-space:nowrap\"><a name=\"http---loinc.org-18842-5\"> </a>\u00a0\u00a0<a href=\"https://loinc.org/18842-5/\">18842-5</a></td><td>http://loinc.org</td><td>Discharge summary</td></tr><tr><td style=\"white-space:nowrap\"><a name=\"http---loinc.org-11506-3\"> </a>\u00a0\u00a0<a href=\"https://loinc.org/11506-3/\">11506-3</a></td><td>http://loinc.org</td><td>Progress note</td></tr><tr><td style=\"white-space:nowrap\"><a name=\"http---loinc.org-11524-6\"> </a>\u00a0\u00a0<a href=\"https://loinc.org/11524-6/\">11524-6</a></td><td>http://loinc.org</td><td>EKG study</td></tr><tr><td style=\"white-space:nowrap\"><a name=\"http---loinc.org-18748-4\"> </a>\u00a0\u00a0<a href=\"https://loinc.org/18748-4/\">18748-4</a></td><td>http://loinc.org</td><td>Diagnostic imaging study</td></tr></table></div>"
      },
      "url" : "https://department-of-veterans-affairs.github.io/mhv-fhir-phr-mapping/ValueSet/DocumentReferenceTypeVS",
      "version" : "0.2.2",
      "name" : "DocumentReferenceTypeVS",
      "title" : "Known DocumentReference types",
      "status" : "active",
      "experimental" : false,
      "date" : "2023-08-25T14:41:58-05:00",
      "jurisdiction" : [{
        "coding" : [{
          "system" : "urn:iso:std:iso:3166",
          "code" : "US"
        }]
      }],
      "expansion" : {
        "identifier" : "urn:uuid:b310121a-9c13-498c-a988-a78b572981b8",
        "timestamp" : "2023-08-25T14:49:19-05:00",
        "total" : 4,
        "parameter" : [{
          "name" : "excludeNested",
          "valueBoolean" : false
        },
        {
          "name" : "used-valueset",
          "valueUri" : "https://department-of-veterans-affairs.github.io/mhv-fhir-phr-mapping/ValueSet/NoteTypeVS|0.2.2"
        },
        {
          "name" : "used-valueset",
          "valueUri" : "null"
        },
        {
          "name" : "limitedExpansion",
          "valueBoolean" : true
        },
        {
          "name" : "used-codesystem",
          "valueUri" : "http://loinc.org|2.74"
        },
        {
          "name" : "version",
          "valueUri" : "http://loinc.org|2.74"
        },
        {
          "name" : "excludeNested",
          "valueBoolean" : true
        }],
        "contains" : [{
          "system" : "http://loinc.org",
          "code" : "18842-5",
          "display" : "Discharge summary"
        },
        {
          "system" : "http://loinc.org",
          "code" : "11506-3",
          "display" : "Progress note"
        },
        {
          "system" : "http://loinc.org",
          "code" : "11524-6",
          "display" : "EKG study"
        },
        {
          "system" : "http://loinc.org",
          "code" : "18748-4",
          "display" : "Diagnostic imaging study"
        }]
      }
    }
  },
  {
    "fullUrl" : "https://department-of-veterans-affairs.github.io/mhv-fhir-phr-mapping/ValueSet/LabReportVS",
    "resource" : {
      "resourceType" : "ValueSet",
      "text" : {
        "status" : "generated",
        "div" : "<div xmlns=\"http://www.w3.org/1999/xhtml\"><p>This value set contains 2 concepts</p><div style=\"border: black 1px dotted; background-color: #EEEEEE; padding: 8px; margin-bottom: 8px\"><p>Expansion based on: </p><ul><li>Loinc v2.74</li><li>Loinc v2.74</li></ul></div><table class=\"codes\"><tr><td style=\"white-space:nowrap\"><b>Code</b></td><td><b>System</b></td><td><b>Display</b></td></tr><tr><td style=\"white-space:nowrap\"><a name=\"http---loinc.org-79381-0\"> </a>\u00a0\u00a0<a href=\"https://loinc.org/79381-0/\">79381-0</a></td><td>http://loinc.org</td><td>Gastrointestinal pathogens panel - Stool by NAA with probe detection</td></tr><tr><td style=\"white-space:nowrap\"><a name=\"http---loinc.org-60567-5\"> </a>\u00a0\u00a0<a href=\"https://loinc.org/60567-5/\">60567-5</a></td><td>http://loinc.org</td><td>Comprehensive pathology report panel</td></tr></table></div>"
      },
      "url" : "https://department-of-veterans-affairs.github.io/mhv-fhir-phr-mapping/ValueSet/LabReportVS",
      "version" : "0.2.2",
      "name" : "LabReportVS",
      "title" : "Known Lab Report types",
      "status" : "active",
      "experimental" : false,
      "date" : "2023-08-25T14:41:58-05:00",
      "jurisdiction" : [{
        "coding" : [{
          "system" : "urn:iso:std:iso:3166",
          "code" : "US"
        }]
      }],
      "expansion" : {
        "identifier" : "urn:uuid:ac65e8fc-fba2-4ff8-bc54-78879692e894",
        "timestamp" : "2023-08-25T14:49:19-05:00",
        "total" : 2,
        "parameter" : [{
          "name" : "excludeNested",
          "valueBoolean" : false
        },
        {
          "name" : "used-valueset",
          "valueUri" : "null"
        },
        {
          "name" : "limitedExpansion",
          "valueBoolean" : true
        },
        {
          "name" : "used-codesystem",
          "valueUri" : "http://loinc.org|2.74"
        },
        {
          "name" : "version",
          "valueUri" : "http://loinc.org|2.74"
        }],
        "contains" : [{
          "system" : "http://loinc.org",
          "code" : "79381-0",
          "display" : "Gastrointestinal pathogens panel - Stool by NAA with probe detection"
        },
        {
          "system" : "http://loinc.org",
          "code" : "60567-5",
          "display" : "Comprehensive pathology report panel"
        }]
      }
    }
  },
  {
    "fullUrl" : "https://department-of-veterans-affairs.github.io/mhv-fhir-phr-mapping/ValueSet/NoteTypeVS",
    "resource" : {
      "resourceType" : "ValueSet",
      "text" : {
        "status" : "generated",
        "div" : "<div xmlns=\"http://www.w3.org/1999/xhtml\"><p>This value set contains 2 concepts</p><div style=\"border: black 1px dotted; background-color: #EEEEEE; padding: 8px; margin-bottom: 8px\"><p>Expansion based on: </p><ul><li>Loinc v2.74</li><li>Loinc v2.74</li></ul></div><table class=\"codes\"><tr><td style=\"white-space:nowrap\"><b>Code</b></td><td><b>System</b></td><td><b>Display</b></td></tr><tr><td style=\"white-space:nowrap\"><a name=\"http---loinc.org-18842-5\"> </a>\u00a0\u00a0<a href=\"https://loinc.org/18842-5/\">18842-5</a></td><td>http://loinc.org</td><td>Discharge summary</td></tr><tr><td style=\"white-space:nowrap\"><a name=\"http---loinc.org-11506-3\"> </a>\u00a0\u00a0<a href=\"https://loinc.org/11506-3/\">11506-3</a></td><td>http://loinc.org</td><td>Progress note</td></tr></table></div>"
      },
      "url" : "https://department-of-veterans-affairs.github.io/mhv-fhir-phr-mapping/ValueSet/NoteTypeVS",
      "version" : "0.2.2",
      "name" : "NoteTypeVS",
      "title" : "Known Note types",
      "status" : "active",
      "experimental" : false,
      "date" : "2023-08-25T14:41:58-05:00",
      "jurisdiction" : [{
        "coding" : [{
          "system" : "urn:iso:std:iso:3166",
          "code" : "US"
        }]
      }],
      "expansion" : {
        "identifier" : "urn:uuid:a560503f-ee66-44ca-8171-0d9106841748",
        "timestamp" : "2023-08-25T14:49:20-05:00",
        "total" : 2,
        "parameter" : [{
          "name" : "excludeNested",
          "valueBoolean" : false
        },
        {
          "name" : "used-valueset",
          "valueUri" : "null"
        },
        {
          "name" : "limitedExpansion",
          "valueBoolean" : true
        },
        {
          "name" : "used-codesystem",
          "valueUri" : "http://loinc.org|2.74"
        },
        {
          "name" : "version",
          "valueUri" : "http://loinc.org|2.74"
        }],
        "contains" : [{
          "system" : "http://loinc.org",
          "code" : "18842-5",
          "display" : "Discharge summary"
        },
        {
          "system" : "http://loinc.org",
          "code" : "11506-3",
          "display" : "Progress note"
        }]
      }
    }
  }]
}