{
  "resourceType" : "Bundle",
  "id" : "b254d363-1923-4222-bb7a-1ab11ed46758",
  "meta" : {
    "lastUpdated" : "2023-06-13T16:30:05.373-05:00"
  },
  "type" : "collection",
  "entry" : [{
    "fullUrl" : "https://johnmoehrke.github.io/MHV-PHR/ValueSet/AllergyCategoryVS",
    "resource" : {
      "resourceType" : "ValueSet",
      "text" : {
        "status" : "generated",
        "div" : "<div xmlns=\"http://www.w3.org/1999/xhtml\"><p>This value set contains 3 concepts</p><p style=\"border: black 1px dotted; background-color: #EEEEEE; padding: 8px; margin-bottom: 8px\">Expansion based on <a href=\"http://hl7.org/fhir/R4/codesystem-allergy-intolerance-category.html\">AllergyIntoleranceCategory v4.0.1 (CodeSystem)</a></p><table class=\"codes\"><tr><td style=\"white-space:nowrap\"><b>Code</b></td><td><b>System</b></td><td><b>Display</b></td><td><b>Definition</b></td></tr><tr><td style=\"white-space:nowrap\"><a name=\"http---hl7.org-fhir-allergy-intolerance-category-food\"> </a>\u00a0\u00a0<a href=\"http://hl7.org/fhir/R4/codesystem-allergy-intolerance-category.html#allergy-intolerance-category-food\">food</a></td><td>http://hl7.org/fhir/allergy-intolerance-category</td><td>Food</td><td><div><p>Any substance consumed to provide nutritional support for the body.</p>\n</div></td></tr><tr><td style=\"white-space:nowrap\"><a name=\"http---hl7.org-fhir-allergy-intolerance-category-medication\"> </a>\u00a0\u00a0<a href=\"http://hl7.org/fhir/R4/codesystem-allergy-intolerance-category.html#allergy-intolerance-category-medication\">medication</a></td><td>http://hl7.org/fhir/allergy-intolerance-category</td><td>Medication</td><td><div><p>Substances administered to achieve a physiological effect.</p>\n</div></td></tr><tr><td style=\"white-space:nowrap\"><a name=\"http---hl7.org-fhir-allergy-intolerance-category-environment\"> </a>\u00a0\u00a0<a href=\"http://hl7.org/fhir/R4/codesystem-allergy-intolerance-category.html#allergy-intolerance-category-environment\">environment</a></td><td>http://hl7.org/fhir/allergy-intolerance-category</td><td>Environment</td><td><div><p>Any substances that are encountered in the environment, including any substance not already classified as food, medication, or biologic.</p>\n</div></td></tr></table></div>"
      },
      "url" : "https://johnmoehrke.github.io/MHV-PHR/ValueSet/AllergyCategoryVS",
      "version" : "0.1.16-beta",
      "name" : "AllergyCategoryVS",
      "title" : "Subset of allergy intolerance category",
      "status" : "active",
      "experimental" : false,
      "date" : "2023-06-13T16:30:05-05:00",
      "jurisdiction" : [{
        "coding" : [{
          "system" : "urn:iso:std:iso:3166",
          "code" : "US"
        }]
      }],
      "expansion" : {
        "identifier" : "urn:uuid:95ef0088-58ab-4ecb-9d14-d2df61faac94",
        "timestamp" : "2023-06-13T16:32:55-05:00",
        "total" : 3,
        "parameter" : [{
          "name" : "excludeNested",
          "valueBoolean" : false
        },
        {
          "name" : "version",
          "valueUri" : "http://hl7.org/fhir/allergy-intolerance-category|4.0.1"
        }],
        "contains" : [{
          "system" : "http://hl7.org/fhir/allergy-intolerance-category",
          "code" : "food",
          "display" : "Food"
        },
        {
          "system" : "http://hl7.org/fhir/allergy-intolerance-category",
          "code" : "medication",
          "display" : "Medication"
        },
        {
          "system" : "http://hl7.org/fhir/allergy-intolerance-category",
          "code" : "environment",
          "display" : "Environment"
        }]
      }
    }
  },
  {
    "fullUrl" : "https://johnmoehrke.github.io/MHV-PHR/ValueSet/ConditionVerificationVS",
    "resource" : {
      "resourceType" : "ValueSet",
      "text" : {
        "status" : "generated",
        "div" : "<div xmlns=\"http://www.w3.org/1999/xhtml\"><p>This value set contains 2 concepts</p><p style=\"border: black 1px dotted; background-color: #EEEEEE; padding: 8px; margin-bottom: 8px\">Expansion based on <a href=\"http://terminology.hl7.org/3.1.0/CodeSystem-condition-ver-status.html\">ConditionVerificationStatus v0.5.0 (CodeSystem)</a></p><table class=\"codes\"><tr><td style=\"white-space:nowrap\"><b>Code</b></td><td><b>System</b></td><td><b>Display</b></td><td><b>Definition</b></td></tr><tr><td style=\"white-space:nowrap\"><a name=\"http---terminology.hl7.org-CodeSystem-condition-ver-status-confirmed\"> </a>\u00a0\u00a0<a href=\"http://terminology.hl7.org/3.1.0/CodeSystem-condition-ver-status.html#condition-ver-status-confirmed\">confirmed</a></td><td>http://terminology.hl7.org/CodeSystem/condition-ver-status</td><td>Confirmed</td><td><div><p>There is sufficient diagnostic and/or clinical evidence to treat this as a confirmed condition.</p>\n</div></td></tr><tr><td style=\"white-space:nowrap\"><a name=\"http---terminology.hl7.org-CodeSystem-condition-ver-status-unconfirmed\"> </a>\u00a0\u00a0<a href=\"http://terminology.hl7.org/3.1.0/CodeSystem-condition-ver-status.html#condition-ver-status-unconfirmed\">unconfirmed</a></td><td>http://terminology.hl7.org/CodeSystem/condition-ver-status</td><td>Unconfirmed</td><td><div><p>There is not sufficient diagnostic and/or clinical evidence to treat this as a confirmed condition.</p>\n</div></td></tr></table></div>"
      },
      "url" : "https://johnmoehrke.github.io/MHV-PHR/ValueSet/ConditionVerificationVS",
      "version" : "0.1.16-beta",
      "name" : "ConditionVerificationVS",
      "title" : "Subset of condition verification status",
      "status" : "active",
      "experimental" : false,
      "date" : "2023-06-13T16:30:05-05:00",
      "jurisdiction" : [{
        "coding" : [{
          "system" : "urn:iso:std:iso:3166",
          "code" : "US"
        }]
      }],
      "expansion" : {
        "identifier" : "urn:uuid:07af9ccb-c34f-47be-8a58-cce70c91db85",
        "timestamp" : "2023-06-13T16:32:55-05:00",
        "total" : 2,
        "parameter" : [{
          "name" : "excludeNested",
          "valueBoolean" : false
        },
        {
          "name" : "version",
          "valueUri" : "http://terminology.hl7.org/CodeSystem/condition-ver-status|0.5.0"
        }],
        "contains" : [{
          "system" : "http://terminology.hl7.org/CodeSystem/condition-ver-status",
          "code" : "confirmed",
          "display" : "Confirmed"
        },
        {
          "system" : "http://terminology.hl7.org/CodeSystem/condition-ver-status",
          "code" : "unconfirmed",
          "display" : "Unconfirmed"
        }]
      }
    }
  },
  {
    "fullUrl" : "https://johnmoehrke.github.io/MHV-PHR/ValueSet/DocumentReferenceTypeVS",
    "resource" : {
      "resourceType" : "ValueSet",
      "text" : {
        "status" : "generated",
        "div" : "<div xmlns=\"http://www.w3.org/1999/xhtml\"><p>This value set contains 4 concepts</p><div style=\"border: black 1px dotted; background-color: #EEEEEE; padding: 8px; margin-bottom: 8px\"><p>Expansion based on: </p><ul><li><a href=\"ValueSet-NoteTypeVS.html\">Known Note types v0.1.16-beta (ValueSet)</a></li><li>Loinc v2.74</li></ul></div><table class=\"codes\"><tr><td style=\"white-space:nowrap\"><b>Code</b></td><td><b>System</b></td><td><b>Display</b></td></tr><tr><td style=\"white-space:nowrap\"><a name=\"http---loinc.org-11505-5\"> </a>\u00a0\u00a0<a href=\"https://loinc.org/11505-5/\">11505-5</a></td><td>http://loinc.org</td><td>Physician procedure note</td></tr><tr><td style=\"white-space:nowrap\"><a name=\"http---loinc.org-18842-5\"> </a>\u00a0\u00a0<a href=\"https://loinc.org/18842-5/\">18842-5</a></td><td>http://loinc.org</td><td>Discharge summary</td></tr><tr><td style=\"white-space:nowrap\"><a name=\"http---loinc.org-11524-6\"> </a>\u00a0\u00a0<a href=\"https://loinc.org/11524-6/\">11524-6</a></td><td>http://loinc.org</td><td>EKG study</td></tr><tr><td style=\"white-space:nowrap\"><a name=\"http---loinc.org-18748-4\"> </a>\u00a0\u00a0<a href=\"https://loinc.org/18748-4/\">18748-4</a></td><td>http://loinc.org</td><td>Diagnostic imaging study</td></tr></table></div>"
      },
      "url" : "https://johnmoehrke.github.io/MHV-PHR/ValueSet/DocumentReferenceTypeVS",
      "version" : "0.1.16-beta",
      "name" : "DocumentReferenceTypeVS",
      "title" : "Known DocumentReference types",
      "status" : "active",
      "experimental" : false,
      "date" : "2023-06-13T16:30:05-05:00",
      "jurisdiction" : [{
        "coding" : [{
          "system" : "urn:iso:std:iso:3166",
          "code" : "US"
        }]
      }],
      "expansion" : {
        "identifier" : "urn:uuid:b0421d47-1b20-4d8a-a514-86d5afe711dc",
        "timestamp" : "2023-06-13T16:32:56-05:00",
        "total" : 4,
        "parameter" : [{
          "name" : "excludeNested",
          "valueBoolean" : false
        },
        {
          "name" : "version",
          "valueUri" : "https://johnmoehrke.github.io/MHV-PHR/ValueSet/NoteTypeVS|0.1.16-beta"
        },
        {
          "name" : "limitedExpansion",
          "valueBoolean" : true
        },
        {
          "name" : "version",
          "valueUri" : "http://loinc.org|2.74"
        },
        {
          "name" : "excludeNested",
          "valueBoolean" : true
        }],
        "contains" : [{
          "system" : "http://loinc.org",
          "code" : "11505-5",
          "display" : "Physician procedure note"
        },
        {
          "system" : "http://loinc.org",
          "code" : "18842-5",
          "display" : "Discharge summary"
        },
        {
          "system" : "http://loinc.org",
          "code" : "11524-6",
          "display" : "EKG study"
        },
        {
          "system" : "http://loinc.org",
          "code" : "18748-4",
          "display" : "Diagnostic imaging study"
        }]
      }
    }
  },
  {
    "fullUrl" : "https://johnmoehrke.github.io/MHV-PHR/ValueSet/LabReportVS",
    "resource" : {
      "resourceType" : "ValueSet",
      "text" : {
        "status" : "generated",
        "div" : "<div xmlns=\"http://www.w3.org/1999/xhtml\"><p>This value set contains 2 concepts</p><p style=\"border: black 1px dotted; background-color: #EEEEEE; padding: 8px; margin-bottom: 8px\">Expansion based on Loinc v2.74</p><table class=\"codes\"><tr><td style=\"white-space:nowrap\"><b>Code</b></td><td><b>System</b></td><td><b>Display</b></td></tr><tr><td style=\"white-space:nowrap\"><a name=\"http---loinc.org-79381-0\"> </a>\u00a0\u00a0<a href=\"https://loinc.org/79381-0/\">79381-0</a></td><td>http://loinc.org</td><td>Gastrointestinal pathogens panel - Stool by NAA with probe detection</td></tr><tr><td style=\"white-space:nowrap\"><a name=\"http---loinc.org-60567-5\"> </a>\u00a0\u00a0<a href=\"https://loinc.org/60567-5/\">60567-5</a></td><td>http://loinc.org</td><td>Comprehensive pathology report panel</td></tr></table></div>"
      },
      "url" : "https://johnmoehrke.github.io/MHV-PHR/ValueSet/LabReportVS",
      "version" : "0.1.16-beta",
      "name" : "LabReportVS",
      "title" : "Known Lab Report types",
      "status" : "active",
      "experimental" : false,
      "date" : "2023-06-13T16:30:05-05:00",
      "jurisdiction" : [{
        "coding" : [{
          "system" : "urn:iso:std:iso:3166",
          "code" : "US"
        }]
      }],
      "expansion" : {
        "identifier" : "urn:uuid:1ac1d845-9490-4c3f-8f37-2a0206ae7658",
        "timestamp" : "2023-06-13T16:32:56-05:00",
        "total" : 2,
        "parameter" : [{
          "name" : "excludeNested",
          "valueBoolean" : false
        },
        {
          "name" : "limitedExpansion",
          "valueBoolean" : true
        },
        {
          "name" : "version",
          "valueUri" : "http://loinc.org|2.74"
        }],
        "contains" : [{
          "system" : "http://loinc.org",
          "code" : "79381-0",
          "display" : "Gastrointestinal pathogens panel - Stool by NAA with probe detection"
        },
        {
          "system" : "http://loinc.org",
          "code" : "60567-5",
          "display" : "Comprehensive pathology report panel"
        }]
      }
    }
  },
  {
    "fullUrl" : "https://johnmoehrke.github.io/MHV-PHR/ValueSet/NoteTypeVS",
    "resource" : {
      "resourceType" : "ValueSet",
      "text" : {
        "status" : "generated",
        "div" : "<div xmlns=\"http://www.w3.org/1999/xhtml\"><p>This value set contains 2 concepts</p><p style=\"border: black 1px dotted; background-color: #EEEEEE; padding: 8px; margin-bottom: 8px\">Expansion based on Loinc v2.74</p><table class=\"codes\"><tr><td style=\"white-space:nowrap\"><b>Code</b></td><td><b>System</b></td><td><b>Display</b></td></tr><tr><td style=\"white-space:nowrap\"><a name=\"http---loinc.org-11505-5\"> </a>\u00a0\u00a0<a href=\"https://loinc.org/11505-5/\">11505-5</a></td><td>http://loinc.org</td><td>Physician procedure note</td></tr><tr><td style=\"white-space:nowrap\"><a name=\"http---loinc.org-18842-5\"> </a>\u00a0\u00a0<a href=\"https://loinc.org/18842-5/\">18842-5</a></td><td>http://loinc.org</td><td>Discharge summary</td></tr></table></div>"
      },
      "url" : "https://johnmoehrke.github.io/MHV-PHR/ValueSet/NoteTypeVS",
      "version" : "0.1.16-beta",
      "name" : "NoteTypeVS",
      "title" : "Known Note types",
      "status" : "active",
      "experimental" : false,
      "date" : "2023-06-13T16:30:05-05:00",
      "jurisdiction" : [{
        "coding" : [{
          "system" : "urn:iso:std:iso:3166",
          "code" : "US"
        }]
      }],
      "expansion" : {
        "identifier" : "urn:uuid:e8b71066-89a8-40c2-b5aa-1a3529e8fc7f",
        "timestamp" : "2023-06-13T16:32:56-05:00",
        "total" : 2,
        "parameter" : [{
          "name" : "excludeNested",
          "valueBoolean" : false
        },
        {
          "name" : "limitedExpansion",
          "valueBoolean" : true
        },
        {
          "name" : "version",
          "valueUri" : "http://loinc.org|2.74"
        }],
        "contains" : [{
          "system" : "http://loinc.org",
          "code" : "11505-5",
          "display" : "Physician procedure note"
        },
        {
          "system" : "http://loinc.org",
          "code" : "18842-5",
          "display" : "Discharge summary"
        }]
      }
    }
  }]
}