{
  "resourceType" : "Bundle",
  "id" : "422d1b3e-8dc1-446b-b82b-802376a31d13",
  "meta" : {
    "lastUpdated" : "2024-07-12T09:49:05.014-05:00"
  },
  "type" : "collection",
  "entry" : [{
    "fullUrl" : "https://department-of-veterans-affairs.github.io/mhv-fhir-phr-mapping/ValueSet/AllergyCategoryVS",
    "resource" : {
      "resourceType" : "ValueSet",
      "text" : {
        "status" : "generated",
        "div" : "<div xmlns=\"http://www.w3.org/1999/xhtml\"><p class=\"res-header-id\"><b>Generated Narrative: ValueSet </b></p><p style=\"border: black 1px dotted; background-color: #EEEEEE; padding: 8px; margin-bottom: 8px\">Expansion based on <a href=\"http://hl7.org/fhir/R4/codesystem-allergy-intolerance-category.html\">codesystem AllergyIntoleranceCategory v4.0.1 (CodeSystem)</a></p><p>This value set contains 3 concepts</p><table class=\"codes\"><tr><td style=\"white-space:nowrap\"><b>Code</b></td><td><b>System</b></td><td><b>Display</b></td><td><b>Definition</b></td></tr><tr><td style=\"white-space:nowrap\"><a name=\"null-x-http---hl7.org-fhir-allergy-intolerance-category-food\"> </a>\u00a0\u00a0<a href=\"http://hl7.org/fhir/R4/codesystem-allergy-intolerance-category.html#allergy-intolerance-category-food\">food</a></td><td>http://hl7.org/fhir/allergy-intolerance-category</td><td>Food</td><td><div><p>Any substance consumed to provide nutritional support for the body.</p>\n</div></td></tr><tr><td style=\"white-space:nowrap\"><a name=\"null-x-http---hl7.org-fhir-allergy-intolerance-category-medication\"> </a>\u00a0\u00a0<a href=\"http://hl7.org/fhir/R4/codesystem-allergy-intolerance-category.html#allergy-intolerance-category-medication\">medication</a></td><td>http://hl7.org/fhir/allergy-intolerance-category</td><td>Medication</td><td><div><p>Substances administered to achieve a physiological effect.</p>\n</div></td></tr><tr><td style=\"white-space:nowrap\"><a name=\"null-x-http---hl7.org-fhir-allergy-intolerance-category-environment\"> </a>\u00a0\u00a0<a href=\"http://hl7.org/fhir/R4/codesystem-allergy-intolerance-category.html#allergy-intolerance-category-environment\">environment</a></td><td>http://hl7.org/fhir/allergy-intolerance-category</td><td>Environment</td><td><div><p>Any substances that are encountered in the environment, including any substance not already classified as food, medication, or biologic.</p>\n</div></td></tr></table></div>"
      },
      "url" : "https://department-of-veterans-affairs.github.io/mhv-fhir-phr-mapping/ValueSet/AllergyCategoryVS",
      "version" : "0.3.8",
      "name" : "AllergyCategoryVS",
      "title" : "Subset of allergy intolerance category",
      "status" : "active",
      "experimental" : false,
      "date" : "2024-07-12T09:49:05-05:00",
      "jurisdiction" : [{
        "coding" : [{
          "system" : "urn:iso:std:iso:3166",
          "code" : "US"
        }]
      }],
      "expansion" : {
        "identifier" : "urn:uuid:f9dd9c77-9a2d-422d-a63b-c0329f9ecfde",
        "timestamp" : "2024-07-12T09:52:45-05:00",
        "total" : 3,
        "offset" : 0,
        "parameter" : [{
          "name" : "count",
          "valueInteger" : 1000
        },
        {
          "name" : "offset",
          "valueInteger" : 0
        },
        {
          "name" : "excludeNested",
          "valueBoolean" : false
        },
        {
          "name" : "warning-draft",
          "valueUri" : "http://hl7.org/fhir/allergy-intolerance-category|4.0.1"
        },
        {
          "name" : "used-codesystem",
          "valueUri" : "http://hl7.org/fhir/allergy-intolerance-category|4.0.1"
        }],
        "contains" : [{
          "system" : "http://hl7.org/fhir/allergy-intolerance-category",
          "code" : "food",
          "display" : "Food"
        },
        {
          "system" : "http://hl7.org/fhir/allergy-intolerance-category",
          "code" : "medication",
          "display" : "Medication"
        },
        {
          "system" : "http://hl7.org/fhir/allergy-intolerance-category",
          "code" : "environment",
          "display" : "Environment"
        }]
      }
    }
  },
  {
    "fullUrl" : "https://department-of-veterans-affairs.github.io/mhv-fhir-phr-mapping/ValueSet/AllergyObservedHistoricVS",
    "resource" : {
      "resourceType" : "ValueSet",
      "text" : {
        "status" : "generated",
        "div" : "<div xmlns=\"http://www.w3.org/1999/xhtml\"><p class=\"res-header-id\"><b>Generated Narrative: ValueSet </b></p><p style=\"border: black 1px dotted; background-color: #EEEEEE; padding: 8px; margin-bottom: 8px\">Expansion based on <a href=\"CodeSystem-AllergyObservedHistoricCS.html\">codesystem Allergy Observed vs Historic CodeSystem v0.3.8 (CodeSystem)</a></p><p>This value set contains 2 concepts</p><table class=\"codes\"><tr><td style=\"white-space:nowrap\"><b>Code</b></td><td><b>System</b></td><td><b>Display</b></td><td><b>Definition</b></td></tr><tr><td style=\"white-space:nowrap\"><a name=\"null-x-https---department-of-veterans-affairs.github.io-mhv-fhir-phr-mapping-CodeSystem-AllergyObservedHistoricCS-o\"> </a>\u00a0\u00a0<a href=\"CodeSystem-AllergyObservedHistoricCS.html#AllergyObservedHistoricCS-o\">o</a></td><td>https://department-of-veterans-affairs.github.io/mhv-fhir-phr-mapping/CodeSystem/AllergyObservedHistoricCS</td><td>OBSERVED</td><td><div><p>observed by some personnel</p>\n</div></td></tr><tr><td style=\"white-space:nowrap\"><a name=\"null-x-https---department-of-veterans-affairs.github.io-mhv-fhir-phr-mapping-CodeSystem-AllergyObservedHistoricCS-h\"> </a>\u00a0\u00a0<a href=\"CodeSystem-AllergyObservedHistoricCS.html#AllergyObservedHistoricCS-h\">h</a></td><td>https://department-of-veterans-affairs.github.io/mhv-fhir-phr-mapping/CodeSystem/AllergyObservedHistoricCS</td><td>HISTORICAL</td><td><div><p>historical data gathered about the patient</p>\n</div></td></tr></table></div>"
      },
      "url" : "https://department-of-veterans-affairs.github.io/mhv-fhir-phr-mapping/ValueSet/AllergyObservedHistoricVS",
      "version" : "0.3.8",
      "name" : "AllergyObservedHistoricVS",
      "title" : "Allergy Observed vs Historic ValueSet",
      "status" : "active",
      "experimental" : false,
      "date" : "2024-07-12T09:49:05-05:00",
      "jurisdiction" : [{
        "coding" : [{
          "system" : "urn:iso:std:iso:3166",
          "code" : "US"
        }]
      }],
      "expansion" : {
        "identifier" : "urn:uuid:7f2807de-903e-4182-b423-31a1cfe137fd",
        "timestamp" : "2024-07-12T09:52:46-05:00",
        "total" : 2,
        "offset" : 0,
        "parameter" : [{
          "name" : "count",
          "valueInteger" : 1000
        },
        {
          "name" : "offset",
          "valueInteger" : 0
        },
        {
          "name" : "excludeNested",
          "valueBoolean" : false
        },
        {
          "name" : "used-codesystem",
          "valueUri" : "https://department-of-veterans-affairs.github.io/mhv-fhir-phr-mapping/CodeSystem/AllergyObservedHistoricCS|0.3.8"
        }],
        "contains" : [{
          "system" : "https://department-of-veterans-affairs.github.io/mhv-fhir-phr-mapping/CodeSystem/AllergyObservedHistoricCS",
          "code" : "o",
          "display" : "OBSERVED"
        },
        {
          "system" : "https://department-of-veterans-affairs.github.io/mhv-fhir-phr-mapping/CodeSystem/AllergyObservedHistoricCS",
          "code" : "h",
          "display" : "HISTORICAL"
        }]
      }
    }
  },
  {
    "fullUrl" : "https://department-of-veterans-affairs.github.io/mhv-fhir-phr-mapping/ValueSet/ConditionClinicalStatusVS",
    "resource" : {
      "resourceType" : "ValueSet",
      "text" : {
        "status" : "generated",
        "div" : "<div xmlns=\"http://www.w3.org/1999/xhtml\"><p class=\"res-header-id\"><b>Generated Narrative: ValueSet </b></p><p style=\"border: black 1px dotted; background-color: #EEEEEE; padding: 8px; margin-bottom: 8px\">Expansion based on <a href=\"http://terminology.hl7.org/5.5.0/CodeSystem-condition-clinical.html\">codesystem Condition Clinical Status Codes v3.0.0 (CodeSystem)</a></p><p>This value set contains 2 concepts</p><table class=\"codes\"><tr><td style=\"white-space:nowrap\"><b>Code</b></td><td><b>System</b></td><td><b>Display</b></td><td><b>Definition</b></td></tr><tr><td style=\"white-space:nowrap\"><a name=\"null-x-http---terminology.hl7.org-CodeSystem-condition-clinical-active\"> </a>\u00a0\u00a0<a href=\"http://terminology.hl7.org/5.5.0/CodeSystem-condition-clinical.html#condition-clinical-active\">active</a></td><td>http://terminology.hl7.org/CodeSystem/condition-clinical</td><td>Active</td><td><div><p>The subject is currently experiencing the condition or situation, there is evidence of the condition or situation, or considered to be a significant risk.</p>\n</div></td></tr><tr><td style=\"white-space:nowrap\"><a name=\"null-x-http---terminology.hl7.org-CodeSystem-condition-clinical-inactive\"> </a>\u00a0\u00a0<a href=\"http://terminology.hl7.org/5.5.0/CodeSystem-condition-clinical.html#condition-clinical-inactive\">inactive</a></td><td>http://terminology.hl7.org/CodeSystem/condition-clinical</td><td>Inactive</td><td><div><p>The subject is no longer experiencing the condition or situation and there is no longer evidence or appreciable risk of the condition or situation.</p>\n</div></td></tr></table></div>"
      },
      "url" : "https://department-of-veterans-affairs.github.io/mhv-fhir-phr-mapping/ValueSet/ConditionClinicalStatusVS",
      "version" : "0.3.8",
      "name" : "ConditionClinicalStatusVS",
      "title" : "Subset of condition clinical status",
      "status" : "active",
      "experimental" : false,
      "date" : "2024-07-12T09:49:05-05:00",
      "jurisdiction" : [{
        "coding" : [{
          "system" : "urn:iso:std:iso:3166",
          "code" : "US"
        }]
      }],
      "expansion" : {
        "identifier" : "urn:uuid:a8b194ee-7962-422d-8632-e191d0f14c0e",
        "timestamp" : "2024-07-12T09:52:46-05:00",
        "total" : 2,
        "offset" : 0,
        "parameter" : [{
          "name" : "count",
          "valueInteger" : 1000
        },
        {
          "name" : "offset",
          "valueInteger" : 0
        },
        {
          "name" : "excludeNested",
          "valueBoolean" : false
        },
        {
          "name" : "used-codesystem",
          "valueUri" : "http://terminology.hl7.org/CodeSystem/condition-clinical|3.0.0"
        }],
        "contains" : [{
          "system" : "http://terminology.hl7.org/CodeSystem/condition-clinical",
          "code" : "active",
          "display" : "Active"
        },
        {
          "system" : "http://terminology.hl7.org/CodeSystem/condition-clinical",
          "code" : "inactive",
          "display" : "Inactive"
        }]
      }
    }
  },
  {
    "fullUrl" : "https://department-of-veterans-affairs.github.io/mhv-fhir-phr-mapping/ValueSet/ConditionVerificationVS",
    "resource" : {
      "resourceType" : "ValueSet",
      "text" : {
        "status" : "generated",
        "div" : "<div xmlns=\"http://www.w3.org/1999/xhtml\"><p class=\"res-header-id\"><b>Generated Narrative: ValueSet </b></p><p style=\"border: black 1px dotted; background-color: #EEEEEE; padding: 8px; margin-bottom: 8px\">Expansion based on <a href=\"http://terminology.hl7.org/5.5.0/CodeSystem-condition-ver-status.html\">codesystem ConditionVerificationStatus v2.0.0 (CodeSystem)</a></p><p>This value set contains 3 concepts</p><table class=\"codes\"><tr><td style=\"white-space:nowrap\"><b>Code</b></td><td><b>System</b></td><td><b>Display</b></td><td><b>Definition</b></td></tr><tr><td style=\"white-space:nowrap\"><a name=\"null-x-http---terminology.hl7.org-CodeSystem-condition-ver-status-confirmed\"> </a>\u00a0\u00a0<a href=\"http://terminology.hl7.org/5.5.0/CodeSystem-condition-ver-status.html#condition-ver-status-confirmed\">confirmed</a></td><td>http://terminology.hl7.org/CodeSystem/condition-ver-status</td><td>Confirmed</td><td><div><p>There is sufficient evidence to assert the presence of the subject's condition.</p>\n</div></td></tr><tr><td style=\"white-space:nowrap\"><a name=\"null-x-http---terminology.hl7.org-CodeSystem-condition-ver-status-unconfirmed\"> </a>\u00a0\u00a0<a href=\"http://terminology.hl7.org/5.5.0/CodeSystem-condition-ver-status.html#condition-ver-status-unconfirmed\">unconfirmed</a></td><td>http://terminology.hl7.org/CodeSystem/condition-ver-status</td><td>Unconfirmed</td><td><div><p>There is not sufficient evidence to assert the presence of the subject's condition.</p>\n</div></td></tr><tr><td style=\"white-space:nowrap\"><a name=\"null-x-http---terminology.hl7.org-CodeSystem-condition-ver-status-entered-in-error\"> </a>\u00a0\u00a0<a href=\"http://terminology.hl7.org/5.5.0/CodeSystem-condition-ver-status.html#condition-ver-status-entered-in-error\">entered-in-error</a></td><td>http://terminology.hl7.org/CodeSystem/condition-ver-status</td><td>Entered in Error</td><td><div><p>The statement was entered in error and is not valid.</p>\n</div></td></tr></table></div>"
      },
      "url" : "https://department-of-veterans-affairs.github.io/mhv-fhir-phr-mapping/ValueSet/ConditionVerificationVS",
      "version" : "0.3.8",
      "name" : "ConditionVerificationVS",
      "title" : "Subset of condition verification status",
      "status" : "active",
      "experimental" : false,
      "date" : "2024-07-12T09:49:05-05:00",
      "jurisdiction" : [{
        "coding" : [{
          "system" : "urn:iso:std:iso:3166",
          "code" : "US"
        }]
      }],
      "expansion" : {
        "identifier" : "urn:uuid:a141fd8c-d5c3-404d-a59e-cfacc01f5b70",
        "timestamp" : "2024-07-12T09:52:46-05:00",
        "total" : 3,
        "offset" : 0,
        "parameter" : [{
          "name" : "count",
          "valueInteger" : 1000
        },
        {
          "name" : "offset",
          "valueInteger" : 0
        },
        {
          "name" : "excludeNested",
          "valueBoolean" : false
        },
        {
          "name" : "warning-draft",
          "valueUri" : "http://terminology.hl7.org/CodeSystem/condition-ver-status|2.0.0"
        },
        {
          "name" : "used-codesystem",
          "valueUri" : "http://terminology.hl7.org/CodeSystem/condition-ver-status|2.0.0"
        }],
        "contains" : [{
          "system" : "http://terminology.hl7.org/CodeSystem/condition-ver-status",
          "code" : "confirmed",
          "display" : "Confirmed"
        },
        {
          "system" : "http://terminology.hl7.org/CodeSystem/condition-ver-status",
          "code" : "unconfirmed",
          "display" : "Unconfirmed"
        },
        {
          "system" : "http://terminology.hl7.org/CodeSystem/condition-ver-status",
          "code" : "entered-in-error",
          "display" : "Entered in Error"
        }]
      }
    }
  },
  {
    "fullUrl" : "https://department-of-veterans-affairs.github.io/mhv-fhir-phr-mapping/ValueSet/DocumentReferenceTypeVS",
    "resource" : {
      "resourceType" : "ValueSet",
      "text" : {
        "status" : "generated",
        "div" : "<div xmlns=\"http://www.w3.org/1999/xhtml\"><p class=\"res-header-id\"><b>Generated Narrative: ValueSet </b></p><div style=\"border: black 1px dotted; background-color: #EEEEEE; padding: 8px; margin-bottom: 8px\"><p>Expansion based on:</p><ul><li>Loinc v2.77</li><li><a href=\"ValueSet-NoteTypeVS.html\">valueset Known Note types v0.3.8 (ValueSet)</a></li></ul></div><p>This value set contains 4 concepts</p><table class=\"codes\"><tr><td style=\"white-space:nowrap\"><b>Code</b></td><td><b>System</b></td><td><b>Display</b></td></tr><tr><td style=\"white-space:nowrap\"><a name=\"null-x-http---loinc.org-18842-5\"> </a>\u00a0\u00a0<a href=\"https://loinc.org/18842-5/\">18842-5</a></td><td>http://loinc.org</td><td>Discharge summary</td></tr><tr><td style=\"white-space:nowrap\"><a name=\"null-x-http---loinc.org-11506-3\"> </a>\u00a0\u00a0<a href=\"https://loinc.org/11506-3/\">11506-3</a></td><td>http://loinc.org</td><td>Progress note</td></tr><tr><td style=\"white-space:nowrap\"><a name=\"null-x-http---loinc.org-11488-4\"> </a>\u00a0\u00a0<a href=\"https://loinc.org/11488-4/\">11488-4</a></td><td>http://loinc.org</td><td>Consult note</td></tr><tr><td style=\"white-space:nowrap\"><a name=\"null-x-http---loinc.org-11524-6\"> </a>\u00a0\u00a0<a href=\"https://loinc.org/11524-6/\">11524-6</a></td><td>http://loinc.org</td><td>EKG study</td></tr></table></div>"
      },
      "url" : "https://department-of-veterans-affairs.github.io/mhv-fhir-phr-mapping/ValueSet/DocumentReferenceTypeVS",
      "version" : "0.3.8",
      "name" : "DocumentReferenceTypeVS",
      "title" : "Known DocumentReference types",
      "status" : "active",
      "experimental" : false,
      "date" : "2024-07-12T09:49:05-05:00",
      "jurisdiction" : [{
        "coding" : [{
          "system" : "urn:iso:std:iso:3166",
          "code" : "US"
        }]
      }],
      "expansion" : {
        "identifier" : "urn:uuid:96422a39-e1a6-444d-8dfe-b196600e7afb",
        "timestamp" : "2024-07-12T09:52:47-05:00",
        "total" : 4,
        "offset" : 0,
        "parameter" : [{
          "name" : "count",
          "valueInteger" : 1000
        },
        {
          "name" : "offset",
          "valueInteger" : 0
        },
        {
          "name" : "excludeNested",
          "valueBoolean" : false
        },
        {
          "name" : "used-valueset",
          "valueUri" : "https://department-of-veterans-affairs.github.io/mhv-fhir-phr-mapping/ValueSet/NoteTypeVS|0.3.8"
        },
        {
          "name" : "used-valueset",
          "valueUri" : "null"
        },
        {
          "name" : "used-codesystem",
          "valueUri" : "http://loinc.org|2.77"
        },
        {
          "name" : "version",
          "valueUri" : "http://loinc.org|2.77"
        },
        {
          "name" : "excludeNested",
          "valueBoolean" : true
        }],
        "contains" : [{
          "system" : "http://loinc.org",
          "code" : "18842-5",
          "display" : "Discharge summary"
        },
        {
          "system" : "http://loinc.org",
          "code" : "11506-3",
          "display" : "Progress note"
        },
        {
          "system" : "http://loinc.org",
          "code" : "11488-4",
          "display" : "Consult note"
        },
        {
          "system" : "http://loinc.org",
          "code" : "11524-6",
          "display" : "EKG study"
        }]
      }
    }
  },
  {
    "fullUrl" : "https://department-of-veterans-affairs.github.io/mhv-fhir-phr-mapping/ValueSet/KindLabReportVS",
    "resource" : {
      "resourceType" : "ValueSet",
      "text" : {
        "status" : "generated",
        "div" : "<div xmlns=\"http://www.w3.org/1999/xhtml\"><p class=\"res-header-id\"><b>Generated Narrative: ValueSet </b></p><div style=\"border: black 1px dotted; background-color: #EEEEEE; padding: 8px; margin-bottom: 8px\"><p>Expansion based on:</p><ul><li>SNOMED CT International edition 01-Feb 2024</li><li><a href=\"http://terminology.hl7.org/5.0.0/CodeSystem-v2-0074.html\">codesystem diagnosticServiceSectionId v2.5.0 (CodeSystem)</a></li></ul></div><p>This value set contains 5 concepts</p><table class=\"codes\"><tr><td style=\"white-space:nowrap\"><b>Code</b></td><td><b>System</b></td><td><b>Display</b></td><td><b>Definition</b></td></tr><tr><td style=\"white-space:nowrap\"><a name=\"null-x-http---terminology.hl7.org-CodeSystem-v2-0074-SP\"> </a>\u00a0\u00a0<a href=\"http://terminology.hl7.org/5.0.0/CodeSystem-v2-0074.html#v2-0074-SP\">SP</a></td><td>http://terminology.hl7.org/CodeSystem/v2-0074</td><td>Surgical Pathology</td><td><div><p>Surgical Pathology</p>\n</div></td></tr><tr><td style=\"white-space:nowrap\"><a name=\"null-x-http---terminology.hl7.org-CodeSystem-v2-0074-CP\"> </a>\u00a0\u00a0<a href=\"http://terminology.hl7.org/5.0.0/CodeSystem-v2-0074.html#v2-0074-CP\">CP</a></td><td>http://terminology.hl7.org/CodeSystem/v2-0074</td><td>Cytopathology</td><td><div><p>Cytopathology</p>\n</div></td></tr><tr><td style=\"white-space:nowrap\"><a name=\"null-x-http---terminology.hl7.org-CodeSystem-v2-0074-OTH\"> </a>\u00a0\u00a0<a href=\"http://terminology.hl7.org/5.0.0/CodeSystem-v2-0074.html#v2-0074-OTH\">OTH</a></td><td>http://terminology.hl7.org/CodeSystem/v2-0074</td><td>Other</td><td><div><p>Other</p>\n</div></td></tr><tr><td style=\"white-space:nowrap\"><a name=\"null-x-http---terminology.hl7.org-CodeSystem-v2-0074-MB\"> </a>\u00a0\u00a0<a href=\"http://terminology.hl7.org/5.0.0/CodeSystem-v2-0074.html#v2-0074-MB\">MB</a></td><td>http://terminology.hl7.org/CodeSystem/v2-0074</td><td>Microbiology</td><td><div><p>Microbiology</p>\n</div></td></tr><tr><td style=\"white-space:nowrap\"><a name=\"null-x-http---snomed.info-sct-73512001\"> </a>\u00a0\u00a0<a href=\"http://snomed.info/id/73512001\">73512001</a></td><td>http://snomed.info/sct</td><td>Electron microscopic study</td><td><div/></td></tr></table></div>"
      },
      "url" : "https://department-of-veterans-affairs.github.io/mhv-fhir-phr-mapping/ValueSet/KindLabReportVS",
      "version" : "0.3.8",
      "name" : "KindLabReportVS",
      "title" : "Kind of Lab Report",
      "status" : "active",
      "experimental" : false,
      "date" : "2024-07-12T09:49:05-05:00",
      "jurisdiction" : [{
        "coding" : [{
          "system" : "urn:iso:std:iso:3166",
          "code" : "US"
        }]
      }],
      "expansion" : {
        "identifier" : "urn:uuid:cde447be-f71c-46d1-9d8c-42a59689ab05",
        "timestamp" : "2024-07-12T09:52:47-05:00",
        "total" : 5,
        "offset" : 0,
        "parameter" : [{
          "name" : "count",
          "valueInteger" : 1000
        },
        {
          "name" : "offset",
          "valueInteger" : 0
        },
        {
          "name" : "excludeNested",
          "valueBoolean" : false
        },
        {
          "name" : "used-codesystem",
          "valueUri" : "http://terminology.hl7.org/CodeSystem/v2-0074|2.5.0"
        },
        {
          "name" : "used-valueset",
          "valueUri" : "null"
        },
        {
          "name" : "excludeNested",
          "valueBoolean" : true
        },
        {
          "name" : "used-codesystem",
          "valueUri" : "http://snomed.info/sct|http://snomed.info/sct/900000000000207008/version/20240201"
        },
        {
          "name" : "version",
          "valueUri" : "http://snomed.info/sct|http://snomed.info/sct/900000000000207008/version/20240201"
        }],
        "contains" : [{
          "system" : "http://terminology.hl7.org/CodeSystem/v2-0074",
          "code" : "SP",
          "display" : "Surgical Pathology"
        },
        {
          "system" : "http://terminology.hl7.org/CodeSystem/v2-0074",
          "code" : "CP",
          "display" : "Cytopathology"
        },
        {
          "system" : "http://terminology.hl7.org/CodeSystem/v2-0074",
          "code" : "OTH",
          "display" : "Other"
        },
        {
          "system" : "http://terminology.hl7.org/CodeSystem/v2-0074",
          "code" : "MB",
          "display" : "Microbiology"
        },
        {
          "system" : "http://snomed.info/sct",
          "code" : "73512001",
          "display" : "Electron microscopic study"
        }]
      }
    }
  },
  {
    "fullUrl" : "https://department-of-veterans-affairs.github.io/mhv-fhir-phr-mapping/ValueSet/LabReportVS",
    "resource" : {
      "resourceType" : "ValueSet",
      "text" : {
        "status" : "generated",
        "div" : "<div xmlns=\"http://www.w3.org/1999/xhtml\"><p class=\"res-header-id\"><b>Generated Narrative: ValueSet </b></p><p style=\"border: black 1px dotted; background-color: #EEEEEE; padding: 8px; margin-bottom: 8px\">Expansion based on Loinc v2.77</p><p>This value set contains 2 concepts</p><table class=\"codes\"><tr><td style=\"white-space:nowrap\"><b>Code</b></td><td><b>System</b></td><td><b>Display</b></td></tr><tr><td style=\"white-space:nowrap\"><a name=\"null-x-http---loinc.org-18725-2\"> </a>\u00a0\u00a0<a href=\"https://loinc.org/18725-2/\">18725-2</a></td><td>http://loinc.org</td><td>Microbiology studies (set)</td></tr><tr><td style=\"white-space:nowrap\"><a name=\"null-x-http---loinc.org-11526-1\"> </a>\u00a0\u00a0<a href=\"https://loinc.org/11526-1/\">11526-1</a></td><td>http://loinc.org</td><td>Pathology study</td></tr></table></div>"
      },
      "url" : "https://department-of-veterans-affairs.github.io/mhv-fhir-phr-mapping/ValueSet/LabReportVS",
      "version" : "0.3.8",
      "name" : "LabReportVS",
      "title" : "Known Lab Report types",
      "status" : "active",
      "experimental" : false,
      "date" : "2024-07-12T09:49:05-05:00",
      "jurisdiction" : [{
        "coding" : [{
          "system" : "urn:iso:std:iso:3166",
          "code" : "US"
        }]
      }],
      "expansion" : {
        "identifier" : "urn:uuid:aec0a037-b13b-4f92-9697-0a2907cce06b",
        "timestamp" : "2024-07-12T09:52:47-05:00",
        "total" : 2,
        "offset" : 0,
        "parameter" : [{
          "name" : "count",
          "valueInteger" : 1000
        },
        {
          "name" : "offset",
          "valueInteger" : 0
        },
        {
          "name" : "excludeNested",
          "valueBoolean" : false
        },
        {
          "name" : "used-valueset",
          "valueUri" : "null"
        },
        {
          "name" : "used-codesystem",
          "valueUri" : "http://loinc.org|2.77"
        },
        {
          "name" : "version",
          "valueUri" : "http://loinc.org|2.77"
        }],
        "contains" : [{
          "system" : "http://loinc.org",
          "code" : "18725-2",
          "display" : "Microbiology studies (set)"
        },
        {
          "system" : "http://loinc.org",
          "code" : "11526-1",
          "display" : "Pathology study"
        }]
      }
    }
  },
  {
    "fullUrl" : "https://department-of-veterans-affairs.github.io/mhv-fhir-phr-mapping/ValueSet/NoteTypeVS",
    "resource" : {
      "resourceType" : "ValueSet",
      "text" : {
        "status" : "generated",
        "div" : "<div xmlns=\"http://www.w3.org/1999/xhtml\"><p class=\"res-header-id\"><b>Generated Narrative: ValueSet </b></p><p style=\"border: black 1px dotted; background-color: #EEEEEE; padding: 8px; margin-bottom: 8px\">Expansion based on Loinc v2.77</p><p>This value set contains 3 concepts</p><table class=\"codes\"><tr><td style=\"white-space:nowrap\"><b>Code</b></td><td><b>System</b></td><td><b>Display</b></td></tr><tr><td style=\"white-space:nowrap\"><a name=\"null-x-http---loinc.org-18842-5\"> </a>\u00a0\u00a0<a href=\"https://loinc.org/18842-5/\">18842-5</a></td><td>http://loinc.org</td><td>Discharge summary</td></tr><tr><td style=\"white-space:nowrap\"><a name=\"null-x-http---loinc.org-11506-3\"> </a>\u00a0\u00a0<a href=\"https://loinc.org/11506-3/\">11506-3</a></td><td>http://loinc.org</td><td>Progress note</td></tr><tr><td style=\"white-space:nowrap\"><a name=\"null-x-http---loinc.org-11488-4\"> </a>\u00a0\u00a0<a href=\"https://loinc.org/11488-4/\">11488-4</a></td><td>http://loinc.org</td><td>Consult note</td></tr></table></div>"
      },
      "url" : "https://department-of-veterans-affairs.github.io/mhv-fhir-phr-mapping/ValueSet/NoteTypeVS",
      "version" : "0.3.8",
      "name" : "NoteTypeVS",
      "title" : "Known Note types",
      "status" : "active",
      "experimental" : false,
      "date" : "2024-07-12T09:49:05-05:00",
      "jurisdiction" : [{
        "coding" : [{
          "system" : "urn:iso:std:iso:3166",
          "code" : "US"
        }]
      }],
      "expansion" : {
        "identifier" : "urn:uuid:6ce81888-fbbc-4b31-9ea8-a75ae3f3a205",
        "timestamp" : "2024-07-12T09:52:47-05:00",
        "total" : 3,
        "offset" : 0,
        "parameter" : [{
          "name" : "count",
          "valueInteger" : 1000
        },
        {
          "name" : "offset",
          "valueInteger" : 0
        },
        {
          "name" : "excludeNested",
          "valueBoolean" : false
        },
        {
          "name" : "used-valueset",
          "valueUri" : "null"
        },
        {
          "name" : "used-codesystem",
          "valueUri" : "http://loinc.org|2.77"
        },
        {
          "name" : "version",
          "valueUri" : "http://loinc.org|2.77"
        }],
        "contains" : [{
          "system" : "http://loinc.org",
          "code" : "18842-5",
          "display" : "Discharge summary"
        },
        {
          "system" : "http://loinc.org",
          "code" : "11506-3",
          "display" : "Progress note"
        },
        {
          "system" : "http://loinc.org",
          "code" : "11488-4",
          "display" : "Consult note"
        }]
      }
    }
  }]
}