[
  {
    "id" : "MHVcapabilities",
    "type" : "CapabilityStatement",
    "url" : "https://johnmoehrke.github.io/MHV-PHR/CapabilityStatement/MHVcapabilities",
    "version" : "0.1.0-beta",
    "name" : "MHV_PHR"
  },
  {
    "id" : "va.mhv.phr.example",
    "type" : "ImplementationGuide",
    "url" : "https://johnmoehrke.github.io/MHV-PHR/ImplementationGuide/va.mhv.phr.example",
    "version" : "0.1.0-beta",
    "name" : "MHVPHR"
  },
  {
    "id" : "VA.MHV.PHR.immunization",
    "type" : "StructureDefinition",
    "url" : "https://johnmoehrke.github.io/MHV-PHR/StructureDefinition/VA.MHV.PHR.immunization",
    "version" : "0.1.0-beta",
    "name" : "MHVimmunization"
  },
  {
    "id" : "VA.MHV.PHR.lab",
    "type" : "StructureDefinition",
    "url" : "https://johnmoehrke.github.io/MHV-PHR/StructureDefinition/VA.MHV.PHR.lab",
    "version" : "0.1.0-beta",
    "name" : "MHVlab"
  },
  {
    "id" : "VA.MHV.PHR.note",
    "type" : "StructureDefinition",
    "url" : "https://johnmoehrke.github.io/MHV-PHR/StructureDefinition/VA.MHV.PHR.note",
    "version" : "0.1.0-beta",
    "name" : "MHVnote"
  }
]
