{
  "resourceType" : "Immunization",
  "id" : "ex-MHV-immunization-2",
  "meta" : {
    "profile" : ["https://johnmoehrke.github.io/MHV-PHR/StructureDefinition/VA.MHV.PHR.immunization"]
  },
  "text" : {
    "status" : "generated",
    "div" : "<div xmlns=\"http://www.w3.org/1999/xhtml\"><p><b>Generated Narrative: Immunization</b><a name=\"ex-MHV-immunization-2\"> </a></p><div style=\"display: inline-block; background-color: #d9e0e7; padding: 6px; margin: 4px; border: 1px solid #8da1b4; border-radius: 5px; line-height: 60%\"><p style=\"margin-bottom: 0px\">Resource Immunization &quot;ex-MHV-immunization-2&quot; </p><p style=\"margin-bottom: 0px\">Profile: <a href=\"StructureDefinition-VA.MHV.PHR.immunization.html\">VA MHV PHR Immunization</a></p></div><p><b>identifier</b>: id: 124685 (use: USUAL)</p><p><b>status</b>: completed</p><p><b>vaccineCode</b>: INFLUENZA, INJECTABLE, QUADRIVALENT <span style=\"background: LightGoldenRodYellow; margin: 4px; border: 1px solid khaki\"> ()</span></p><p><b>patient</b>: <a href=\"Patient-ex-patient-1.html\">Patient/ex-patient-1</a> &quot; DAYTSHR&quot;</p><p><b>occurrence</b>: 2022-08-05 16:56:38+0000</p><p><b>recorded</b>: 2022-08-05 16:56:38+0000</p><p><b>primarySource</b>: false</p><p><b>note</b>: test comment</p><h3>Reactions</h3><table class=\"grid\"><tr><td>-</td><td><b>Detail</b></td></tr><tr><td>*</td><td><a name=\"in-reaction-2\"> </a><blockquote><p/><p><a name=\"in-reaction-2\"> </a></p><p><b>status</b>: final</p><p><b>code</b>: Fever (finding) <span style=\"background: LightGoldenRodYellow; margin: 4px; border: 1px solid khaki\"> (<a href=\"https://browser.ihtsdotools.org/\">SNOMED CT</a>#386661006)</span></p></blockquote></td></tr></table><hr/><blockquote><p><b>Generated Narrative: Observation #in-reaction-2</b><a name=\"in-reaction-2\"> </a></p><p><b>status</b>: final</p><p><b>code</b>: Fever (finding) <span style=\"background: LightGoldenRodYellow; margin: 4px; border: 1px solid khaki\"> (<a href=\"https://browser.ihtsdotools.org/\">SNOMED CT</a>#386661006)</span></p></blockquote></div>"
  },
  "contained" : [{
    "resourceType" : "Observation",
    "id" : "in-reaction-2",
    "status" : "final",
    "code" : {
      "coding" : [{
        "system" : "http://snomed.info/sct",
        "code" : "386661006"
      }]
    }
  }],
  "identifier" : [{
    "use" : "usual",
    "value" : "124685"
  }],
  "status" : "completed",
  "vaccineCode" : {
    "text" : "INFLUENZA, INJECTABLE, QUADRIVALENT"
  },
  "patient" : {
    "reference" : "Patient/ex-patient-1"
  },
  "occurrenceDateTime" : "2022-08-05T16:56:38Z",
  "recorded" : "2022-08-05T16:56:38Z",
  "primarySource" : false,
  "note" : [{
    "text" : "test comment"
  }],
  "reaction" : [{
    "detail" : {
      "reference" : "#in-reaction-2"
    }
  }]
}