<?xml version="1.0" encoding="UTF-8"?>

<Patient xmlns="http://hl7.org/fhir">
  <id value="ex-patient-1"/>
  <meta>
    <security>
      <display value="0"/>
    </security>
  </meta>
  <text>
    <status value="generated"/><div xmlns="http://www.w3.org/1999/xhtml"><p style="border: 1px #661aff solid; background-color: #e6e6ff; padding: 10px;"><b>MTPZEROTWO DAYTSHR </b> (no stated gender), DoB Unknown ( mpiPID: 1013699147 (use: OFFICIAL))</p><hr/><table class="grid"><tr><td style="background-color: #f3f5da" title="Other Ids (see the one above)">Other Id:</td><td colspan="3">localPID: 552164786 (use: SECONDARY)</td></tr></table></div>
  </text>
  <identifier>
    <use value="official"/>
    <type>
      <text value="mpiPID"/>
    </type>
    <value value="1013699147"/>
  </identifier>
  <identifier>
    <use value="secondary"/>
    <type>
      <text value="localPID"/>
    </type>
    <value value="552164786"/>
  </identifier>
  <name>
    <use value="usual"/>
    <family value="DAYTSHR"/>
    <given value="MTPZEROTWO"/>
  </name>
</Patient>