{
  "resourceType" : "AllergyIntolerance",
  "id" : "ex-MHV-allergy-5",
  "meta" : {
    "profile" : ["https://department-of-veterans-affairs.github.io/mhv-fhir-phr-mapping/StructureDefinition/VA.MHV.PHR.allergyIntolerance"]
  },
  "text" : {
    "status" : "extensions",
    "div" : "<div xmlns=\"http://www.w3.org/1999/xhtml\"><p><b>Generated Narrative: AllergyIntolerance</b><a name=\"ex-MHV-allergy-5\"> </a></p><div style=\"display: inline-block; background-color: #d9e0e7; padding: 6px; margin: 4px; border: 1px solid #8da1b4; border-radius: 5px; line-height: 60%\"><p style=\"margin-bottom: 0px\">Resource AllergyIntolerance &quot;ex-MHV-allergy-5&quot; </p><p style=\"margin-bottom: 0px\">Profile: <a href=\"StructureDefinition-VA.MHV.PHR.allergyIntolerance.html\">VA MHV PHR Allergy and Intolerance</a></p></div><p><b>Allergy Observed vs Historic</b>: o</p><p><b>identifier</b>: <code>http://va.gov/systems/979_120.8</code>/69067\u00a0(use:\u00a0OFFICIAL)</p><p><b>clinicalStatus</b>: Active <span style=\"background: LightGoldenRodYellow; margin: 4px; border: 1px solid khaki\"> (<a href=\"http://terminology.hl7.org/5.0.0/CodeSystem-allergyintolerance-clinical.html\">AllergyIntolerance Clinical Status Codes</a>#active)</span></p><p><b>category</b>: medication</p><p><b>code</b>: BALSALAZIDE <span style=\"background: LightGoldenRodYellow; margin: 4px; border: 1px solid khaki\"> ()</span></p><p><b>patient</b>: <a href=\"Patient-ex-MHV-patient-89486.html\">Patient/ex-MHV-patient-89486</a> &quot; MHVASPXXI&quot;</p><p><b>recordedDate</b>: 2011-02-16 14:33:00+0000</p><p><b>recorder</b>: <span>: Organization 979</span></p><p><b>note</b>: new comments would go here, thanks  ( @Feb 16, 2011, 8:34:18\u202fAM)</p><h3>Reactions</h3><table class=\"grid\"><tr><td style=\"display: none\">-</td><td><b>Manifestation</b></td></tr><tr><td style=\"display: none\">*</td><td>DELIRIUM <span style=\"background: LightGoldenRodYellow; margin: 4px; border: 1px solid khaki\"> (unknown#4637015)</span></td></tr></table><hr/><blockquote><p><b>Generated Narrative: Organization #ex-MHV-organization-979</b><a name=\"ex-MHV-organization-979\"> </a></p><p><b>identifier</b>: FI/979\u00a0(use:\u00a0USUAL)</p><p><b>active</b>: true</p><p><b>name</b>: Organization 979</p></blockquote></div>"
  },
  "contained" : [{
    "resourceType" : "Organization",
    "id" : "ex-MHV-organization-979",
    "meta" : {
      "profile" : ["https://department-of-veterans-affairs.github.io/mhv-fhir-phr-mapping/StructureDefinition/VA.MHV.PHR.organization"]
    },
    "identifier" : [{
      "use" : "usual",
      "type" : {
        "text" : "FI"
      },
      "system" : "urn:oid:2.16.840.1.113883.4.349",
      "value" : "979"
    }],
    "active" : true,
    "name" : "Organization 979"
  }],
  "extension" : [{
    "url" : "https://department-of-veterans-affairs.github.io/mhv-fhir-phr-mapping/StructureDefinition/allergyObservedHistoric",
    "valueCode" : "o"
  }],
  "identifier" : [{
    "use" : "official",
    "system" : "http://va.gov/systems/979_120.8",
    "value" : "69067"
  }],
  "clinicalStatus" : {
    "coding" : [{
      "system" : "http://terminology.hl7.org/CodeSystem/allergyintolerance-clinical",
      "code" : "active"
    }]
  },
  "category" : ["medication"],
  "code" : {
    "text" : "BALSALAZIDE"
  },
  "patient" : {
    "reference" : "Patient/ex-MHV-patient-89486"
  },
  "recordedDate" : "2011-02-16T14:33:00Z",
  "recorder" : {
    "extension" : [{
      "url" : "http://hl7.org/fhir/StructureDefinition/alternate-reference",
      "valueReference" : {
        "reference" : "#ex-MHV-organization-979"
      }
    }],
    "display" : "Organization 979"
  },
  "note" : [{
    "time" : "2011-02-16T14:34:18Z",
    "text" : "new comments would go here, thanks "
  }],
  "reaction" : [{
    "manifestation" : [{
      "coding" : [{
        "system" : "urn:oid:2.16.840.1.113883.6.233",
        "code" : "4637015"
      }],
      "text" : "DELIRIUM"
    }]
  }]
}