{
  "resourceType" : "AllergyIntolerance",
  "id" : "ex-MHV-allergy-4",
  "meta" : {
    "profile" : ["https://johnmoehrke.github.io/MHV-PHR/StructureDefinition/VA.MHV.PHR.allergyIntolerance"]
  },
  "text" : {
    "status" : "generated",
    "div" : "<div xmlns=\"http://www.w3.org/1999/xhtml\"><p><b>Generated Narrative: AllergyIntolerance</b><a name=\"ex-MHV-allergy-4\"> </a></p><div style=\"display: inline-block; background-color: #d9e0e7; padding: 6px; margin: 4px; border: 1px solid #8da1b4; border-radius: 5px; line-height: 60%\"><p style=\"margin-bottom: 0px\">Resource AllergyIntolerance &quot;ex-MHV-allergy-4&quot; </p><p style=\"margin-bottom: 0px\">Profile: <a href=\"StructureDefinition-VA.MHV.PHR.allergyIntolerance.html\">VA MHV PHR Allergy and Intolerance</a></p></div><p><b>identifier</b>: id:\u00a069066\u00a0(use:\u00a0USUAL)</p><p><b>clinicalStatus</b>: Active <span style=\"background: LightGoldenRodYellow; margin: 4px; border: 1px solid khaki\"> (<a href=\"http://terminology.hl7.org/3.1.0/CodeSystem-allergyintolerance-clinical.html\">AllergyIntolerance Clinical Status Codes</a>#active)</span></p><p><b>category</b>: medication, food</p><p><b>code</b>: ASPIRIN <span style=\"background: LightGoldenRodYellow; margin: 4px; border: 1px solid khaki\"> ([not stated] &quot;SALICYLATES,ANTIRHEUMATIC&quot;)</span></p><p><b>patient</b>: <a href=\"Patient-ex-MHV-patient-89486.html\">Patient/ex-MHV-patient-89486</a> &quot; MHVASPXXI&quot;</p><p><b>onset</b>: 2011-02-16 14:32:00+0000</p><p><b>note</b>: test comments for 11.2 release testing  ( @Feb 16, 2011, 8:33:26 AM)</p><h3>Reactions</h3><table class=\"grid\"><tr><td>-</td><td><b>Manifestation</b></td></tr><tr><td>*</td><td>RASH <span style=\"background: LightGoldenRodYellow; margin: 4px; border: 1px solid khaki\"> ([not stated]#4538635)</span></td></tr></table></div>"
  },
  "identifier" : [{
    "use" : "usual",
    "system" : "http://va.gov/systems/979_120.8",
    "value" : "69066"
  }],
  "clinicalStatus" : {
    "coding" : [{
      "system" : "http://terminology.hl7.org/CodeSystem/allergyintolerance-clinical",
      "code" : "active"
    }]
  },
  "category" : ["medication",
  "food"],
  "code" : {
    "coding" : [{
      "display" : "SALICYLATES,ANTIRHEUMATIC"
    }],
    "text" : "ASPIRIN"
  },
  "patient" : {
    "reference" : "Patient/ex-MHV-patient-89486"
  },
  "onsetDateTime" : "2011-02-16T14:32:00Z",
  "note" : [{
    "time" : "2011-02-16T14:33:26Z",
    "text" : "test comments for 11.2 release testing "
  }],
  "reaction" : [{
    "manifestation" : [{
      "coding" : [{
        "code" : "4538635"
      }],
      "text" : "RASH"
    }]
  }]
}