{
  "resourceType" : "AllergyIntolerance",
  "id" : "ex-MHV-allergy-7",
  "meta" : {
    "profile" : ["https://department-of-veterans-affairs.github.io/mhv-fhir-phr-mapping/StructureDefinition/VA.MHV.PHR.allergyIntolerance"]
  },
  "text" : {
    "status" : "generated",
    "div" : "<div xmlns=\"http://www.w3.org/1999/xhtml\"><p class=\"res-header-id\"><b>Generated Narrative: AllergyIntolerance ex-MHV-allergy-7</b></p><a name=\"ex-MHV-allergy-7\"> </a><a name=\"hcex-MHV-allergy-7\"> </a><a name=\"ex-MHV-allergy-7-en-US\"> </a><p><b>identifier</b>: <code>http://va.gov/systems/979_120.8</code>/69072\u00a0(use:\u00a0official,\u00a0)</p><p><b>clinicalStatus</b>: <span title=\"Codes:{http://terminology.hl7.org/CodeSystem/allergyintolerance-clinical active}\">Active</span></p><p><b>category</b>: Medication</p><p><b>code</b>: <span title=\"Codes:\">PENICILLIN</span></p><p><b>patient</b>: <a href=\"Patient-ex-MHV-patient-89486.html\">MHVPDAADLZ MHVASPXXI  Unknown, DoB: 1000-01-01 ( urn:oid:2.16.840.1.113883.4.349#89486\u00a0(use:\u00a0usual,\u00a0))</a></p><p><b>recordedDate</b>: 2011-02-21 08:09:00+0000</p><p><b>recorder</b>: Organization 979</p><p><b>note</b>: test ( @2011-02-21 08:09:43+0000)</p><h3>Reactions</h3><table class=\"grid\"><tr><td style=\"display: none\">-</td><td><b>Manifestation</b></td></tr><tr><td style=\"display: none\">*</td><td><span title=\"Codes:{urn:oid:2.16.840.1.113883.6.233 4637164}\">SWELLING</span></td></tr></table><hr/><blockquote><p class=\"res-header-id\"><b>Generated Narrative: Organization  #ex-MHV-organization-979</b></p><a name=\"ex-MHV-allergy-7/ex-MHV-organization-979\"> </a><a name=\"hcex-MHV-allergy-7/ex-MHV-organization-979\"> </a><a name=\"ex-MHV-allergy-7/ex-MHV-organization-979-en-US\"> </a><p><b>identifier</b>: FI/979\u00a0(use:\u00a0usual,\u00a0)</p><p><b>active</b>: true</p><p><b>name</b>: Organization 979</p></blockquote></div>"
  },
  "contained" : [{
    "resourceType" : "Organization",
    "id" : "ex-MHV-organization-979",
    "meta" : {
      "profile" : ["https://department-of-veterans-affairs.github.io/mhv-fhir-phr-mapping/StructureDefinition/VA.MHV.PHR.organization"]
    },
    "identifier" : [{
      "use" : "usual",
      "type" : {
        "text" : "FI"
      },
      "system" : "urn:oid:2.16.840.1.113883.4.349",
      "value" : "979"
    }],
    "active" : true,
    "name" : "Organization 979"
  }],
  "extension" : [{
    "url" : "https://department-of-veterans-affairs.github.io/mhv-fhir-phr-mapping/StructureDefinition/allergyObservedHistoric",
    "valueCode" : "h"
  }],
  "identifier" : [{
    "use" : "official",
    "system" : "http://va.gov/systems/979_120.8",
    "value" : "69072"
  }],
  "clinicalStatus" : {
    "coding" : [{
      "system" : "http://terminology.hl7.org/CodeSystem/allergyintolerance-clinical",
      "code" : "active"
    }]
  },
  "category" : ["medication"],
  "code" : {
    "text" : "PENICILLIN"
  },
  "patient" : {
    "reference" : "Patient/ex-MHV-patient-89486"
  },
  "recordedDate" : "2011-02-21T08:09:00Z",
  "recorder" : {
    "extension" : [{
      "url" : "http://hl7.org/fhir/StructureDefinition/alternate-reference",
      "valueReference" : {
        "reference" : "#ex-MHV-organization-979"
      }
    }],
    "display" : "Organization 979"
  },
  "note" : [{
    "time" : "2011-02-21T08:09:43Z",
    "text" : "test"
  }],
  "reaction" : [{
    "manifestation" : [{
      "coding" : [{
        "system" : "urn:oid:2.16.840.1.113883.6.233",
        "code" : "4637164"
      }],
      "text" : "SWELLING"
    }]
  }]
}