{
  "resourceType" : "AllergyIntolerance",
  "id" : "ex-MHV-allergy-1",
  "meta" : {
    "profile" : ["https://johnmoehrke.github.io/MHV-PHR/StructureDefinition/VA.MHV.PHR.allergyIntolerance"]
  },
  "text" : {
    "status" : "generated",
    "div" : "<div xmlns=\"http://www.w3.org/1999/xhtml\"><p><b>Generated Narrative: AllergyIntolerance</b><a name=\"ex-MHV-allergy-1\"> </a></p><div style=\"display: inline-block; background-color: #d9e0e7; padding: 6px; margin: 4px; border: 1px solid #8da1b4; border-radius: 5px; line-height: 60%\"><p style=\"margin-bottom: 0px\">Resource AllergyIntolerance &quot;ex-MHV-allergy-1&quot; </p><p style=\"margin-bottom: 0px\">Profile: <a href=\"StructureDefinition-VA.MHV.PHR.allergyIntolerance.html\">VA MHV PHR Allergy and Intolerance</a></p></div><p><b>identifier</b>: id:\u00a053495\u00a0(use:\u00a0USUAL)</p><p><b>clinicalStatus</b>: Active <span style=\"background: LightGoldenRodYellow; margin: 4px; border: 1px solid khaki\"> (<a href=\"http://terminology.hl7.org/3.1.0/CodeSystem-allergyintolerance-clinical.html\">AllergyIntolerance Clinical Status Codes</a>#active)</span></p><p><b>category</b>: medication</p><p><b>code</b>: CONTRAST MEDIA, OTHER <span style=\"background: LightGoldenRodYellow; margin: 4px; border: 1px solid khaki\"> ([not stated])</span></p><p><b>patient</b>: <a href=\"Patient-ex-MHV-patient-89486.html\">Patient/ex-MHV-patient-89486</a> &quot; MHVASPXXI&quot;</p><p><b>onset</b>: 2002-06-03 09:44:00+0000</p><p><b>note</b>: Updated using clean up process.  Changed reactant from IVP DYE (free text) to CONTRAST MEDIA, OTHER(file - PS(50.605,) ( @Jul 24, 2004, 1:29:07 PM)</p><h3>Reactions</h3><table class=\"grid\"><tr><td style=\"display: none\">-</td><td><b>Manifestation</b></td></tr><tr><td style=\"display: none\">*</td><td>RESPIRATORY DISTRESS <span style=\"background: LightGoldenRodYellow; margin: 4px; border: 1px solid khaki\"> (unknown#4637183)</span></td></tr></table></div>"
  },
  "identifier" : [{
    "use" : "usual",
    "system" : "http://va.gov/systems/979_120.8",
    "value" : "53495"
  }],
  "clinicalStatus" : {
    "coding" : [{
      "system" : "http://terminology.hl7.org/CodeSystem/allergyintolerance-clinical",
      "code" : "active"
    }]
  },
  "category" : ["medication"],
  "code" : {
    "coding" : [{
      "display" : "CONTRAST MEDIA, OTHER"
    }],
    "text" : "CONTRAST MEDIA, OTHER"
  },
  "patient" : {
    "reference" : "Patient/ex-MHV-patient-89486"
  },
  "onsetDateTime" : "2002-06-03T09:44:00Z",
  "note" : [{
    "time" : "2004-07-24T18:29:07Z",
    "text" : "Updated using clean up process.  Changed reactant from IVP DYE (free text) to CONTRAST MEDIA, OTHER(file - PS(50.605,)"
  }],
  "reaction" : [{
    "manifestation" : [{
      "coding" : [{
        "system" : "urn:oid:2.16.840.1.113883.6.233",
        "code" : "4637183"
      }],
      "text" : "RESPIRATORY DISTRESS"
    }]
  }]
}