{
  "resourceType" : "AllergyIntolerance",
  "id" : "ex-MHV-allergy-8",
  "meta" : {
    "profile" : ["https://johnmoehrke.github.io/MHV-PHR/StructureDefinition/VA.MHV.PHR.allergyIntolerance"]
  },
  "text" : {
    "status" : "generated",
    "div" : "<div xmlns=\"http://www.w3.org/1999/xhtml\"><p><b>Generated Narrative: AllergyIntolerance</b><a name=\"ex-MHV-allergy-8\"> </a></p><div style=\"display: inline-block; background-color: #d9e0e7; padding: 6px; margin: 4px; border: 1px solid #8da1b4; border-radius: 5px; line-height: 60%\"><p style=\"margin-bottom: 0px\">Resource AllergyIntolerance &quot;ex-MHV-allergy-8&quot; </p><p style=\"margin-bottom: 0px\">Profile: <a href=\"StructureDefinition-VA.MHV.PHR.allergyIntolerance.html\">VA MHV PHR Allergy and Intolerance</a></p></div><p><b>identifier</b>: id:\u00a069073\u00a0(use:\u00a0USUAL)</p><p><b>clinicalStatus</b>: Active <span style=\"background: LightGoldenRodYellow; margin: 4px; border: 1px solid khaki\"> (<a href=\"http://terminology.hl7.org/3.1.0/CodeSystem-allergyintolerance-clinical.html\">AllergyIntolerance Clinical Status Codes</a>#active)</span></p><p><b>category</b>: medication, food</p><p><b>code</b>: GRAPEFRUIT <span style=\"background: LightGoldenRodYellow; margin: 4px; border: 1px solid khaki\"> ()</span></p><p><b>patient</b>: <a href=\"Patient-ex-MHV-patient-89486.html\">Patient/ex-MHV-patient-89486</a> &quot; MHVASPXXI&quot;</p><p><b>onset</b>: 2011-02-21 08:11:00+0000</p><p><b>note</b>: test data ( @Feb 21, 2011, 2:11:42 AM)</p><blockquote><p><b>reaction</b></p><p><b>manifestation</b>: RASH <span style=\"background: LightGoldenRodYellow; margin: 4px; border: 1px solid khaki\"> ([not stated]#4538635)</span></p></blockquote><blockquote><p><b>reaction</b></p><p><b>manifestation</b>: SEDATED <span style=\"background: LightGoldenRodYellow; margin: 4px; border: 1px solid khaki\"> (unknown#4637177)</span></p></blockquote></div>"
  },
  "identifier" : [{
    "use" : "usual",
    "system" : "http://va.gov/systems/979_120.8",
    "value" : "69073"
  }],
  "clinicalStatus" : {
    "coding" : [{
      "system" : "http://terminology.hl7.org/CodeSystem/allergyintolerance-clinical",
      "code" : "active"
    }]
  },
  "category" : ["medication",
  "food"],
  "code" : {
    "text" : "GRAPEFRUIT"
  },
  "patient" : {
    "reference" : "Patient/ex-MHV-patient-89486"
  },
  "onsetDateTime" : "2011-02-21T08:11:00Z",
  "note" : [{
    "time" : "2011-02-21T08:11:42Z",
    "text" : "test data"
  }],
  "reaction" : [{
    "manifestation" : [{
      "coding" : [{
        "code" : "4538635"
      }],
      "text" : "RASH"
    }]
  },
  {
    "manifestation" : [{
      "coding" : [{
        "system" : "urn:oid:2.16.840.1.113883.6.233",
        "code" : "4637177"
      }],
      "text" : "SEDATED"
    }]
  }]
}