{
  "resourceType" : "CapabilityStatement",
  "id" : "MHVcapabilities",
  "text" : {
    "status" : "extensions",
    "div" : "<div xmlns=\"http://www.w3.org/1999/xhtml\">Placeholder</div>"
  },
  "extension" : [{
    "url" : "http://hl7.org/fhir/StructureDefinition/structuredefinition-fmm",
    "valueInteger" : 1,
    "_valueInteger" : {
      "extension" : [{
        "url" : "http://hl7.org/fhir/StructureDefinition/structuredefinition-conformance-derivedFrom",
        "valueCanonical" : "https://department-of-veterans-affairs.github.io/mhv-fhir-phr-mapping/ImplementationGuide/va.mhv.fhir.phr"
      }]
    }
  },
  {
    "url" : "http://hl7.org/fhir/StructureDefinition/structuredefinition-standards-status",
    "valueCode" : "trial-use",
    "_valueCode" : {
      "extension" : [{
        "url" : "http://hl7.org/fhir/StructureDefinition/structuredefinition-conformance-derivedFrom",
        "valueCanonical" : "https://department-of-veterans-affairs.github.io/mhv-fhir-phr-mapping/ImplementationGuide/va.mhv.fhir.phr"
      }]
    }
  }],
  "url" : "https://department-of-veterans-affairs.github.io/mhv-fhir-phr-mapping/CapabilityStatement/MHVcapabilities",
  "version" : "0.2.1",
  "name" : "MHV_PHR",
  "title" : "This indicates how MHV exposes PHR using FHIR",
  "status" : "active",
  "experimental" : false,
  "date" : "2023-08-23",
  "publisher" : "VA Digital Services",
  "contact" : [{
    "name" : "VA Digital Services",
    "telecom" : [{
      "system" : "url",
      "value" : "http://va.gov"
    },
    {
      "system" : "email",
      "value" : "JohnMoehrke@gmail.com"
    }]
  },
  {
    "name" : "John Moehrke (himself)",
    "telecom" : [{
      "system" : "email",
      "value" : "JohnMoehrke@gmail.com"
    }]
  }],
  "description" : "CapabilityStatement prototype for MHV as a FHIR Server exposing PHR data",
  "jurisdiction" : [{
    "coding" : [{
      "system" : "urn:iso:std:iso:3166",
      "code" : "US"
    }]
  }],
  "kind" : "requirements",
  "fhirVersion" : "4.0.1",
  "format" : ["application/fhir+json",
  "application/fhir+xml"],
  "rest" : [{
    "mode" : "server",
    "documentation" : "MHV supports queries to PHR.",
    "security" : {
      "cors" : false,
      "description" : "Security is system level, PGHD presumes MHV properly handles user (as patient) rights"
    },
    "resource" : [{
      "type" : "AllergyIntolerance",
      "supportedProfile" : ["https://department-of-veterans-affairs.github.io/mhv-fhir-phr-mapping/StructureDefinition/VA.MHV.PHR.allergyIntolerance"],
      "documentation" : "MHV [PGHD use](https://department-of-veterans-affairs.github.io/mhv-fhir-phr-mapping/index.html)",
      "interaction" : [{
        "code" : "search-type"
      },
      {
        "code" : "read"
      }]
    },
    {
      "type" : "Condition",
      "supportedProfile" : ["https://department-of-veterans-affairs.github.io/mhv-fhir-phr-mapping/StructureDefinition/VA.MHV.PHR.condition"],
      "documentation" : "MHV [PGHD use](https://department-of-veterans-affairs.github.io/mhv-fhir-phr-mapping/index.html)",
      "interaction" : [{
        "code" : "search-type"
      },
      {
        "code" : "read"
      }]
    },
    {
      "type" : "Observation",
      "supportedProfile" : ["https://department-of-veterans-affairs.github.io/mhv-fhir-phr-mapping/StructureDefinition/VA.MHV.PHR.vitals",
      "https://department-of-veterans-affairs.github.io/mhv-fhir-phr-mapping/StructureDefinition/VA.MHV.PHR.vitalsBP",
      "https://department-of-veterans-affairs.github.io/mhv-fhir-phr-mapping/StructureDefinition/VA.MHV.PHR.vitalsPain"],
      "documentation" : "MHV [PGHD use](https://department-of-veterans-affairs.github.io/mhv-fhir-phr-mapping/index.html)",
      "interaction" : [{
        "code" : "search-type"
      },
      {
        "code" : "read"
      }]
    },
    {
      "type" : "Immunization",
      "supportedProfile" : ["https://department-of-veterans-affairs.github.io/mhv-fhir-phr-mapping/StructureDefinition/VA.MHV.PHR.immunization"],
      "documentation" : "MHV [PGHD use](https://department-of-veterans-affairs.github.io/mhv-fhir-phr-mapping/index.html)",
      "interaction" : [{
        "code" : "search-type"
      },
      {
        "code" : "read"
      }]
    },
    {
      "type" : "DocumentReference",
      "supportedProfile" : ["https://department-of-veterans-affairs.github.io/mhv-fhir-phr-mapping/StructureDefinition/VA.MHV.PHR.documentReference",
      "https://department-of-veterans-affairs.github.io/mhv-fhir-phr-mapping/StructureDefinition/VA.MHV.PHR.note",
      "https://department-of-veterans-affairs.github.io/mhv-fhir-phr-mapping/StructureDefinition/VA.MHV.PHR.imaging",
      "https://department-of-veterans-affairs.github.io/mhv-fhir-phr-mapping/StructureDefinition/VA.MHV.PHR.ecg"],
      "documentation" : "MHV [PGHD use](https://department-of-veterans-affairs.github.io/mhv-fhir-phr-mapping/index.html)",
      "interaction" : [{
        "code" : "search-type"
      },
      {
        "code" : "read"
      }]
    },
    {
      "type" : "DiagnosticReport",
      "supportedProfile" : ["https://department-of-veterans-affairs.github.io/mhv-fhir-phr-mapping/StructureDefinition/VA.MHV.diagnosticReport",
      "https://department-of-veterans-affairs.github.io/mhv-fhir-phr-mapping/StructureDefinition/VA.MHV.PHR.chReport",
      "https://department-of-veterans-affairs.github.io/mhv-fhir-phr-mapping/StructureDefinition/VA.MHV.PHR.labReport"],
      "documentation" : "MHV [PGHD use](https://department-of-veterans-affairs.github.io/mhv-fhir-phr-mapping/index.html)",
      "interaction" : [{
        "code" : "search-type"
      },
      {
        "code" : "read"
      }]
    },
    {
      "type" : "Patient",
      "supportedProfile" : ["https://department-of-veterans-affairs.github.io/mhv-fhir-phr-mapping/StructureDefinition/VA.MHV.patient"],
      "interaction" : [{
        "code" : "search-type"
      },
      {
        "code" : "read"
      }]
    }],
    "interaction" : [{
      "code" : "search-system"
    }]
  }]
}