{
  "resourceType" : "ConceptMap",
  "id" : "DrugUcumCodes",
  "text" : {
    "status" : "extensions",
    "div" : "<div xmlns=\"http://www.w3.org/1999/xhtml\"><p>Mapping from (not specified) to (not specified)</p><p>ACTIVE. Published on 2023-12-15 by VA Digital Services  (VA Digital Services: <a href=\"http://va.gov\">http://va.gov</a>, John Moehrke (himself): <a href=\"mailto:John.Moehrke@va.gov\">John.Moehrke@va.gov</a>). </p><div><p>Vista units are close but often not exactly correct. This map gives the proper formal UCUM code.</p>\n<ul>\n<li>DrugUcum.csv - 11/08/2021, vhaislstewar, VHAT 325</li>\n</ul>\n</div><br/><p><b>Group 1 </b>Mapping from <code>urn:oid:2.16.840.1.113883.6.233</code> to <a href=\"http://terminology.hl7.org/5.0.0/CodeSystem-v3-ucum.html\">Unified Code for Units of Measure (UCUM)</a></p><table class=\"grid\"><tr><td><b>Source Code</b></td><td><b>Relationship</b></td><td><b>Target Code</b></td></tr><tr><td>5335551 (%)</td><td><a href=\"http://hl7.org/fhir/R4/codesystem-concept-map-equivalence.html#equal\" title=\"equal\">is equal to</a></td><td>% (percent)</td></tr><tr><td>5335489 (GM)</td><td><a href=\"http://hl7.org/fhir/R4/codesystem-concept-map-equivalence.html#equal\" title=\"equal\">is equal to</a></td><td>g (gram)</td></tr><tr><td>5335633 (MCG)</td><td><a href=\"http://hl7.org/fhir/R4/codesystem-concept-map-equivalence.html#equal\" title=\"equal\">is equal to</a></td><td>ug (microgram)</td></tr><tr><td>5336101 (MCG/24HR)</td><td><a href=\"http://hl7.org/fhir/R4/codesystem-concept-map-equivalence.html#equal\" title=\"equal\">is equal to</a></td><td>ug/(24.h) (microgram per 24 hour)</td></tr><tr><td>5336003 (MCG/HR)</td><td><a href=\"http://hl7.org/fhir/R4/codesystem-concept-map-equivalence.html#equal\" title=\"equal\">is equal to</a></td><td>ug/h (microgram per hour)</td></tr><tr><td>5335497 (MCG/ML)</td><td><a href=\"http://hl7.org/fhir/R4/codesystem-concept-map-equivalence.html#equal\" title=\"equal\">is equal to</a></td><td>ug/mL (microgram per milliliter)</td></tr><tr><td>5335647 (MEQ)</td><td><a href=\"http://hl7.org/fhir/R4/codesystem-concept-map-equivalence.html#equal\" title=\"equal\">is equal to</a></td><td>meq (milliequivalent)</td></tr><tr><td>5335503 (MG)</td><td><a href=\"http://hl7.org/fhir/R4/codesystem-concept-map-equivalence.html#equal\" title=\"equal\">is equal to</a></td><td>mg (milligram)</td></tr><tr><td>5335869 (MG/24HRS)</td><td><a href=\"http://hl7.org/fhir/R4/codesystem-concept-map-equivalence.html#equal\" title=\"equal\">is equal to</a></td><td>mg/(24.h) (milligram per 24 hour)</td></tr><tr><td>5335895 (MG/DAY)</td><td><a href=\"http://hl7.org/fhir/R4/codesystem-concept-map-equivalence.html#equal\" title=\"equal\">is equal to</a></td><td>mg/d (milligram per day)</td></tr><tr><td>5335677 (MG/GM)</td><td><a href=\"http://hl7.org/fhir/R4/codesystem-concept-map-equivalence.html#equal\" title=\"equal\">is equal to</a></td><td>mg/g (milligram per gram)</td></tr><tr><td>5336057 (MG/HR)</td><td><a href=\"http://hl7.org/fhir/R4/codesystem-concept-map-equivalence.html#equal\" title=\"equal\">is equal to</a></td><td>mg/h (milligram per hour)</td></tr><tr><td>5335505 (MG/ML)</td><td><a href=\"http://hl7.org/fhir/R4/codesystem-concept-map-equivalence.html#equal\" title=\"equal\">is equal to</a></td><td>mg/mL (milligram per milliliter)</td></tr></table></div>"
  },
  "extension" : [{
    "url" : "http://hl7.org/fhir/StructureDefinition/structuredefinition-fmm",
    "valueInteger" : 1,
    "_valueInteger" : {
      "extension" : [{
        "url" : "http://hl7.org/fhir/StructureDefinition/structuredefinition-conformance-derivedFrom",
        "valueCanonical" : "https://department-of-veterans-affairs.github.io/mhv-fhir-phr-mapping/ImplementationGuide/va.mhv.fhir.phr"
      }]
    }
  },
  {
    "url" : "http://hl7.org/fhir/StructureDefinition/structuredefinition-standards-status",
    "valueCode" : "trial-use",
    "_valueCode" : {
      "extension" : [{
        "url" : "http://hl7.org/fhir/StructureDefinition/structuredefinition-conformance-derivedFrom",
        "valueCanonical" : "https://department-of-veterans-affairs.github.io/mhv-fhir-phr-mapping/ImplementationGuide/va.mhv.fhir.phr"
      }]
    }
  }],
  "url" : "https://department-of-veterans-affairs.github.io/mhv-fhir-phr-mapping/ConceptMap/DrugUcumCodes",
  "version" : "0.3.7",
  "name" : "DrugTOucumCodes",
  "title" : "Mapping from Vista used drug units string to formal UCUM codes",
  "status" : "active",
  "experimental" : false,
  "date" : "2023-12-15",
  "publisher" : "VA Digital Services",
  "contact" : [{
    "name" : "VA Digital Services",
    "telecom" : [{
      "system" : "url",
      "value" : "http://va.gov"
    }]
  },
  {
    "name" : "John Moehrke (himself)",
    "telecom" : [{
      "system" : "email",
      "value" : "John.Moehrke@va.gov"
    }]
  }],
  "description" : "Vista units are close but often not exactly correct. This map gives the proper formal UCUM code.\n\n- DrugUcum.csv - 11/08/2021, vhaislstewar, VHAT 325",
  "jurisdiction" : [{
    "coding" : [{
      "system" : "urn:iso:std:iso:3166",
      "code" : "US"
    }]
  }],
  "purpose" : "To be able to use proper UCUM code in FHIR",
  "group" : [{
    "source" : "urn:oid:2.16.840.1.113883.6.233",
    "target" : "http://unitsofmeasure.org",
    "element" : [{
      "code" : "5335551",
      "display" : "%",
      "target" : [{
        "modifierExtension" : [{
          "url" : "http://hl7.org/fhir/1.0/StructureDefinition/extension-ConceptMap.element.target.equivalence",
          "valueCode" : "equal"
        }],
        "code" : "%",
        "display" : "percent",
        "equivalence" : "equal"
      }]
    },
    {
      "code" : "5335489",
      "display" : "GM",
      "target" : [{
        "modifierExtension" : [{
          "url" : "http://hl7.org/fhir/1.0/StructureDefinition/extension-ConceptMap.element.target.equivalence",
          "valueCode" : "equal"
        }],
        "code" : "g",
        "display" : "gram",
        "equivalence" : "equal"
      }]
    },
    {
      "code" : "5335633",
      "display" : "MCG",
      "target" : [{
        "modifierExtension" : [{
          "url" : "http://hl7.org/fhir/1.0/StructureDefinition/extension-ConceptMap.element.target.equivalence",
          "valueCode" : "equal"
        }],
        "code" : "ug",
        "display" : "microgram",
        "equivalence" : "equal"
      }]
    },
    {
      "code" : "5336101",
      "display" : "MCG/24HR",
      "target" : [{
        "modifierExtension" : [{
          "url" : "http://hl7.org/fhir/1.0/StructureDefinition/extension-ConceptMap.element.target.equivalence",
          "valueCode" : "equal"
        }],
        "code" : "ug/(24.h)",
        "display" : "microgram per 24 hour",
        "equivalence" : "equal"
      }]
    },
    {
      "code" : "5336003",
      "display" : "MCG/HR",
      "target" : [{
        "modifierExtension" : [{
          "url" : "http://hl7.org/fhir/1.0/StructureDefinition/extension-ConceptMap.element.target.equivalence",
          "valueCode" : "equal"
        }],
        "code" : "ug/h",
        "display" : "microgram per hour",
        "equivalence" : "equal"
      }]
    },
    {
      "code" : "5335497",
      "display" : "MCG/ML",
      "target" : [{
        "modifierExtension" : [{
          "url" : "http://hl7.org/fhir/1.0/StructureDefinition/extension-ConceptMap.element.target.equivalence",
          "valueCode" : "equal"
        }],
        "code" : "ug/mL",
        "display" : "microgram per milliliter",
        "equivalence" : "equal"
      }]
    },
    {
      "code" : "5335647",
      "display" : "MEQ",
      "target" : [{
        "modifierExtension" : [{
          "url" : "http://hl7.org/fhir/1.0/StructureDefinition/extension-ConceptMap.element.target.equivalence",
          "valueCode" : "equal"
        }],
        "code" : "meq",
        "display" : "milliequivalent",
        "equivalence" : "equal"
      }]
    },
    {
      "code" : "5335503",
      "display" : "MG",
      "target" : [{
        "modifierExtension" : [{
          "url" : "http://hl7.org/fhir/1.0/StructureDefinition/extension-ConceptMap.element.target.equivalence",
          "valueCode" : "equal"
        }],
        "code" : "mg",
        "display" : "milligram",
        "equivalence" : "equal"
      }]
    },
    {
      "code" : "5335869",
      "display" : "MG/24HRS",
      "target" : [{
        "modifierExtension" : [{
          "url" : "http://hl7.org/fhir/1.0/StructureDefinition/extension-ConceptMap.element.target.equivalence",
          "valueCode" : "equal"
        }],
        "code" : "mg/(24.h)",
        "display" : "milligram per 24 hour",
        "equivalence" : "equal"
      }]
    },
    {
      "code" : "5335895",
      "display" : "MG/DAY",
      "target" : [{
        "modifierExtension" : [{
          "url" : "http://hl7.org/fhir/1.0/StructureDefinition/extension-ConceptMap.element.target.equivalence",
          "valueCode" : "equal"
        }],
        "code" : "mg/d",
        "display" : "milligram per day",
        "equivalence" : "equal"
      }]
    },
    {
      "code" : "5335677",
      "display" : "MG/GM",
      "target" : [{
        "modifierExtension" : [{
          "url" : "http://hl7.org/fhir/1.0/StructureDefinition/extension-ConceptMap.element.target.equivalence",
          "valueCode" : "equal"
        }],
        "code" : "mg/g",
        "display" : "milligram per gram",
        "equivalence" : "equal"
      }]
    },
    {
      "code" : "5336057",
      "display" : "MG/HR",
      "target" : [{
        "modifierExtension" : [{
          "url" : "http://hl7.org/fhir/1.0/StructureDefinition/extension-ConceptMap.element.target.equivalence",
          "valueCode" : "equal"
        }],
        "code" : "mg/h",
        "display" : "milligram per hour",
        "equivalence" : "equal"
      }]
    },
    {
      "code" : "5335505",
      "display" : "MG/ML",
      "target" : [{
        "modifierExtension" : [{
          "url" : "http://hl7.org/fhir/1.0/StructureDefinition/extension-ConceptMap.element.target.equivalence",
          "valueCode" : "equal"
        }],
        "code" : "mg/mL",
        "display" : "milligram per milliliter",
        "equivalence" : "equal"
      }]
    }]
  }]
}