{
  "resourceType" : "ConceptMap",
  "id" : "ObservationTypeTOVsLoincCode",
  "text" : {
    "status" : "extensions",
    "div" : "<div xmlns=\"http://www.w3.org/1999/xhtml\"><p>Mapping from (not specified) to (not specified)</p><p>ACTIVE. Published on 2023-03-29 by John Moehrke (himself) (John Moehrke (himself): <a href=\"http://healthcaresecprivacy.blogspot.com\">http://healthcaresecprivacy.bl...</a>, <a href=\"mailto:JohnMoehrke@gmail.com\">JohnMoehrke@gmail.com</a>, John Moehrke (himself): <a href=\"mailto:JohnMoehrke@gmail.com\">JohnMoehrke@gmail.com</a>). </p><div><p>Map between VitalSignTO.type(ObservationTypeTO.name) string and LOINC code.</p>\n</div><br/><p><b>Group 1</b>Mapping from <code>http://service.via.med.va.gov/ObservationTypeTO</code> to <a href=\"http://terminology.hl7.org/5.0.0/CodeSystem-v3-loinc.html\">Logical Observation Identifiers, Names and Codes (LOINC)</a></p><table class=\"grid\"><tr><td><b>Source Code</b></td><td><b>Relationship</b></td><td><b>Target Code</b></td><td><b>Comment</b></td></tr><tr><td>ABDMONAL GIRTH</td><td><a href=\"http://hl7.org/fhir/R4/codesystem-concept-map-equivalence.html#equivalent\" title=\"equivalent\">is equivalent to</a></td><td>LP31969-6 (Abdominal circumference)</td><td>seems like possible match</td></tr><tr><td>AUDIOMETRY</td><td><a href=\"http://hl7.org/fhir/R4/codesystem-concept-map-equivalence.html#wider\" title=\"wider\">maps to wider concept</a></td><td>89015-2 (Pure tone threshold audiometry panel)</td><td>seems like possible match</td></tr><tr><td>BLOOD PRESSURE</td><td><a href=\"http://hl7.org/fhir/R4/codesystem-concept-map-equivalence.html#equal\" title=\"equal\">is equal to</a></td><td>85354-9 (Blood pressure panel with all children optional)</td><td/></tr><tr><td>TEMPERATURE</td><td><a href=\"http://hl7.org/fhir/R4/codesystem-concept-map-equivalence.html#equal\" title=\"equal\">is equal to</a></td><td>8310-5 (Body temperature)</td><td/></tr><tr><td>CENTRAL VENOUS PRESSURE</td><td><a href=\"http://hl7.org/fhir/R4/codesystem-concept-map-equivalence.html#equivalent\" title=\"equivalent\">is equivalent to</a></td><td>8591-0 (Central venous pressure (CVP) Mean)</td><td>seems like possible match</td></tr><tr><td>CIRCUMFERENCE%2FGIRTH</td><td><a href=\"http://hl7.org/fhir/R4/codesystem-concept-map-equivalence.html#equivalent\" title=\"equivalent\">is equivalent to</a></td><td>56086-2 (Adult Waist Circumference Protocol)</td><td>seems like possible match</td></tr><tr><td>FETAL HEART TONES</td><td><a href=\"http://hl7.org/fhir/R4/codesystem-concept-map-equivalence.html#inexact\" title=\"inexact\">maps loosely to</a></td><td>55283-6 (Fetal Heart rate)</td><td>Not likely correct as tones vs rate</td></tr><tr><td>FUNDAL HEIGHT</td><td><a href=\"http://hl7.org/fhir/R4/codesystem-concept-map-equivalence.html#equal\" title=\"equal\">is equal to</a></td><td>11881-0 (Uterus Fundal height Tape measure)</td><td/></tr><tr><td>HEADCIRCUMFERENCE</td><td><a href=\"http://hl7.org/fhir/R4/codesystem-concept-map-equivalence.html#equal\" title=\"equal\">is equal to</a></td><td>9843-4 (Head Occipital-frontal circumference)</td><td/></tr><tr><td>HEARING</td><td><a href=\"http://hl7.org/fhir/R4/codesystem-concept-map-equivalence.html#inexact\" title=\"inexact\">maps loosely to</a></td><td>58232-0 (Hearing loss risk indicators [Identifier])</td><td>Not clear if this is Hearing Loss</td></tr><tr><td>HEIGHT</td><td><a href=\"http://hl7.org/fhir/R4/codesystem-concept-map-equivalence.html#equal\" title=\"equal\">is equal to</a></td><td>8302-2 (Body height)</td><td/></tr><tr><td>PAIN</td><td><a href=\"http://hl7.org/fhir/R4/codesystem-concept-map-equivalence.html#equal\" title=\"equal\">is equal to</a></td><td>72514-3 (Pain severity - 0-10 verbal numeric rating [Score] - Reported)</td><td/></tr><tr><td>PULSE OXIMETRY</td><td><a href=\"http://hl7.org/fhir/R4/codesystem-concept-map-equivalence.html#equal\" title=\"equal\">is equal to</a></td><td>2708-6 (Oxygen saturation in Arterial blood)</td><td/></tr><tr><td>PULSE</td><td><a href=\"http://hl7.org/fhir/R4/codesystem-concept-map-equivalence.html#equal\" title=\"equal\">is equal to</a></td><td>8867-4 (Heart rate)</td><td/></tr><tr><td>RESPIRATION</td><td><a href=\"http://hl7.org/fhir/R4/codesystem-concept-map-equivalence.html#equal\" title=\"equal\">is equal to</a></td><td>9279-1 (Respiratory Rate)</td><td/></tr><tr><td>TONOMETRY</td><td><a href=\"http://hl7.org/fhir/R4/codesystem-concept-map-equivalence.html#equivalent\" title=\"equivalent\">is equivalent to</a></td><td>LP76227-5 (Tonometry)</td><td>seems like possible match</td></tr><tr><td>VISION CORRECTED</td><td colspan=\"3\" style=\"background-color: #efefef\">(not mapped)</td></tr><tr><td>VISION UNCORRECTED</td><td colspan=\"3\" style=\"background-color: #efefef\">(not mapped)</td></tr><tr><td>WEIGHT</td><td><a href=\"http://hl7.org/fhir/R4/codesystem-concept-map-equivalence.html#equal\" title=\"equal\">is equal to</a></td><td>29463-7 (Body weight)</td><td/></tr></table></div>"
  },
  "extension" : [{
    "url" : "http://hl7.org/fhir/StructureDefinition/structuredefinition-fmm",
    "valueInteger" : 1,
    "_valueInteger" : {
      "extension" : [{
        "url" : "http://hl7.org/fhir/StructureDefinition/structuredefinition-conformance-derivedFrom",
        "valueCanonical" : "https://johnmoehrke.github.io/MHV-PHR/ImplementationGuide/va.mhv.phr.example"
      }]
    }
  },
  {
    "url" : "http://hl7.org/fhir/StructureDefinition/structuredefinition-standards-status",
    "valueCode" : "trial-use",
    "_valueCode" : {
      "extension" : [{
        "url" : "http://hl7.org/fhir/StructureDefinition/structuredefinition-conformance-derivedFrom",
        "valueCanonical" : "https://johnmoehrke.github.io/MHV-PHR/ImplementationGuide/va.mhv.phr.example"
      }]
    }
  }],
  "url" : "https://johnmoehrke.github.io/MHV-PHR/ConceptMap/ObservationTypeTOVsLoincCode",
  "version" : "0.1.20-beta",
  "name" : "ObservationTypeTOVsLoincCode",
  "title" : "Vital Sign ObservationTypeTO.name to Loinc Code",
  "status" : "active",
  "experimental" : false,
  "date" : "2023-03-29",
  "publisher" : "John Moehrke (himself)",
  "contact" : [{
    "name" : "John Moehrke (himself)",
    "telecom" : [{
      "system" : "url",
      "value" : "http://healthcaresecprivacy.blogspot.com"
    },
    {
      "system" : "email",
      "value" : "JohnMoehrke@gmail.com"
    }]
  },
  {
    "name" : "John Moehrke (himself)",
    "telecom" : [{
      "system" : "email",
      "value" : "JohnMoehrke@gmail.com"
    }]
  }],
  "description" : "Map between VitalSignTO.type(ObservationTypeTO.name) string and LOINC code.",
  "jurisdiction" : [{
    "coding" : [{
      "system" : "urn:iso:std:iso:3166",
      "code" : "US"
    }]
  }],
  "purpose" : "To be able to use proper LOINC code in the FHIR Observation",
  "group" : [{
    "source" : "http://service.via.med.va.gov/ObservationTypeTO",
    "target" : "http://loinc.org",
    "element" : [{
      "code" : "ABDMONAL GIRTH",
      "target" : [{
        "code" : "LP31969-6",
        "display" : "Abdominal circumference",
        "equivalence" : "equivalent",
        "comment" : "seems like possible match"
      }]
    },
    {
      "code" : "AUDIOMETRY",
      "target" : [{
        "code" : "89015-2",
        "display" : "Pure tone threshold audiometry panel",
        "equivalence" : "wider",
        "comment" : "seems like possible match"
      }]
    },
    {
      "code" : "BLOOD PRESSURE",
      "target" : [{
        "code" : "85354-9",
        "display" : "Blood pressure panel with all children optional",
        "equivalence" : "equal"
      }]
    },
    {
      "code" : "TEMPERATURE",
      "target" : [{
        "code" : "8310-5",
        "display" : "Body temperature",
        "equivalence" : "equal"
      }]
    },
    {
      "code" : "CENTRAL VENOUS PRESSURE",
      "target" : [{
        "code" : "8591-0",
        "display" : "Central venous pressure (CVP) Mean",
        "equivalence" : "equivalent",
        "comment" : "seems like possible match"
      }]
    },
    {
      "code" : "CIRCUMFERENCE%2FGIRTH",
      "target" : [{
        "code" : "56086-2",
        "display" : "Adult Waist Circumference Protocol",
        "equivalence" : "equivalent",
        "comment" : "seems like possible match"
      }]
    },
    {
      "code" : "FETAL HEART TONES",
      "target" : [{
        "code" : "55283-6",
        "display" : "Fetal Heart rate",
        "equivalence" : "inexact",
        "comment" : "Not likely correct as tones vs rate"
      }]
    },
    {
      "code" : "FUNDAL HEIGHT",
      "target" : [{
        "code" : "11881-0",
        "display" : "Uterus Fundal height Tape measure",
        "equivalence" : "equal"
      }]
    },
    {
      "code" : "HEADCIRCUMFERENCE",
      "target" : [{
        "code" : "9843-4",
        "display" : "Head Occipital-frontal circumference",
        "equivalence" : "equal"
      }]
    },
    {
      "code" : "HEARING",
      "target" : [{
        "code" : "58232-0",
        "display" : "Hearing loss risk indicators [Identifier]",
        "equivalence" : "inexact",
        "comment" : "Not clear if this is Hearing Loss"
      }]
    },
    {
      "code" : "HEIGHT",
      "target" : [{
        "code" : "8302-2",
        "display" : "Body height",
        "equivalence" : "equal"
      }]
    },
    {
      "code" : "PAIN",
      "target" : [{
        "code" : "72514-3",
        "display" : "Pain severity - 0-10 verbal numeric rating [Score] - Reported",
        "equivalence" : "equal"
      }]
    },
    {
      "code" : "PULSE OXIMETRY",
      "target" : [{
        "code" : "2708-6",
        "display" : "Oxygen saturation in Arterial blood",
        "equivalence" : "equal"
      }]
    },
    {
      "code" : "PULSE",
      "target" : [{
        "code" : "8867-4",
        "display" : "Heart rate",
        "equivalence" : "equal"
      }]
    },
    {
      "code" : "RESPIRATION",
      "target" : [{
        "code" : "9279-1",
        "display" : "Respiratory Rate",
        "equivalence" : "equal"
      }]
    },
    {
      "code" : "TONOMETRY",
      "target" : [{
        "code" : "LP76227-5",
        "display" : "Tonometry",
        "equivalence" : "equivalent",
        "comment" : "seems like possible match"
      }]
    },
    {
      "code" : "VISION CORRECTED",
      "target" : [{
        "equivalence" : "unmatched"
      }]
    },
    {
      "code" : "VISION UNCORRECTED",
      "target" : [{
        "equivalence" : "unmatched"
      }]
    },
    {
      "code" : "WEIGHT",
      "target" : [{
        "code" : "29463-7",
        "display" : "Body weight",
        "equivalence" : "equal"
      }]
    }]
  }]
}