{
  "resourceType" : "Condition",
  "id" : "ca55b358-f98a-4ba0-a3dc-0346cbeaf44d",
  "meta" : {
    "profile" : ["https://department-of-veterans-affairs.github.io/mhv-fhir-phr-mapping/StructureDefinition/VA.MHV.PHR.condition"]
  },
  "text" : {
    "status" : "generated",
    "div" : "<div xmlns=\"http://www.w3.org/1999/xhtml\"><p class=\"res-header-id\"><b>Generated Narrative: Condition ca55b358-f98a-4ba0-a3dc-0346cbeaf44d</b></p><a name=\"ca55b358-f98a-4ba0-a3dc-0346cbeaf44d\"> </a><a name=\"hcca55b358-f98a-4ba0-a3dc-0346cbeaf44d\"> </a><a name=\"ca55b358-f98a-4ba0-a3dc-0346cbeaf44d-en-US\"> </a><p><b>identifier</b>: <code>urn:oid:2.16.840.1.113883.4.349.4.989</code>/ProblemTO.37085\u00a0(use:\u00a0usual,\u00a0)</p><p><b>clinicalStatus</b>: <span title=\"Codes:{http://terminology.hl7.org/CodeSystem/condition-clinical active}\">Active</span></p><p><b>verificationStatus</b>: <span title=\"Codes:{http://terminology.hl7.org/CodeSystem/condition-ver-status unconfirmed}\">Unconfirmed</span></p><p><b>category</b>: <span title=\"Codes:{http://terminology.hl7.org/CodeSystem/condition-category problem-list-item}\">Problem List Item</span></p><p><b>code</b>: <span title=\"Codes:{http://hl7.org/fhir/sid/icd-9-cm V79.1}\">SCREENING FOR ALCOHOLISM (ICD-9-CM V79.1)</span></p><p><b>subject</b>: <a href=\"Patient-ex-MHV-patient-0.html\">ROBERT MHVLISAONE  Male, DoB: 1962-08-09 ( urn:oid:2.16.840.1.113883.4.349#0\u00a0(use:\u00a0usual,\u00a0))</a></p><p><b>recordedDate</b>: 1997-12-08</p><p><b>recorder</b>: <a href=\"#hcca55b358-f98a-4ba0-a3dc-0346cbeaf44d/ex-MHV-practitioner-110\">Practitioner MANGAS,PHYLLIS A</a></p><hr/><blockquote><p class=\"res-header-id\"><b>Generated Narrative: Practitioner  #ex-MHV-practitioner-110</b></p><a name=\"ca55b358-f98a-4ba0-a3dc-0346cbeaf44d/ex-MHV-practitioner-110\"> </a><a name=\"hcca55b358-f98a-4ba0-a3dc-0346cbeaf44d/ex-MHV-practitioner-110\"> </a><a name=\"ca55b358-f98a-4ba0-a3dc-0346cbeaf44d/ex-MHV-practitioner-110-en-US\"> </a><p><b>identifier</b>: <code>urn:oid:2.16.840.1.113883.4.349.4.989</code>/AuthorTO.110\u00a0(use:\u00a0usual,\u00a0)</p><p><b>name</b>: MANGAS,PHYLLIS A</p></blockquote><hr/><blockquote><p class=\"res-header-id\"><b>Generated Narrative: Location  #ex-MHV-location-552</b></p><a name=\"ca55b358-f98a-4ba0-a3dc-0346cbeaf44d/ex-MHV-location-552\"> </a><a name=\"hcca55b358-f98a-4ba0-a3dc-0346cbeaf44d/ex-MHV-location-552\"> </a><a name=\"ca55b358-f98a-4ba0-a3dc-0346cbeaf44d/ex-MHV-location-552-en-US\"> </a><p><b>identifier</b>: <code>urn:oid:2.16.840.1.113883.4.349.4.989</code>/HospitalLocationTO.552\u00a0(use:\u00a0usual,\u00a0)</p><p><b>name</b>: DAYTON</p></blockquote></div>"
  },
  "contained" : [{
    "resourceType" : "Practitioner",
    "id" : "ex-MHV-practitioner-110",
    "meta" : {
      "profile" : ["https://department-of-veterans-affairs.github.io/mhv-fhir-phr-mapping/StructureDefinition/VA.MHV.PHR.practitioner"]
    },
    "identifier" : [{
      "use" : "usual",
      "system" : "urn:oid:2.16.840.1.113883.4.349.4.989",
      "value" : "AuthorTO.110"
    }],
    "name" : [{
      "text" : "MANGAS,PHYLLIS A",
      "family" : "MANGAS",
      "given" : ["PHYLLIS",
      "A"]
    }]
  },
  {
    "resourceType" : "Location",
    "id" : "ex-MHV-location-552",
    "meta" : {
      "profile" : ["https://department-of-veterans-affairs.github.io/mhv-fhir-phr-mapping/StructureDefinition/VA.MHV.PHR.location"]
    },
    "identifier" : [{
      "use" : "usual",
      "system" : "urn:oid:2.16.840.1.113883.4.349.4.989",
      "value" : "HospitalLocationTO.552"
    }],
    "name" : "DAYTON"
  }],
  "identifier" : [{
    "use" : "usual",
    "system" : "urn:oid:2.16.840.1.113883.4.349.4.989",
    "value" : "ProblemTO.37085"
  }],
  "clinicalStatus" : {
    "coding" : [{
      "system" : "http://terminology.hl7.org/CodeSystem/condition-clinical",
      "code" : "active"
    }]
  },
  "verificationStatus" : {
    "coding" : [{
      "system" : "http://terminology.hl7.org/CodeSystem/condition-ver-status",
      "code" : "unconfirmed"
    }]
  },
  "category" : [{
    "coding" : [{
      "system" : "http://terminology.hl7.org/CodeSystem/condition-category",
      "code" : "problem-list-item"
    }]
  }],
  "code" : {
    "coding" : [{
      "system" : "http://hl7.org/fhir/sid/icd-9-cm",
      "code" : "V79.1"
    }],
    "text" : "SCREENING FOR ALCOHOLISM (ICD-9-CM V79.1)"
  },
  "subject" : {
    "reference" : "Patient/ex-MHV-patient-0"
  },
  "recordedDate" : "1997-12-08",
  "recorder" : {
    "extension" : [{
      "url" : "http://hl7.org/fhir/StructureDefinition/alternate-reference",
      "valueReference" : {
        "reference" : "#ex-MHV-location-552"
      }
    }],
    "reference" : "#ex-MHV-practitioner-110"
  }
}