{
  "resourceType" : "Condition",
  "id" : "49cdaa51-9e6d-4246-9b54-5c9f3db13909",
  "meta" : {
    "profile" : ["https://department-of-veterans-affairs.github.io/mhv-fhir-phr-mapping/StructureDefinition/VA.MHV.PHR.condition"]
  },
  "text" : {
    "status" : "generated",
    "div" : "<div xmlns=\"http://www.w3.org/1999/xhtml\"><p><b>Generated Narrative: Condition </b><a name=\"49cdaa51-9e6d-4246-9b54-5c9f3db13909\"> </a><a name=\"hc49cdaa51-9e6d-4246-9b54-5c9f3db13909\"> </a></p><div style=\"display: inline-block; background-color: #d9e0e7; padding: 6px; margin: 4px; border: 1px solid #8da1b4; border-radius: 5px; line-height: 60%\"><p style=\"margin-bottom: 0px\">ResourceCondition &quot;49cdaa51-9e6d-4246-9b54-5c9f3db13909&quot; </p><p style=\"margin-bottom: 0px\">Profile: <a href=\"StructureDefinition-VA.MHV.PHR.condition.html\">VA MHV PHR problems</a></p></div><p><b>identifier</b>: <code>urn:oid:2.16.840.1.113883.4.349.4.984</code>/ProblemTO.352167\u00a0(use:\u00a0usual)</p><p><b>clinicalStatus</b>: Inactive <span style=\"background: LightGoldenRodYellow; margin: 4px; border: 1px solid khaki\"> (<a href=\"http://terminology.hl7.org/5.5.0/CodeSystem-condition-clinical.html\">Condition Clinical Status Codes</a>#inactive)</span></p><p><b>verificationStatus</b>: Confirmed <span style=\"background: LightGoldenRodYellow; margin: 4px; border: 1px solid khaki\"> (<a href=\"http://terminology.hl7.org/5.5.0/CodeSystem-condition-ver-status.html\">ConditionVerificationStatus</a>#confirmed)</span></p><p><b>category</b>: Problem List Item <span style=\"background: LightGoldenRodYellow; margin: 4px; border: 1px solid khaki\"> (<a href=\"http://terminology.hl7.org/5.5.0/CodeSystem-condition-category.html\">Condition Category Codes</a>#problem-list-item)</span></p><p><b>code</b>: Proliferative Diabetic Retinopathy (SCT 59276001) <span style=\"background: LightGoldenRodYellow; margin: 4px; border: 1px solid khaki\"> (<a href=\"http://terminology.hl7.org/5.0.0/CodeSystem-icd10CM.html\">International Classification of Diseases, 10th Revision, Clinical Modification (ICD-10-CM)</a>#E11.3599)</span></p><p><b>subject</b>: <a href=\"Patient-ex-MHV-patient-4.html\">Patient/ex-MHV-patient-4</a> &quot; CASEY&quot;</p><p><b>onset</b>: 2019-01-09</p><p><b>abatement</b>: 2024-02-13</p><p><b>recordedDate</b>: 2022-08-18</p><p><b>recorder</b>: <a name=\"hcex-MHV-practitioner-36556\"> </a></p><blockquote><p/><p><a name=\"ex-MHV-practitioner-36556\"> </a></p><p><a name=\"hcex-MHV-practitioner-36556\"> </a></p><p><b>identifier</b>: <code>urn:oid:2.16.840.1.113883.4.349.4.989</code>/AuthorTO.37556\u00a0(use:\u00a0usual)</p><p><b>name</b>: AHMED,MARUF</p></blockquote><p><b>note</b>: test (By AHMED,MARUF @2022-08-18)</p><hr/><blockquote><p><b>Generated Narrative: Practitioner  #ex-MHV-practitioner-36556</b><a name=\"ex-MHV-practitioner-36556\"> </a><a name=\"hcex-MHV-practitioner-36556\"> </a></p><p><b>identifier</b>: <code>urn:oid:2.16.840.1.113883.4.349.4.989</code>/AuthorTO.37556\u00a0(use:\u00a0usual)</p><p><b>name</b>: AHMED,MARUF</p></blockquote><hr/><blockquote><p><b>Generated Narrative: Location  #ex-MHV-location-552</b><a name=\"ex-MHV-location-552\"> </a><a name=\"hcex-MHV-location-552\"> </a></p><p><b>identifier</b>: <code>urn:oid:2.16.840.1.113883.4.349.4.989</code>/HospitalLocationTO.552\u00a0(use:\u00a0usual)</p><p><b>name</b>: DAYTON</p></blockquote></div>"
  },
  "contained" : [{
    "resourceType" : "Practitioner",
    "id" : "ex-MHV-practitioner-36556",
    "meta" : {
      "profile" : ["https://department-of-veterans-affairs.github.io/mhv-fhir-phr-mapping/StructureDefinition/VA.MHV.PHR.practitioner"]
    },
    "identifier" : [{
      "use" : "usual",
      "system" : "urn:oid:2.16.840.1.113883.4.349.4.989",
      "value" : "AuthorTO.37556"
    }],
    "name" : [{
      "text" : "AHMED,MARUF",
      "family" : "MARUF",
      "given" : ["AHMED"]
    }]
  },
  {
    "resourceType" : "Location",
    "id" : "ex-MHV-location-552",
    "meta" : {
      "profile" : ["https://department-of-veterans-affairs.github.io/mhv-fhir-phr-mapping/StructureDefinition/VA.MHV.PHR.location"]
    },
    "identifier" : [{
      "use" : "usual",
      "system" : "urn:oid:2.16.840.1.113883.4.349.4.989",
      "value" : "HospitalLocationTO.552"
    }],
    "name" : "DAYTON"
  }],
  "identifier" : [{
    "use" : "usual",
    "system" : "urn:oid:2.16.840.1.113883.4.349.4.984",
    "value" : "ProblemTO.352167"
  }],
  "clinicalStatus" : {
    "coding" : [{
      "system" : "http://terminology.hl7.org/CodeSystem/condition-clinical",
      "code" : "inactive"
    }]
  },
  "verificationStatus" : {
    "coding" : [{
      "system" : "http://terminology.hl7.org/CodeSystem/condition-ver-status",
      "code" : "confirmed"
    }]
  },
  "category" : [{
    "coding" : [{
      "system" : "http://terminology.hl7.org/CodeSystem/condition-category",
      "code" : "problem-list-item"
    }]
  }],
  "code" : {
    "coding" : [{
      "system" : "http://hl7.org/fhir/sid/icd-10-cm",
      "code" : "E11.3599"
    }],
    "text" : "Proliferative Diabetic Retinopathy (SCT 59276001)"
  },
  "subject" : {
    "reference" : "Patient/ex-MHV-patient-4"
  },
  "onsetDateTime" : "2019-01-09",
  "abatementDateTime" : "2024-02-13",
  "recordedDate" : "2022-08-18",
  "recorder" : {
    "extension" : [{
      "url" : "http://hl7.org/fhir/StructureDefinition/alternate-reference",
      "valueReference" : {
        "reference" : "#ex-MHV-location-552"
      }
    }],
    "reference" : "#ex-MHV-practitioner-36556"
  },
  "note" : [{
    "authorString" : "AHMED,MARUF",
    "time" : "2022-08-18",
    "text" : "test"
  }]
}