{
  "resourceType" : "Condition",
  "id" : "ex-MHV-condition-11",
  "meta" : {
    "lastUpdated" : "2004-09-24T00:00:00Z",
    "profile" : ["https://johnmoehrke.github.io/MHV-PHR/StructureDefinition/VA.MHV.PHR.condition"]
  },
  "text" : {
    "status" : "generated",
    "div" : "<div xmlns=\"http://www.w3.org/1999/xhtml\"><p><b>Generated Narrative: Condition</b><a name=\"ex-MHV-condition-11\"> </a></p><div style=\"display: inline-block; background-color: #d9e0e7; padding: 6px; margin: 4px; border: 1px solid #8da1b4; border-radius: 5px; line-height: 60%\"><p style=\"margin-bottom: 0px\">Resource Condition &quot;ex-MHV-condition-11&quot; Updated &quot;2004-09-24 00:00:00+0000&quot; </p><p style=\"margin-bottom: 0px\">Profile: <a href=\"StructureDefinition-VA.MHV.PHR.condition.html\">VA MHV PHR problems</a></p></div><p><b>identifier</b>: id: 318630 (use: USUAL)</p><p><b>clinicalStatus</b>: Active <span style=\"background: LightGoldenRodYellow; margin: 4px; border: 1px solid khaki\"> (<a href=\"http://terminology.hl7.org/5.0.0/CodeSystem-condition-clinical.html\">Condition Clinical Status Codes</a>#active)</span></p><p><b>verificationStatus</b>: Confirmed <span style=\"background: LightGoldenRodYellow; margin: 4px; border: 1px solid khaki\"> (<a href=\"http://terminology.hl7.org/3.1.0/CodeSystem-condition-ver-status.html\">ConditionVerificationStatus</a>#confirmed)</span></p><p><b>category</b>: Problem List Item <span style=\"background: LightGoldenRodYellow; margin: 4px; border: 1px solid khaki\"> (<a href=\"http://terminology.hl7.org/3.1.0/CodeSystem-condition-category.html\">Condition Category Codes</a>#problem-list-item)</span></p><p><b>code</b>: Lumbago (ICD-9-CM 724.2) <span style=\"background: LightGoldenRodYellow; margin: 4px; border: 1px solid khaki\"> (icd-9-cm#724.2)</span></p><p><b>subject</b>: <a href=\"Patient-ex-MHV-patient-2.html\">Patient/ex-MHV-patient-2</a> &quot; MHVLISAONE&quot;</p><p><b>recordedDate</b>: 2004-09-24</p><p><b>asserter</b>: <a href=\"Practitioner-ex-MHV-practitioner-22572.html\">Practitioner/ex-MHV-practitioner-22572</a> &quot; FELKLEY&quot;</p></div>"
  },
  "identifier" : [{
    "use" : "usual",
    "system" : "https://johnmoehrke.github.io/MHV-PHR/Vista/111/ProblemTO.id",
    "value" : "318630"
  }],
  "clinicalStatus" : {
    "coding" : [{
      "system" : "http://terminology.hl7.org/CodeSystem/condition-clinical",
      "code" : "active"
    }]
  },
  "verificationStatus" : {
    "coding" : [{
      "system" : "http://terminology.hl7.org/CodeSystem/condition-ver-status",
      "code" : "confirmed"
    }]
  },
  "category" : [{
    "coding" : [{
      "system" : "http://terminology.hl7.org/CodeSystem/condition-category",
      "code" : "problem-list-item"
    }]
  }],
  "code" : {
    "coding" : [{
      "system" : "http://hl7.org/fhir/sid/icd-9-cm",
      "code" : "724.2"
    }],
    "text" : "Lumbago (ICD-9-CM 724.2)"
  },
  "subject" : {
    "reference" : "Patient/ex-MHV-patient-2"
  },
  "recordedDate" : "2004-09-24",
  "asserter" : {
    "reference" : "Practitioner/ex-MHV-practitioner-22572"
  }
}