{
  "resourceType" : "Condition",
  "id" : "397ef2d8-7516-4fdb-aef4-ae74b53dd202",
  "meta" : {
    "profile" : ["https://department-of-veterans-affairs.github.io/mhv-fhir-phr-mapping/StructureDefinition/VA.MHV.PHR.condition"]
  },
  "text" : {
    "status" : "generated",
    "div" : "<div xmlns=\"http://www.w3.org/1999/xhtml\"><p><b>Generated Narrative: Condition</b><a name=\"397ef2d8-7516-4fdb-aef4-ae74b53dd202\"> </a></p><div style=\"display: inline-block; background-color: #d9e0e7; padding: 6px; margin: 4px; border: 1px solid #8da1b4; border-radius: 5px; line-height: 60%\"><p style=\"margin-bottom: 0px\">Resource Condition &quot;397ef2d8-7516-4fdb-aef4-ae74b53dd202&quot; </p><p style=\"margin-bottom: 0px\">Profile: <a href=\"StructureDefinition-VA.MHV.PHR.condition.html\">VA MHV PHR problems</a></p></div><p><b>identifier</b>: <code>urn:oid:2.16.840.1.113883.4.349.4.989</code>/ProblemTO.488\u00a0(use:\u00a0USUAL)</p><p><b>clinicalStatus</b>: Active <span style=\"background: LightGoldenRodYellow; margin: 4px; border: 1px solid khaki\"> (<a href=\"http://terminology.hl7.org/5.0.0/CodeSystem-condition-clinical.html\">Condition Clinical Status Codes</a>#active)</span></p><p><b>verificationStatus</b>: Unconfirmed <span style=\"background: LightGoldenRodYellow; margin: 4px; border: 1px solid khaki\"> (<a href=\"http://terminology.hl7.org/5.3.0/CodeSystem-condition-ver-status.html\">ConditionVerificationStatus</a>#unconfirmed)</span></p><p><b>category</b>: Problem List Item <span style=\"background: LightGoldenRodYellow; margin: 4px; border: 1px solid khaki\"> (<a href=\"http://terminology.hl7.org/5.0.0/CodeSystem-condition-category.html\">Condition Category Codes</a>#problem-list-item)</span></p><p><b>code</b>: Anxiety Neuroses (ICD-9-CM 300.00) <span style=\"background: LightGoldenRodYellow; margin: 4px; border: 1px solid khaki\"> (icd-9-cm#300.00)</span></p><p><b>subject</b>: <a href=\"Patient-ex-MHV-patient-0.html\">Patient/ex-MHV-patient-0</a> &quot; MHVLISAONE&quot;</p><p><b>recordedDate</b>: 1995-09-27</p><p><b>recorder</b>: <a name=\"ex-MHV-practitioner-110\"> </a></p><blockquote><p/><p><a name=\"ex-MHV-practitioner-110\"> </a></p><p><b>identifier</b>: <code>urn:oid:2.16.840.1.113883.4.349.4.989</code>/AuthorTO.110\u00a0(use:\u00a0USUAL)</p><p><b>name</b>: MANGAS,PHYLLIS A</p></blockquote><hr/><blockquote><p><b>Generated Narrative: Practitioner #ex-MHV-practitioner-110</b><a name=\"ex-MHV-practitioner-110\"> </a></p><p><b>identifier</b>: <code>urn:oid:2.16.840.1.113883.4.349.4.989</code>/AuthorTO.110\u00a0(use:\u00a0USUAL)</p><p><b>name</b>: MANGAS,PHYLLIS A</p></blockquote><hr/><blockquote><p><b>Generated Narrative: Location #ex-MHV-location-552</b><a name=\"ex-MHV-location-552\"> </a></p><p><b>identifier</b>: <code>urn:oid:2.16.840.1.113883.4.349.4.989</code>/HospitalLocationTO.552\u00a0(use:\u00a0USUAL)</p><p><b>name</b>: DAYTON</p></blockquote></div>"
  },
  "contained" : [{
    "resourceType" : "Practitioner",
    "id" : "ex-MHV-practitioner-110",
    "meta" : {
      "profile" : ["https://department-of-veterans-affairs.github.io/mhv-fhir-phr-mapping/StructureDefinition/VA.MHV.PHR.practitioner"]
    },
    "identifier" : [{
      "use" : "usual",
      "system" : "urn:oid:2.16.840.1.113883.4.349.4.989",
      "value" : "AuthorTO.110"
    }],
    "name" : [{
      "text" : "MANGAS,PHYLLIS A",
      "family" : "MANGAS",
      "given" : ["PHYLLIS",
      "A"]
    }]
  },
  {
    "resourceType" : "Location",
    "id" : "ex-MHV-location-552",
    "meta" : {
      "profile" : ["https://department-of-veterans-affairs.github.io/mhv-fhir-phr-mapping/StructureDefinition/VA.MHV.PHR.location"]
    },
    "identifier" : [{
      "use" : "usual",
      "system" : "urn:oid:2.16.840.1.113883.4.349.4.989",
      "value" : "HospitalLocationTO.552"
    }],
    "name" : "DAYTON"
  }],
  "identifier" : [{
    "use" : "usual",
    "system" : "urn:oid:2.16.840.1.113883.4.349.4.989",
    "value" : "ProblemTO.488"
  }],
  "clinicalStatus" : {
    "coding" : [{
      "system" : "http://terminology.hl7.org/CodeSystem/condition-clinical",
      "code" : "active"
    }]
  },
  "verificationStatus" : {
    "coding" : [{
      "system" : "http://terminology.hl7.org/CodeSystem/condition-ver-status",
      "code" : "unconfirmed"
    }]
  },
  "category" : [{
    "coding" : [{
      "system" : "http://terminology.hl7.org/CodeSystem/condition-category",
      "code" : "problem-list-item"
    }]
  }],
  "code" : {
    "coding" : [{
      "system" : "http://hl7.org/fhir/sid/icd-9-cm",
      "code" : "300.00"
    }],
    "text" : "Anxiety Neuroses (ICD-9-CM 300.00)"
  },
  "subject" : {
    "reference" : "Patient/ex-MHV-patient-0"
  },
  "recordedDate" : "1995-09-27",
  "recorder" : {
    "extension" : [{
      "url" : "http://hl7.org/fhir/StructureDefinition/alternate-reference",
      "valueReference" : {
        "reference" : "#ex-MHV-location-552"
      }
    }],
    "reference" : "#ex-MHV-practitioner-110"
  }
}