{
  "resourceType" : "Condition",
  "id" : "7f88a60c-ffe5-4001-8286-c5eeccc069dd",
  "meta" : {
    "profile" : ["https://department-of-veterans-affairs.github.io/mhv-fhir-phr-mapping/StructureDefinition/VA.MHV.PHR.condition"]
  },
  "text" : {
    "status" : "generated",
    "div" : "<div xmlns=\"http://www.w3.org/1999/xhtml\"><p><b>Generated Narrative: Condition</b><a name=\"7f88a60c-ffe5-4001-8286-c5eeccc069dd\"> </a><a name=\"hc7f88a60c-ffe5-4001-8286-c5eeccc069dd\"> </a></p><div style=\"display: inline-block; background-color: #d9e0e7; padding: 6px; margin: 4px; border: 1px solid #8da1b4; border-radius: 5px; line-height: 60%\"><p style=\"margin-bottom: 0px\">ResourceCondition &quot;7f88a60c-ffe5-4001-8286-c5eeccc069dd&quot; </p><p style=\"margin-bottom: 0px\">Profile: <a href=\"StructureDefinition-VA.MHV.PHR.condition.html\">VA MHV PHR problems</a></p></div><p><b>identifier</b>: <code>urn:oid:2.16.840.1.113883.4.349.4.989</code>/ProblemTO.128381\u00a0(use:\u00a0usual)</p><p><b>clinicalStatus</b>: Active <span style=\"background: LightGoldenRodYellow; margin: 4px; border: 1px solid khaki\"> (<a href=\"http://terminology.hl7.org/5.5.0/CodeSystem-condition-clinical.html\">Condition Clinical Status Codes</a>#active)</span></p><p><b>verificationStatus</b>: Confirmed <span style=\"background: LightGoldenRodYellow; margin: 4px; border: 1px solid khaki\"> (<a href=\"http://terminology.hl7.org/5.5.0/CodeSystem-condition-ver-status.html\">ConditionVerificationStatus</a>#confirmed)</span></p><p><b>category</b>: Problem List Item <span style=\"background: LightGoldenRodYellow; margin: 4px; border: 1px solid khaki\"> (<a href=\"http://terminology.hl7.org/5.5.0/CodeSystem-condition-category.html\">Condition Category Codes</a>#problem-list-item)</span></p><p><b>code</b>: Restless Legs (ICD-9-CM 333.99) <span style=\"background: LightGoldenRodYellow; margin: 4px; border: 1px solid khaki\"> (icd-9-cm#333.99)</span></p><p><b>subject</b>: <a href=\"Patient-ex-MHV-patient-0.html\">Patient/ex-MHV-patient-0</a> &quot; MHVLISAONE&quot;</p><p><b>recordedDate</b>: 2001-07-06</p><p><b>recorder</b>: <a name=\"hcex-MHV-practitioner-6051\"> </a></p><blockquote><p/><p><a name=\"ex-MHV-practitioner-6051\"> </a></p><p><a name=\"hcex-MHV-practitioner-6051\"> </a></p><p><b>identifier</b>: <code>urn:oid:2.16.840.1.113883.4.349.4.989</code>/AuthorTO.6051\u00a0(use:\u00a0usual)</p><p><b>name</b>: BASHIR,CHOWDRY MUJAHID</p></blockquote><hr/><blockquote><p><b>Generated Narrative: Practitioner #ex-MHV-practitioner-6051</b><a name=\"ex-MHV-practitioner-6051\"> </a><a name=\"hcex-MHV-practitioner-6051\"> </a></p><p><b>identifier</b>: <code>urn:oid:2.16.840.1.113883.4.349.4.989</code>/AuthorTO.6051\u00a0(use:\u00a0usual)</p><p><b>name</b>: BASHIR,CHOWDRY MUJAHID</p></blockquote><hr/><blockquote><p><b>Generated Narrative: Location #ex-MHV-location-552</b><a name=\"ex-MHV-location-552\"> </a><a name=\"hcex-MHV-location-552\"> </a></p><p><b>identifier</b>: <code>urn:oid:2.16.840.1.113883.4.349.4.989</code>/HospitalLocationTO.552\u00a0(use:\u00a0usual)</p><p><b>name</b>: DAYTON</p></blockquote></div>"
  },
  "contained" : [{
    "resourceType" : "Practitioner",
    "id" : "ex-MHV-practitioner-6051",
    "meta" : {
      "profile" : ["https://department-of-veterans-affairs.github.io/mhv-fhir-phr-mapping/StructureDefinition/VA.MHV.PHR.practitioner"]
    },
    "identifier" : [{
      "use" : "usual",
      "system" : "urn:oid:2.16.840.1.113883.4.349.4.989",
      "value" : "AuthorTO.6051"
    }],
    "name" : [{
      "text" : "BASHIR,CHOWDRY MUJAHID",
      "family" : "BASHIR",
      "given" : ["CHOWDRY",
      "MUJAHID"]
    }]
  },
  {
    "resourceType" : "Location",
    "id" : "ex-MHV-location-552",
    "meta" : {
      "profile" : ["https://department-of-veterans-affairs.github.io/mhv-fhir-phr-mapping/StructureDefinition/VA.MHV.PHR.location"]
    },
    "identifier" : [{
      "use" : "usual",
      "system" : "urn:oid:2.16.840.1.113883.4.349.4.989",
      "value" : "HospitalLocationTO.552"
    }],
    "name" : "DAYTON"
  }],
  "identifier" : [{
    "use" : "usual",
    "system" : "urn:oid:2.16.840.1.113883.4.349.4.989",
    "value" : "ProblemTO.128381"
  }],
  "clinicalStatus" : {
    "coding" : [{
      "system" : "http://terminology.hl7.org/CodeSystem/condition-clinical",
      "code" : "active"
    }]
  },
  "verificationStatus" : {
    "coding" : [{
      "system" : "http://terminology.hl7.org/CodeSystem/condition-ver-status",
      "code" : "confirmed"
    }]
  },
  "category" : [{
    "coding" : [{
      "system" : "http://terminology.hl7.org/CodeSystem/condition-category",
      "code" : "problem-list-item"
    }]
  }],
  "code" : {
    "coding" : [{
      "system" : "http://hl7.org/fhir/sid/icd-9-cm",
      "code" : "333.99"
    }],
    "text" : "Restless Legs (ICD-9-CM 333.99)"
  },
  "subject" : {
    "reference" : "Patient/ex-MHV-patient-0"
  },
  "recordedDate" : "2001-07-06",
  "recorder" : {
    "extension" : [{
      "url" : "http://hl7.org/fhir/StructureDefinition/alternate-reference",
      "valueReference" : {
        "reference" : "#ex-MHV-location-552"
      }
    }],
    "reference" : "#ex-MHV-practitioner-6051"
  }
}