{
  "resourceType" : "Condition",
  "id" : "f451313f-3b04-48ae-9b88-78f3fcc22b53",
  "meta" : {
    "profile" : ["https://department-of-veterans-affairs.github.io/mhv-fhir-phr-mapping/StructureDefinition/VA.MHV.PHR.condition"]
  },
  "text" : {
    "status" : "generated",
    "div" : "<div xmlns=\"http://www.w3.org/1999/xhtml\"><p class=\"res-header-id\"><b>Generated Narrative: Condition f451313f-3b04-48ae-9b88-78f3fcc22b53</b></p><a name=\"f451313f-3b04-48ae-9b88-78f3fcc22b53\"> </a><a name=\"hcf451313f-3b04-48ae-9b88-78f3fcc22b53\"> </a><a name=\"f451313f-3b04-48ae-9b88-78f3fcc22b53-en-US\"> </a><p><b>identifier</b>: <code>urn:oid:2.16.840.1.113883.4.349.4.984</code>/ProblemTO.352165\u00a0(use:\u00a0usual,\u00a0)</p><p><b>clinicalStatus</b>: <span title=\"Codes:{http://terminology.hl7.org/CodeSystem/condition-clinical active}\">Active</span></p><p><b>verificationStatus</b>: <span title=\"Codes:{http://terminology.hl7.org/CodeSystem/condition-ver-status confirmed}\">Confirmed</span></p><p><b>category</b>: <span title=\"Codes:{http://terminology.hl7.org/CodeSystem/condition-category problem-list-item}\">Problem List Item</span></p><p><b>code</b>: <span title=\"Codes:{http://hl7.org/fhir/sid/icd-10-cm N18.2}\">Chronic Kidney Disease Stage 2 (SCT 431856006)</span></p><p><b>subject</b>: <a href=\"Patient-ex-MHV-patient-4.html\">VETERAN CASEY  Unknown, DoB: 1000-01-01 ( urn:oid:2.16.840.1.113883.4.349#4\u00a0(use:\u00a0usual,\u00a0))</a></p><p><b>onset</b>: 2022-08-09</p><p><b>recordedDate</b>: 2022-08-18</p><p><b>recorder</b>: <a href=\"#hcf451313f-3b04-48ae-9b88-78f3fcc22b53/ex-MHV-practitioner-36556\">Practitioner AHMED,MARUF</a></p><hr/><blockquote><p class=\"res-header-id\"><b>Generated Narrative: Practitioner  #ex-MHV-practitioner-36556</b></p><a name=\"f451313f-3b04-48ae-9b88-78f3fcc22b53/ex-MHV-practitioner-36556\"> </a><a name=\"hcf451313f-3b04-48ae-9b88-78f3fcc22b53/ex-MHV-practitioner-36556\"> </a><a name=\"f451313f-3b04-48ae-9b88-78f3fcc22b53/ex-MHV-practitioner-36556-en-US\"> </a><p><b>identifier</b>: <code>urn:oid:2.16.840.1.113883.4.349.4.989</code>/AuthorTO.37556\u00a0(use:\u00a0usual,\u00a0)</p><p><b>name</b>: AHMED,MARUF</p></blockquote><hr/><blockquote><p class=\"res-header-id\"><b>Generated Narrative: Location  #ex-MHV-location-552</b></p><a name=\"f451313f-3b04-48ae-9b88-78f3fcc22b53/ex-MHV-location-552\"> </a><a name=\"hcf451313f-3b04-48ae-9b88-78f3fcc22b53/ex-MHV-location-552\"> </a><a name=\"f451313f-3b04-48ae-9b88-78f3fcc22b53/ex-MHV-location-552-en-US\"> </a><p><b>identifier</b>: <code>urn:oid:2.16.840.1.113883.4.349.4.989</code>/HospitalLocationTO.552\u00a0(use:\u00a0usual,\u00a0)</p><p><b>name</b>: DAYTON</p></blockquote></div>"
  },
  "contained" : [{
    "resourceType" : "Practitioner",
    "id" : "ex-MHV-practitioner-36556",
    "meta" : {
      "profile" : ["https://department-of-veterans-affairs.github.io/mhv-fhir-phr-mapping/StructureDefinition/VA.MHV.PHR.practitioner"]
    },
    "identifier" : [{
      "use" : "usual",
      "system" : "urn:oid:2.16.840.1.113883.4.349.4.989",
      "value" : "AuthorTO.37556"
    }],
    "name" : [{
      "text" : "AHMED,MARUF",
      "family" : "MARUF",
      "given" : ["AHMED"]
    }]
  },
  {
    "resourceType" : "Location",
    "id" : "ex-MHV-location-552",
    "meta" : {
      "profile" : ["https://department-of-veterans-affairs.github.io/mhv-fhir-phr-mapping/StructureDefinition/VA.MHV.PHR.location"]
    },
    "identifier" : [{
      "use" : "usual",
      "system" : "urn:oid:2.16.840.1.113883.4.349.4.989",
      "value" : "HospitalLocationTO.552"
    }],
    "name" : "DAYTON"
  }],
  "identifier" : [{
    "use" : "usual",
    "system" : "urn:oid:2.16.840.1.113883.4.349.4.984",
    "value" : "ProblemTO.352165"
  }],
  "clinicalStatus" : {
    "coding" : [{
      "system" : "http://terminology.hl7.org/CodeSystem/condition-clinical",
      "code" : "active"
    }]
  },
  "verificationStatus" : {
    "coding" : [{
      "system" : "http://terminology.hl7.org/CodeSystem/condition-ver-status",
      "code" : "confirmed"
    }]
  },
  "category" : [{
    "coding" : [{
      "system" : "http://terminology.hl7.org/CodeSystem/condition-category",
      "code" : "problem-list-item"
    }]
  }],
  "code" : {
    "coding" : [{
      "system" : "http://hl7.org/fhir/sid/icd-10-cm",
      "code" : "N18.2"
    }],
    "text" : "Chronic Kidney Disease Stage 2 (SCT 431856006)"
  },
  "subject" : {
    "reference" : "Patient/ex-MHV-patient-4"
  },
  "onsetDateTime" : "2022-08-09",
  "recordedDate" : "2022-08-18",
  "recorder" : {
    "extension" : [{
      "url" : "http://hl7.org/fhir/StructureDefinition/alternate-reference",
      "valueReference" : {
        "reference" : "#ex-MHV-location-552"
      }
    }],
    "reference" : "#ex-MHV-practitioner-36556"
  }
}