{
  "resourceType" : "DiagnosticReport",
  "id" : "ex-MHV-labReport-5",
  "meta" : {
    "profile" : ["https://department-of-veterans-affairs.github.io/mhv-fhir-phr-mapping/StructureDefinition/VA.MHV.PHR.labReport"]
  },
  "text" : {
    "status" : "generated",
    "div" : "<div xmlns=\"http://www.w3.org/1999/xhtml\"><h2><span title=\"Codes: {http://loinc.org 60567-5}\">LR SURGICAL PATHOLOGY REPORT</span> (<span title=\"Codes: {http://terminology.hl7.org/CodeSystem/v2-0074 LAB}\">Laboratory</span>) </h2><table class=\"grid\"><tr><td>Subject</td><td><b>MTPZEROTWO DAYTSHR </b> male, DoB: 1000-01-01 ( id:\u00a01\u00a0(use:\u00a0USUAL))</td></tr><tr><td>When For</td><td>1999-09-27 13:07:00+0000</td></tr><tr><td>Reported</td><td>1999-09-27 13:07:00+0000</td></tr><tr><td>Identifier:</td><td> id:\u00a0LabReportTO.SP;7009075\u00a0(use:\u00a0USUAL)</td></tr></table><p><b>Report Details</b></p><p>Date Spec taken: Sep 24, 1999        Pathologist:JAZBIEH MOEZZI MD\nDate Spec rec'd: Sep 24, 1999 13:46  Resident: \nDate  completed: Sep 27, 1999        Accession #: SP 99 2207\nSubmitted by: KHURSHID YOUSUF MD     Practitioner:KHURSHID YOUSUF\n-------------------------------------------------------------------------------\nSpecimen: \nPOLYPS (A) CECAL\n       (B) PROXIMAL ASCENDING\n       (C) RECTAL\nBrief Clinical History:\nCOLON POLYPS PER FLEX SIG\nPreoperative Diagnosis:\nCOLON POLYPS\nOperative Findings:\n|TAB||NOWRAP|\n1. CECAL POLYPS X 2\n2. ASCENDING COLON POLYP\n3. RECTAL POLYP\nPostoperative Diagnosis:\nSAME\nGross description:\n|TAB||NOWRAP|\nSPECIMEN (A) LABELED CECAL POLYP X 2.  RECEIVED IN FORMALIN IS ONE PALE\nGREY TISSUE FRAGMENT MEASURING 0.4 CM IN DIAMETER.  EMBEDDED ENTIRELY IN\nONE BLOCK.\nSPECIMEN (B) LABELED PROXIMAL ASCENDING COLON.  RECEIVED IN FORMALIN ARE\nTWO PALE BROWN TISSUE FRAGMENTS MEASURING 0.3 CM IN AGGREGATE.  EMBEDDED\nENTIRELY IN ONE BLOCK.\nSPECIMEN (C) LABELED RECTAL POLYP.  RECEIVED IN FORMALIN ARE THREE MINUTE\nTISSUE FRAGMENTS MEASURING 0.3 CM IN AGGREGATE.  EMBEDDED ENTIRELY\nIN ONE BLOCK.\nMicroscopic description: (Date Spec taken: Sep 24, 1999)\n|TAB||BLANK(3)|\n|TAB||NOWRAP|\nDIAGNOSIS:\nA) CECAL POLYP: HYPERPLASTIC POLYP.  (SEE NOTE)\nB &amp;amp; C)\nPROXIMAL ASCENDING COLON AND RECTAL POLYPS: TUBULAR ADENOMAS. (SEE\nNOTE)\n\nNOTE: COAGULATION ARTEFACT AND POOR TISSUE PRESERVATION IS NOTED CAUSING\nDIFFICULTY IN EVALUATION OF LESION.\nDR. YOUSUF WAS NOTIFIED.</p></div>"
  },
  "contained" : [{
    "resourceType" : "Specimen",
    "id" : "ex-MHV-specimen-5",
    "meta" : {
      "profile" : ["https://department-of-veterans-affairs.github.io/mhv-fhir-phr-mapping/StructureDefinition/VA.MHV.PHR.LabSpecimen"]
    },
    "identifier" : [{
      "use" : "usual"
    }],
    "accessionIdentifier" : {
      "use" : "usual",
      "system" : "urn:oid:2.16.840.1.113883.4.349.4.989",
      "value" : "SP 99 2207"
    },
    "status" : "available",
    "type" : {
      "text" : "POLYPS (A) CECAL,        (B) PROXIMAL ASCENDING,        (C) RECTAL"
    },
    "collection" : {
      "collectedDateTime" : "1999-09-24"
    }
  }],
  "identifier" : [{
    "use" : "usual",
    "system" : "urn:oid:2.16.840.1.113883.4.349.4.989",
    "value" : "LabReportTO.SP;7009075"
  }],
  "status" : "final",
  "category" : [{
    "coding" : [{
      "system" : "http://terminology.hl7.org/CodeSystem/v2-0074",
      "code" : "LAB"
    }]
  }],
  "code" : {
    "coding" : [{
      "system" : "http://loinc.org",
      "code" : "60567-5"
    }],
    "text" : "LR SURGICAL PATHOLOGY REPORT"
  },
  "subject" : {
    "reference" : "Patient/ex-MHV-patient-1"
  },
  "effectiveDateTime" : "1999-09-27T13:07:00Z",
  "issued" : "1999-09-27T13:07:00Z",
  "performer" : [{
    "reference" : "Organization/ex-MHV-organization-989"
  }],
  "specimen" : [{
    "reference" : "#ex-MHV-specimen-5"
  }],
  "conclusion" : "Date Spec taken: Sep 24, 1999        Pathologist:JAZBIEH MOEZZI MD\nDate Spec rec'd: Sep 24, 1999 13:46  Resident: \nDate  completed: Sep 27, 1999        Accession #: SP 99 2207\nSubmitted by: KHURSHID YOUSUF MD     Practitioner:KHURSHID YOUSUF\n-------------------------------------------------------------------------------\nSpecimen: \nPOLYPS (A) CECAL\n       (B) PROXIMAL ASCENDING\n       (C) RECTAL\nBrief Clinical History:\nCOLON POLYPS PER FLEX SIG\nPreoperative Diagnosis:\nCOLON POLYPS\nOperative Findings:\n|TAB||NOWRAP|\n1. CECAL POLYPS X 2\n2. ASCENDING COLON POLYP\n3. RECTAL POLYP\nPostoperative Diagnosis:\nSAME\nGross description:\n|TAB||NOWRAP|\nSPECIMEN (A) LABELED CECAL POLYP X 2.  RECEIVED IN FORMALIN IS ONE PALE\nGREY TISSUE FRAGMENT MEASURING 0.4 CM IN DIAMETER.  EMBEDDED ENTIRELY IN\nONE BLOCK.\nSPECIMEN (B) LABELED PROXIMAL ASCENDING COLON.  RECEIVED IN FORMALIN ARE\nTWO PALE BROWN TISSUE FRAGMENTS MEASURING 0.3 CM IN AGGREGATE.  EMBEDDED\nENTIRELY IN ONE BLOCK.\nSPECIMEN (C) LABELED RECTAL POLYP.  RECEIVED IN FORMALIN ARE THREE MINUTE\nTISSUE FRAGMENTS MEASURING 0.3 CM IN AGGREGATE.  EMBEDDED ENTIRELY\nIN ONE BLOCK.\nMicroscopic description: (Date Spec taken: Sep 24, 1999)\n|TAB||BLANK(3)|\n|TAB||NOWRAP|\nDIAGNOSIS:\nA) CECAL POLYP: HYPERPLASTIC POLYP.  (SEE NOTE)\nB &amp; C)\nPROXIMAL ASCENDING COLON AND RECTAL POLYPS: TUBULAR ADENOMAS. (SEE\nNOTE)\n\nNOTE: COAGULATION ARTEFACT AND POOR TISSUE PRESERVATION IS NOTED CAUSING\nDIFFICULTY IN EVALUATION OF LESION.\nDR. YOUSUF WAS NOTIFIED."
}