{
  "resourceType" : "DiagnosticReport",
  "id" : "ex-MHV-chReport-1103030002",
  "meta" : {
    "profile" : ["https://department-of-veterans-affairs.github.io/mhv-fhir-phr-mapping/StructureDefinition/VA.MHV.PHR.chReport"]
  },
  "text" : {
    "status" : "generated",
    "div" : "<div xmlns=\"http://www.w3.org/1999/xhtml\"><h2><span title=\"Codes:\">CH</span> (<span title=\"Codes:{http://terminology.hl7.org/CodeSystem/v2-0074 LAB}\">Laboratory</span>, <span title=\"Codes:{http://terminology.hl7.org/CodeSystem/v2-0074 CH}\">Chemistry</span>, <span title=\"Codes:{http://loinc.org 4548-4}\">HEMOGLOBIN A1C/HEMOGLOBIN.TOTAL:MFR:PT:BLD:QN:</span>) </h2><table class=\"grid\"><tr><td>Subject</td><td><b>L MHVSYSTEST </b> unknown, DoB: 1000-01-01 ( <code>urn:oid:2.16.840.1.113883.4.349</code>/942104\u00a0(use:\u00a0usual))</td></tr><tr><td>When For</td><td>2020-10-29 13:30:03-0500</td></tr><tr><td>Reported</td><td>2020-10-29 13:32:46-0500</td></tr><tr><td>Identifier:</td><td> <code>urn:fdc:TEST.SALT-LAKE.MED.VA.GOV:LR</code>/1103030002\u00a0(use:\u00a0usual)</td></tr></table><p><b>Report Details</b></p><table class=\"grid\"><tr><td><b>Code</b></td><td><b>Value</b></td><td><b>Reference Range</b></td><td><b>Flags</b></td><td><b>When For</b></td></tr><tr><td><a href=\"#ex-MHV-chTest-1103030002a\"><span title=\"Codes:{http://loinc.org 4548-4}, {http://va.gov/terminology/vistaDefinedTerms/95.3 4682837}\">HEMOGLOBIN A1C</span></a></td><td>3.9 %</td><td>4.4-6.0</td><td><span title=\"Codes:{http://terminology.hl7.org/CodeSystem/v3-ObservationInterpretation L}\">L</span></td><td>2020-10-29 13:32:46-0500</td></tr></table></div>"
  },
  "contained" : [{
    "resourceType" : "Organization",
    "id" : "ex-MHV-organization-979",
    "meta" : {
      "profile" : ["https://department-of-veterans-affairs.github.io/mhv-fhir-phr-mapping/StructureDefinition/VA.MHV.PHR.organization"]
    },
    "identifier" : [{
      "use" : "usual",
      "type" : {
        "text" : "FI"
      },
      "system" : "urn:oid:2.16.840.1.113883.4.349",
      "value" : "979"
    }],
    "active" : true,
    "name" : "Organization 979"
  },
  {
    "resourceType" : "Practitioner",
    "id" : "ex-MHV-practitioner-59845-VA660",
    "identifier" : [{
      "system" : "http://va.gov/terminology/vistaDefinedTerms/4",
      "value" : "59845-VA660"
    }],
    "name" : [{
      "family" : "HALL",
      "given" : ["LISA",
      "V"]
    }]
  },
  {
    "resourceType" : "Organization",
    "id" : "ex-MHV-organization-660",
    "meta" : {
      "profile" : ["https://department-of-veterans-affairs.github.io/mhv-fhir-phr-mapping/StructureDefinition/VA.MHV.PHR.organization"]
    },
    "identifier" : [{
      "use" : "usual",
      "type" : {
        "text" : "FI"
      },
      "system" : "urn:oid:2.16.840.1.113883.4.349",
      "value" : "660"
    }],
    "active" : true,
    "name" : "VA SALT LAKE CITY HEALTH CARE SYSTEM (660)",
    "address" : [{
      "line" : ["500 FOOTHILL BLVD."],
      "city" : "SALT LAKE CITY",
      "state" : "UT",
      "postalCode" : "84148",
      "country" : "USA"
    }]
  },
  {
    "resourceType" : "ServiceRequest",
    "id" : "ex-MHV-chOrder-1103030002a",
    "meta" : {
      "profile" : ["https://department-of-veterans-affairs.github.io/mhv-fhir-phr-mapping/StructureDefinition/VA.MHV.PHR.chOrder"]
    },
    "status" : "unknown",
    "intent" : "order",
    "category" : [{
      "coding" : [{
        "system" : "http://snomed.info/sct",
        "code" : "108252007",
        "display" : "Laboratory procedure"
      }]
    }],
    "code" : {
      "coding" : [{
        "system" : "http://va.gov/terminology/vistaDefinedTerms/64",
        "code" : "85052.0000"
      },
      {
        "system" : "http://va.gov/terminology/vistaDefinedTerms/60",
        "code" : "1893",
        "display" : "A1C HEMOGLOBIN {Pnl}"
      }],
      "text" : "Glycohemoglobin A(1) C"
    },
    "subject" : {
      "reference" : "Patient/ex-MHV-patient-942104"
    },
    "requester" : {
      "reference" : "#ex-MHV-practitioner-59845-VA660"
    },
    "performer" : [{
      "reference" : "#ex-MHV-organization-660"
    }]
  },
  {
    "resourceType" : "Observation",
    "id" : "ex-MHV-chTest-1103030002a",
    "meta" : {
      "profile" : ["https://department-of-veterans-affairs.github.io/mhv-fhir-phr-mapping/StructureDefinition/VA.MHV.PHR.chTest"]
    },
    "basedOn" : [{
      "reference" : "#ex-MHV-chOrder-1103030002a"
    }],
    "status" : "final",
    "category" : [{
      "coding" : [{
        "system" : "http://terminology.hl7.org/CodeSystem/observation-category",
        "code" : "laboratory"
      }]
    }],
    "code" : {
      "coding" : [{
        "system" : "http://loinc.org",
        "version" : "2.68",
        "code" : "4548-4"
      },
      {
        "system" : "http://va.gov/terminology/vistaDefinedTerms/95.3",
        "code" : "4682837"
      }],
      "text" : "HEMOGLOBIN A1C"
    },
    "subject" : {
      "reference" : "Patient/ex-MHV-patient-942104"
    },
    "effectiveDateTime" : "2020-10-29T13:32:46-05:00",
    "performer" : [{
      "reference" : "#ex-MHV-organization-660"
    }],
    "valueQuantity" : {
      "value" : 3.9,
      "unit" : "%",
      "system" : "http://unitsofmeasure.org"
    },
    "interpretation" : [{
      "coding" : [{
        "system" : "http://terminology.hl7.org/CodeSystem/v3-ObservationInterpretation",
        "code" : "L"
      }],
      "text" : "L"
    }],
    "specimen" : {
      "reference" : "#ex-MHV-chSpecimen-1103030002"
    },
    "referenceRange" : [{
      "text" : "4.4-6.0"
    }]
  },
  {
    "resourceType" : "Specimen",
    "id" : "ex-MHV-chSpecimen-1103030002",
    "meta" : {
      "profile" : ["https://department-of-veterans-affairs.github.io/mhv-fhir-phr-mapping/StructureDefinition/VA.MHV.PHR.chSpecimen"]
    },
    "status" : "available",
    "type" : {
      "coding" : [{
        "system" : "http://terminology.hl7.org/CodeSystem/v2-0487",
        "code" : "BLD",
        "display" : "Whole blood"
      },
      {
        "system" : "http://va.gov/terminology/vistaDefinedTerms/61",
        "code" : "70",
        "display" : "BLOOD"
      }],
      "text" : "BLOOD"
    },
    "request" : [{
      "reference" : "#ex-MHV-chOrder-1103030002a"
    }],
    "collection" : {
      "collectedDateTime" : "2020-10-29T13:30:03-05:00"
    }
  }],
  "extension" : [{
    "url" : "https://department-of-veterans-affairs.github.io/mhv-fhir-phr-mapping/StructureDefinition/Notes",
    "valueString" : "Lisa's Test 10/29/20"
  }],
  "identifier" : [{
    "use" : "usual",
    "system" : "urn:fdc:TEST.SALT-LAKE.MED.VA.GOV:LR",
    "value" : "1103030002"
  }],
  "basedOn" : [{
    "reference" : "#ex-MHV-chOrder-1103030002a"
  }],
  "status" : "final",
  "category" : [{
    "coding" : [{
      "system" : "http://terminology.hl7.org/CodeSystem/v2-0074",
      "code" : "LAB"
    }]
  },
  {
    "coding" : [{
      "system" : "http://terminology.hl7.org/CodeSystem/v2-0074",
      "code" : "CH"
    }]
  },
  {
    "coding" : [{
      "system" : "http://loinc.org",
      "version" : "2.68",
      "code" : "4548-4"
    }],
    "text" : "HEMOGLOBIN A1C/HEMOGLOBIN.TOTAL:MFR:PT:BLD:QN:"
  }],
  "code" : {
    "text" : "CH"
  },
  "subject" : {
    "reference" : "Patient/ex-MHV-patient-942104"
  },
  "effectiveDateTime" : "2020-10-29T13:30:03-05:00",
  "issued" : "2020-10-29T13:32:46-05:00",
  "performer" : [{
    "reference" : "#ex-MHV-organization-979"
  }],
  "specimen" : [{
    "reference" : "#ex-MHV-chSpecimen-1103030002"
  }],
  "result" : [{
    "reference" : "#ex-MHV-chTest-1103030002a"
  }]
}