{
  "resourceType" : "DiagnosticReport",
  "id" : "ex-MHV-labReport-6",
  "meta" : {
    "profile" : ["https://department-of-veterans-affairs.github.io/mhv-fhir-phr-mapping/StructureDefinition/VA.MHV.PHR.labReport"]
  },
  "text" : {
    "status" : "generated",
    "div" : "<div xmlns=\"http://www.w3.org/1999/xhtml\"><h2><span title=\"Codes: {http://loinc.org 60567-5}\">LR SURGICAL PATHOLOGY REPORT</span> (<span title=\"Codes: {http://terminology.hl7.org/CodeSystem/v2-0074 LAB}\">Laboratory</span>) </h2><table class=\"grid\"><tr><td>Subject</td><td><b>MTPZEROTWO DAYTSHR </b> male, DoB: 1000-01-01 ( id:\u00a01\u00a0(use:\u00a0USUAL))</td></tr><tr><td>When For</td><td>1999-08-11 16:09:00+0000</td></tr><tr><td>Reported</td><td>1999-08-11 16:09:00+0000</td></tr><tr><td>Identifier:</td><td> id:\u00a0LabReportTO.SP;7009190\u00a0(use:\u00a0USUAL)</td></tr></table><p><b>Report Details</b></p><p>Date Spec taken: Aug 09, 1999        Pathologist:SEETHA SURYAPRASAD MD\nDate Spec rec'd: Aug 10, 1999 13:27  Resident: \nDate  completed: Aug 11, 1999        Accession #: SP 99 1804\nSubmitted by: KATHLEEN MARIE WOLNER  Practitioner:KATHLEEN MARIE WOLNER MD\n-------------------------------------------------------------------------------\nSpecimen: \nPOLYP @ 12CM\nBrief Clinical History:\n70 YEAR OLD MALE FOR SCREENING EXAM.  \nOperative Findings:\nSMOOTH BROAD BASED POLYP\nPostoperative Diagnosis:\nPROBABLE BENIGN POLYP\nGross description:\nRECEIVED IN FORMALIN AND LABELED &quot;POLYP&quot;  CONSISTS OF TWO 1 MM FRAGMENTS\nOF PINK TISSUE.  SUBMITTED IN TOTAL IN ONE BLOCK.\nMicroscopic description: (Date Spec taken: Aug 09, 1999)\n|TAB||BLANK(3)|\nDIAGNOSIS:\nPOLYP AT 12 CM. TUBULAR ADENOMA.</p></div>"
  },
  "contained" : [{
    "resourceType" : "Specimen",
    "id" : "ex-MHV-specimen-6",
    "meta" : {
      "profile" : ["https://department-of-veterans-affairs.github.io/mhv-fhir-phr-mapping/StructureDefinition/VA.MHV.PHR.LabSpecimen"]
    },
    "identifier" : [{
      "use" : "usual"
    }],
    "accessionIdentifier" : {
      "use" : "usual",
      "system" : "urn:oid:2.16.840.1.113883.4.349.4.989",
      "value" : "SP 99 1804"
    },
    "status" : "available",
    "type" : {
      "text" : "POLYP @ 12CM"
    },
    "collection" : {
      "collectedDateTime" : "1999-08-09"
    }
  },
  {
    "resourceType" : "Organization",
    "id" : "ex-MHV-organization-989",
    "meta" : {
      "profile" : ["https://department-of-veterans-affairs.github.io/mhv-fhir-phr-mapping/StructureDefinition/VA.MHV.PHR.organization"]
    },
    "identifier" : [{
      "use" : "usual",
      "system" : "urn:oid:2.16.840.1.113883.4.349",
      "value" : "LabSiteTO.989"
    },
    {
      "system" : "http://hl7.org/fhir/sid/us-npi",
      "value" : "1234"
    }],
    "active" : true,
    "name" : "Lab Site 989"
  }],
  "identifier" : [{
    "use" : "usual",
    "system" : "urn:oid:2.16.840.1.113883.4.349.4.989",
    "value" : "LabReportTO.SP;7009190"
  }],
  "status" : "final",
  "category" : [{
    "coding" : [{
      "system" : "http://terminology.hl7.org/CodeSystem/v2-0074",
      "code" : "LAB"
    }]
  }],
  "code" : {
    "coding" : [{
      "system" : "http://loinc.org",
      "code" : "60567-5"
    }],
    "text" : "LR SURGICAL PATHOLOGY REPORT"
  },
  "subject" : {
    "reference" : "Patient/ex-MHV-patient-1"
  },
  "effectiveDateTime" : "1999-08-11T16:09:00Z",
  "issued" : "1999-08-11T16:09:00Z",
  "performer" : [{
    "reference" : "#ex-MHV-organization-989"
  }],
  "specimen" : [{
    "reference" : "#ex-MHV-specimen-6"
  }],
  "conclusion" : "Date Spec taken: Aug 09, 1999        Pathologist:SEETHA SURYAPRASAD MD\nDate Spec rec'd: Aug 10, 1999 13:27  Resident: \nDate  completed: Aug 11, 1999        Accession #: SP 99 1804\nSubmitted by: KATHLEEN MARIE WOLNER  Practitioner:KATHLEEN MARIE WOLNER MD\n-------------------------------------------------------------------------------\nSpecimen: \nPOLYP @ 12CM\nBrief Clinical History:\n70 YEAR OLD MALE FOR SCREENING EXAM.  \nOperative Findings:\nSMOOTH BROAD BASED POLYP\nPostoperative Diagnosis:\nPROBABLE BENIGN POLYP\nGross description:\nRECEIVED IN FORMALIN AND LABELED \"POLYP\"  CONSISTS OF TWO 1 MM FRAGMENTS\nOF PINK TISSUE.  SUBMITTED IN TOTAL IN ONE BLOCK.\nMicroscopic description: (Date Spec taken: Aug 09, 1999)\n|TAB||BLANK(3)|\nDIAGNOSIS:\nPOLYP AT 12 CM. TUBULAR ADENOMA."
}