{
  "resourceType" : "DiagnosticReport",
  "id" : "9961",
  "meta" : {
    "versionId" : "20",
    "lastUpdated" : "2024-05-16T18:08:59.215-04:00",
    "source" : "#reWo6V0WdeyFTR19",
    "profile" : ["https://department-of-veterans-affairs.github.io/mhv-fhir-phr-mapping/StructureDefinition/VA.MHV.PHR.chReport"]
  },
  "text" : {
    "status" : "generated",
    "div" : "<div xmlns=\"http://www.w3.org/1999/xhtml\"><h2><span title=\"Codes:\">CH</span> (<span title=\"Codes:{http://terminology.hl7.org/CodeSystem/v2-0074 LAB}\">Laboratory</span>, <span title=\"Codes:{http://terminology.hl7.org/CodeSystem/v2-0074 CH}\">Chemistry</span>, <span title=\"Codes:{http://loinc.org 2345-7}\">GLUCOSE:MCNC:PT:SER/PLAS:QN</span>) </h2><table class=\"grid\"><tr><td>Subject</td><td><b>L MHVSYSTEST </b> unknown, DoB: 1000-01-01 ( <code>urn:oid:2.16.840.1.113883.4.349</code>/942104\u00a0(use:\u00a0usual))</td></tr><tr><td>When For</td><td>2014-11-26 13:28:02-0400</td></tr><tr><td>Reported</td><td>2014-11-26 13:28:54-0400</td></tr><tr><td>Identifier:</td><td> <code>urn:fdc:TEST.DAYTON.MED.VA.GOV:LR</code>/0043300002\u00a0(use:\u00a0usual)</td></tr></table><p><b>Report Details</b></p><table class=\"grid\"><tr><td><b>Code</b></td><td><b>Value</b></td><td><b>Reference Range</b></td><td><b>Note</b></td><td><b>When For</b></td></tr><tr><td><a href=\"#ChemistryResult-1.1\"><span title=\"Codes:{http://loinc.org 2345-7}, {http://va.gov/terminology/vistaDefinedTerms/95.3 4665460}\">GLUCOSE</span></a></td><td>102 mg/dl</td><td>65-110</td><td>***PLEASE NOTE NEW CRITICAL VALUE EFFECTIVE 2/2/98***</td><td>2014-11-26 13:28:02-0400</td></tr></table></div>"
  },
  "contained" : [{
    "resourceType" : "Specimen",
    "id" : "Specimen-0",
    "meta" : {
      "profile" : ["https://department-of-veterans-affairs.github.io/mhv-fhir-phr-mapping/StructureDefinition/VA.MHV.PHR.chSpecimen"]
    },
    "status" : "available",
    "type" : {
      "coding" : [{
        "system" : "http://terminology.hl7.org/CodeSystem/v2-0487",
        "code" : "SER",
        "display" : "Serum"
      },
      {
        "system" : "http://va.gov/terminology/vistaDefinedTerms/61",
        "version" : "5.2",
        "code" : "72",
        "display" : "SERUM"
      }],
      "text" : "SERUM"
    },
    "request" : [{
      "reference" : "#ServiceRequest-1"
    }],
    "collection" : {
      "collectedDateTime" : "2014-11-26T13:28:02-04:00"
    }
  },
  {
    "resourceType" : "Practitioner",
    "id" : "Provider-1",
    "identifier" : [{
      "system" : "http://va.gov/terminology/vistaDefinedTerms/4",
      "value" : "14934-VA552"
    }],
    "name" : [{
      "family" : "HALL",
      "given" : ["LISA",
      "A"]
    }]
  },
  {
    "resourceType" : "Organization",
    "id" : "Organization-552",
    "meta" : {
      "profile" : ["https://department-of-veterans-affairs.github.io/mhv-fhir-phr-mapping/StructureDefinition/VA.MHV.PHR.organization"]
    },
    "identifier" : [{
      "use" : "usual",
      "type" : {
        "text" : "FI"
      },
      "system" : "urn:oid:2.16.840.1.113883.4.349",
      "value" : "552"
    }],
    "active" : true,
    "name" : "DAYTON, OH VAMC",
    "address" : [{
      "line" : ["4100 W. THIRD STREET"],
      "city" : "DAYTON",
      "state" : "OH",
      "postalCode" : "45428",
      "country" : "USA"
    }]
  },
  {
    "resourceType" : "Organization",
    "id" : "OrgPerformer-989",
    "meta" : {
      "profile" : ["https://department-of-veterans-affairs.github.io/mhv-fhir-phr-mapping/StructureDefinition/VA.MHV.PHR.organization"]
    },
    "identifier" : [{
      "use" : "usual",
      "system" : "urn:oid:2.16.840.1.113883.4.349",
      "value" : "989"
    }],
    "active" : true,
    "name" : "DAYT29.FO-BAYPINES.MED.VA.GOV"
  },
  {
    "resourceType" : "ServiceRequest",
    "id" : "ServiceRequest-1",
    "meta" : {
      "profile" : ["https://department-of-veterans-affairs.github.io/mhv-fhir-phr-mapping/StructureDefinition/VA.MHV.PHR.chOrder"]
    },
    "status" : "unknown",
    "intent" : "order",
    "category" : [{
      "coding" : [{
        "system" : "http://snomed.info/sct",
        "code" : "108252007",
        "display" : "Laboratory procedure"
      }]
    }],
    "code" : {
      "coding" : [{
        "system" : "http://va.gov/terminology/vistaDefinedTerms/64",
        "code" : "84330.0000"
      },
      {
        "system" : "http://va.gov/terminology/vistaDefinedTerms/60",
        "code" : "175",
        "display" : "GLUCOSE"
      }],
      "text" : "Glucose Quant"
    },
    "subject" : {
      "reference" : "Patient/ex-MHV-patient-942104"
    },
    "requester" : {
      "reference" : "#Provider-1"
    },
    "performer" : [{
      "reference" : "#Organization-552"
    }]
  },
  {
    "resourceType" : "Observation",
    "id" : "ChemistryResult-1.1",
    "meta" : {
      "profile" : ["https://department-of-veterans-affairs.github.io/mhv-fhir-phr-mapping/StructureDefinition/VA.MHV.PHR.chTest"]
    },
    "basedOn" : [{
      "reference" : "#ServiceRequest-1"
    }],
    "status" : "final",
    "category" : [{
      "coding" : [{
        "system" : "http://terminology.hl7.org/CodeSystem/observation-category",
        "code" : "laboratory"
      }]
    }],
    "code" : {
      "coding" : [{
        "system" : "http://loinc.org",
        "version" : "2.14",
        "code" : "2345-7"
      },
      {
        "system" : "http://va.gov/terminology/vistaDefinedTerms/95.3",
        "version" : "2.14",
        "code" : "4665460"
      }],
      "text" : "GLUCOSE"
    },
    "subject" : {
      "reference" : "Patient/ex-MHV-patient-942104"
    },
    "effectiveDateTime" : "2014-11-26T13:28:02-04:00",
    "performer" : [{
      "reference" : "#Organization-552"
    }],
    "valueQuantity" : {
      "value" : 102,
      "unit" : "mg/dl",
      "system" : "http://unitsofmeasure.org",
      "code" : "mg/dl"
    },
    "note" : [{
      "text" : "***PLEASE NOTE NEW CRITICAL VALUE EFFECTIVE 2/2/98***"
    }],
    "specimen" : {
      "reference" : "#Specimen-0"
    },
    "referenceRange" : [{
      "text" : "65-110"
    }]
  }],
  "extension" : [{
    "url" : "https://department-of-veterans-affairs.github.io/mhv-fhir-phr-mapping/StructureDefinition/Notes",
    "valueString" : "Release 12.11 test"
  }],
  "identifier" : [{
    "use" : "usual",
    "system" : "urn:fdc:TEST.DAYTON.MED.VA.GOV:LR",
    "value" : "0043300002"
  }],
  "basedOn" : [{
    "reference" : "#ServiceRequest-1"
  }],
  "status" : "final",
  "category" : [{
    "coding" : [{
      "system" : "http://terminology.hl7.org/CodeSystem/v2-0074",
      "code" : "LAB"
    }]
  },
  {
    "coding" : [{
      "system" : "http://terminology.hl7.org/CodeSystem/v2-0074",
      "code" : "CH"
    }]
  },
  {
    "coding" : [{
      "system" : "http://loinc.org",
      "version" : "2.14",
      "code" : "2345-7"
    }],
    "text" : "GLUCOSE:MCNC:PT:SER/PLAS:QN"
  }],
  "code" : {
    "text" : "CH"
  },
  "subject" : {
    "reference" : "Patient/ex-MHV-patient-942104"
  },
  "effectiveDateTime" : "2014-11-26T13:28:02-04:00",
  "issued" : "2014-11-26T13:28:54.000-04:00",
  "performer" : [{
    "reference" : "#OrgPerformer-989"
  }],
  "specimen" : [{
    "reference" : "#Specimen-0"
  }],
  "result" : [{
    "reference" : "#ChemistryResult-1.1"
  }]
}