{
  "resourceType" : "DiagnosticReport",
  "id" : "ex-MHV-labReport-8",
  "meta" : {
    "profile" : ["https://johnmoehrke.github.io/MHV-PHR/StructureDefinition/VA.MHV.PHR.labReport"]
  },
  "text" : {
    "status" : "generated",
    "div" : "<div xmlns=\"http://www.w3.org/1999/xhtml\"><h2><span title=\"Codes: {http://loinc.org 60567-5}\">LR SURGICAL PATHOLOGY REPORT</span> (<span title=\"Codes: {http://terminology.hl7.org/CodeSystem/v2-0074 LAB}\">Laboratory</span>) </h2><table class=\"grid\"><tr><td>Subject</td><td><b>MTPZEROTWO,DAYTSHR</b> male, DoB Unknown ( mpiPID:\u00a01013699147\u00a0(use:\u00a0OFFICIAL))</td></tr><tr><td>When For</td><td>1997-05-14 09:54:00+0000</td></tr><tr><td>Reported</td><td>1997-05-14 09:54:00+0000</td></tr><tr><td>Identifier:</td><td> id:\u00a0LabReportTO.SP;7029487\u00a0(use:\u00a0USUAL)</td></tr></table><p><b>Report Details</b></p><p>Date Spec taken: May 12, 1997        Pathologist:SEETHA SURYAPRASAD MD\nDate Spec rec'd: May 12, 1997 14:00  Resident: \nDate  completed: May 13, 1997        Accession #: SP 97 1099\nSubmitted by: DEBRA K LATTA MD       Practitioner:DEBRA K LATTA\n-------------------------------------------------------------------------------\nSpecimen: \nBONE FRAGMENTS, LEFT FOOT</p></div>"
  },
  "contained" : [{
    "resourceType" : "Specimen",
    "id" : "ex-MHV-specimen-8",
    "meta" : {
      "profile" : ["https://johnmoehrke.github.io/MHV-PHR/StructureDefinition/VA.MHV.PHR.LabSpecimen"]
    },
    "identifier" : [{
      "use" : "usual"
    }],
    "accessionIdentifier" : {
      "use" : "usual",
      "system" : "urn:oid:2.16.840.1.113883.4.349.4.989",
      "value" : "SP 97 1099"
    },
    "status" : "available",
    "type" : {
      "text" : "BONE FRAGMENTS, LEFT FOOT"
    },
    "collection" : {
      "collectedDateTime" : "1997-05-12"
    }
  }],
  "identifier" : [{
    "use" : "usual",
    "system" : "urn:oid:2.16.840.1.113883.4.349.4.989",
    "value" : "LabReportTO.SP;7029487"
  }],
  "status" : "final",
  "category" : [{
    "coding" : [{
      "system" : "http://terminology.hl7.org/CodeSystem/v2-0074",
      "code" : "LAB"
    }]
  }],
  "code" : {
    "coding" : [{
      "system" : "http://loinc.org",
      "code" : "60567-5"
    }],
    "text" : "LR SURGICAL PATHOLOGY REPORT"
  },
  "subject" : {
    "reference" : "Patient/ex-MHV-patient-1"
  },
  "effectiveDateTime" : "1997-05-14T09:54:00Z",
  "issued" : "1997-05-14T09:54:00Z",
  "performer" : [{
    "reference" : "Organization/ex-MHV-organization-989"
  }],
  "specimen" : [{
    "reference" : "#ex-MHV-specimen-8"
  }],
  "conclusion" : "Date Spec taken: May 12, 1997        Pathologist:SEETHA SURYAPRASAD MD\nDate Spec rec'd: May 12, 1997 14:00  Resident: \nDate  completed: May 13, 1997        Accession #: SP 97 1099\nSubmitted by: DEBRA K LATTA MD       Practitioner:DEBRA K LATTA\n-------------------------------------------------------------------------------\nSpecimen: \nBONE FRAGMENTS, LEFT FOOT"
}