{
  "resourceType" : "DiagnosticReport",
  "id" : "9986",
  "meta" : {
    "versionId" : "23",
    "lastUpdated" : "2024-05-16T18:08:59.215-04:00",
    "source" : "#reWo6V0WdeyFTR19",
    "profile" : ["https://department-of-veterans-affairs.github.io/mhv-fhir-phr-mapping/StructureDefinition/VA.MHV.PHR.chReport"]
  },
  "text" : {
    "status" : "generated",
    "div" : "<div xmlns=\"http://www.w3.org/1999/xhtml\"><p class=\"res-header-id\"><b>Generated Narrative: DiagnosticReport 9986</b></p><a name=\"9986\"> </a><a name=\"hc9986\"> </a><a name=\"9986-en-US\"> </a><div style=\"display: inline-block; background-color: #d9e0e7; padding: 6px; margin: 4px; border: 1px solid #8da1b4; border-radius: 5px; line-height: 60%\"><p style=\"margin-bottom: 0px\">version: versionId: id (PrimitiveType/DiagnosticReport.meta.versionId): element = id -&gt; versionId=id[23]; Last updated: 2024-05-16 18:08:59-0400; </p><p style=\"margin-bottom: 0px\">Information Source: #reWo6V0WdeyFTR19</p><p style=\"margin-bottom: 0px\">Profile: <a href=\"StructureDefinition-VA.MHV.PHR.chReport.html\">VA MHV PHR HDR Chem-Hem Report</a></p></div><h2><span title=\"Codes:\">CH</span> (<span title=\"Codes:{http://terminology.hl7.org/CodeSystem/v2-0074 LAB}\">Laboratory</span>, <span title=\"Codes:{http://terminology.hl7.org/CodeSystem/v2-0074 CH}\">Chemistry</span>, <span title=\"Codes:{http://loinc.org 2028-9}\">CARBON DIOXIDE:SCNC:PT:SER/PLAS:QN:</span>) </h2><table class=\"grid\"><tr><td>Subject</td><td>No display for Patient </td></tr><tr><td>When For</td><td>2019-02-06 11:13:48-0500</td></tr><tr><td>Reported</td><td>2019-02-06 11:14:52-0500</td></tr><tr><td>Performer</td><td> <a href=\"#hc9986/OrgPerformer-979\">Organization SLC10.FO-BAYPINES.MED.VA.GOV</a></td></tr><tr><td>Identifier</td><td> <code>urn:fdc:TEST.SALT-LAKE.MED.VA.GOV:LR</code>/1190370002\u00a0(use:\u00a0usual,\u00a0)</td></tr></table><p><b>Report Details</b></p><table class=\"grid\"><tr><td><b>Code</b></td><td><b>Value</b></td><td><b>Reference Range</b></td><td><b>Flags</b></td></tr><tr><td><a href=\"#hc9986/ChemistryResult-1.1\"><span title=\"Codes:{http://loinc.org 2028-9}, {http://va.gov/terminology/vistaDefinedTerms/95.3 4662085}\">CO2</span></a></td><td>21 mmol/L<span style=\"background: LightGoldenRodYellow\"> (Details: UCUM  codemmol/L = 'mmol/L')</span></td><td>22-32</td><td>Final, <span title=\"Codes:{http://terminology.hl7.org/CodeSystem/v3-ObservationInterpretation L}\">L</span></td></tr></table><hr/><p class=\"res-header-id\"><b>Generated Narrative: Specimen  #Specimen-0</b></p><a name=\"9986/Specimen-0\"> </a><a name=\"hc9986/Specimen-0\"> </a><a name=\"9986/Specimen-0-en-US\"> </a><p><b>status</b>: Available</p><p><b>type</b>: <span title=\"Codes:{http://terminology.hl7.org/CodeSystem/v2-0487 PLAS}, {http://va.gov/terminology/vistaDefinedTerms/61 73}\">PLASMA</span></p><p><b>request</b>: <a href=\"#ServiceRequest-1\">#ServiceRequest-1</a></p><h3>Collections</h3><table class=\"grid\"><tr><td style=\"display: none\">-</td><td><b>Collected[x]</b></td></tr><tr><td style=\"display: none\">*</td><td>2019-02-06 11:13:48-0500</td></tr></table><hr/><p class=\"res-header-id\"><b>Generated Narrative: Practitioner  #Provider-1</b></p><a name=\"9986/Provider-1\"> </a><a name=\"hc9986/Provider-1\"> </a><a name=\"9986/Provider-1-en-US\"> </a><p><b>identifier</b>: <code>http://va.gov/terminology/vistaDefinedTerms/4</code>/59845-VA660</p><p><b>name</b>: LISA HALL </p><hr/><p class=\"res-header-id\"><b>Generated Narrative: Organization  #Organization-660</b></p><a name=\"9986/Organization-660\"> </a><a name=\"hc9986/Organization-660\"> </a><a name=\"9986/Organization-660-en-US\"> </a><p><b>identifier</b>: FI/660\u00a0(use:\u00a0usual,\u00a0)</p><p><b>active</b>: true</p><p><b>name</b>: VA SALT LAKE CITY HEALTH CARE SYSTEM (660)</p><p><b>address</b>: 500 FOOTHILL BLVD. SALT LAKE CITY UT 84148 USA </p><hr/><p class=\"res-header-id\"><b>Generated Narrative: Organization  #OrgPerformer-979</b></p><a name=\"9986/OrgPerformer-979\"> </a><a name=\"hc9986/OrgPerformer-979\"> </a><a name=\"9986/OrgPerformer-979-en-US\"> </a><p><b>identifier</b>: <code>urn:oid:2.16.840.1.113883.4.349</code>/979\u00a0(use:\u00a0usual,\u00a0)</p><p><b>active</b>: true</p><p><b>name</b>: SLC10.FO-BAYPINES.MED.VA.GOV</p><hr/><p class=\"res-header-id\"><b>Generated Narrative: ServiceRequest  #ServiceRequest-1</b></p><a name=\"9986/ServiceRequest-1\"> </a><a name=\"hc9986/ServiceRequest-1\"> </a><a name=\"9986/ServiceRequest-1-en-US\"> </a><p><b>status</b>: Unknown</p><p><b>intent</b>: Order</p><p><b>category</b>: <span title=\"Codes:{http://snomed.info/sct 108252007}\">Laboratory procedure</span></p><p><b>code</b>: <span title=\"Codes:{http://va.gov/terminology/vistaDefinedTerms/64 82830.0000}, {http://va.gov/terminology/vistaDefinedTerms/60 179}\">Carbon Dioxide Content</span></p><p><b>subject</b>: <a href=\"Patient-ex-MHV-patient-942104.html\">L MHVSYSTEST  Unknown, DoB: 1000-01-01 ( urn:oid:2.16.840.1.113883.4.349#942104\u00a0(use:\u00a0usual,\u00a0))</a></p><p><b>requester</b>: <a href=\"#Provider-1\">#Provider-1</a></p><p><b>performer</b>: <a href=\"#Organization-660\">#Organization-660</a></p><hr/><p class=\"res-header-id\"><b>Generated Narrative: Observation  #ChemistryResult-1.1</b></p><a name=\"9986/ChemistryResult-1.1\"> </a><a name=\"hc9986/ChemistryResult-1.1\"> </a><a name=\"9986/ChemistryResult-1.1-en-US\"> </a><p><b>basedOn</b>: <a href=\"#ServiceRequest-1\">#ServiceRequest-1</a></p><p><b>status</b>: Final</p><p><b>category</b>: <span title=\"Codes:{http://terminology.hl7.org/CodeSystem/observation-category laboratory}\">Laboratory</span></p><p><b>code</b>: <span title=\"Codes:{http://loinc.org 2028-9}, {http://va.gov/terminology/vistaDefinedTerms/95.3 4662085}\">CO2</span></p><p><b>subject</b>: <a href=\"Patient-ex-MHV-patient-942104.html\">L MHVSYSTEST  Unknown, DoB: 1000-01-01 ( urn:oid:2.16.840.1.113883.4.349#942104\u00a0(use:\u00a0usual,\u00a0))</a></p><p><b>effective</b>: 2019-02-06 11:13:48-0500</p><p><b>performer</b>: <a href=\"#Organization-660\">#Organization-660</a></p><p><b>value</b>: 21 mmol/L<span style=\"background: LightGoldenRodYellow\"> (Details: UCUM  codemmol/L = 'mmol/L')</span></p><p><b>interpretation</b>: <span title=\"Codes:{http://terminology.hl7.org/CodeSystem/v3-ObservationInterpretation L}\">L</span></p><p><b>specimen</b>: <a href=\"#Specimen-0\">#Specimen-0</a></p><h3>ReferenceRanges</h3><table class=\"grid\"><tr><td style=\"display: none\">-</td><td><b>Text</b></td></tr><tr><td style=\"display: none\">*</td><td>22-32</td></tr></table></div>"
  },
  "contained" : [{
    "resourceType" : "Specimen",
    "id" : "Specimen-0",
    "meta" : {
      "profile" : ["https://department-of-veterans-affairs.github.io/mhv-fhir-phr-mapping/StructureDefinition/VA.MHV.PHR.chSpecimen"]
    },
    "status" : "available",
    "type" : {
      "coding" : [{
        "system" : "http://terminology.hl7.org/CodeSystem/v2-0487",
        "code" : "PLAS",
        "display" : "Plasma"
      },
      {
        "system" : "http://va.gov/terminology/vistaDefinedTerms/61",
        "version" : "5.2",
        "code" : "73",
        "display" : "PLASMA"
      }],
      "text" : "PLASMA"
    },
    "request" : [{
      "reference" : "#ServiceRequest-1"
    }],
    "collection" : {
      "collectedDateTime" : "2019-02-06T11:13:48-05:00"
    }
  },
  {
    "resourceType" : "Practitioner",
    "id" : "Provider-1",
    "identifier" : [{
      "system" : "http://va.gov/terminology/vistaDefinedTerms/4",
      "value" : "59845-VA660"
    }],
    "name" : [{
      "family" : "HALL",
      "given" : ["LISA"]
    }]
  },
  {
    "resourceType" : "Organization",
    "id" : "Organization-660",
    "meta" : {
      "profile" : ["https://department-of-veterans-affairs.github.io/mhv-fhir-phr-mapping/StructureDefinition/VA.MHV.PHR.organization"]
    },
    "identifier" : [{
      "use" : "usual",
      "type" : {
        "text" : "FI"
      },
      "system" : "urn:oid:2.16.840.1.113883.4.349",
      "value" : "660"
    }],
    "active" : true,
    "name" : "VA SALT LAKE CITY HEALTH CARE SYSTEM (660)",
    "address" : [{
      "line" : ["500 FOOTHILL BLVD."],
      "city" : "SALT LAKE CITY",
      "state" : "UT",
      "postalCode" : "84148",
      "country" : "USA"
    }]
  },
  {
    "resourceType" : "Organization",
    "id" : "OrgPerformer-979",
    "meta" : {
      "profile" : ["https://department-of-veterans-affairs.github.io/mhv-fhir-phr-mapping/StructureDefinition/VA.MHV.PHR.organization"]
    },
    "identifier" : [{
      "use" : "usual",
      "system" : "urn:oid:2.16.840.1.113883.4.349",
      "value" : "979"
    }],
    "active" : true,
    "name" : "SLC10.FO-BAYPINES.MED.VA.GOV"
  },
  {
    "resourceType" : "ServiceRequest",
    "id" : "ServiceRequest-1",
    "meta" : {
      "profile" : ["https://department-of-veterans-affairs.github.io/mhv-fhir-phr-mapping/StructureDefinition/VA.MHV.PHR.chOrder"]
    },
    "status" : "unknown",
    "intent" : "order",
    "category" : [{
      "coding" : [{
        "system" : "http://snomed.info/sct",
        "code" : "108252007",
        "display" : "Laboratory procedure"
      }]
    }],
    "code" : {
      "coding" : [{
        "system" : "http://va.gov/terminology/vistaDefinedTerms/64",
        "code" : "82830.0000"
      },
      {
        "system" : "http://va.gov/terminology/vistaDefinedTerms/60",
        "code" : "179",
        "display" : "CO2"
      }],
      "text" : "Carbon Dioxide Content"
    },
    "subject" : {
      "reference" : "Patient/ex-MHV-patient-942104"
    },
    "requester" : {
      "reference" : "#Provider-1"
    },
    "performer" : [{
      "reference" : "#Organization-660"
    }]
  },
  {
    "resourceType" : "Observation",
    "id" : "ChemistryResult-1.1",
    "meta" : {
      "profile" : ["https://department-of-veterans-affairs.github.io/mhv-fhir-phr-mapping/StructureDefinition/VA.MHV.PHR.chTest"]
    },
    "basedOn" : [{
      "reference" : "#ServiceRequest-1"
    }],
    "status" : "final",
    "category" : [{
      "coding" : [{
        "system" : "http://terminology.hl7.org/CodeSystem/observation-category",
        "code" : "laboratory"
      }]
    }],
    "code" : {
      "coding" : [{
        "system" : "http://loinc.org",
        "version" : "2.64",
        "code" : "2028-9"
      },
      {
        "system" : "http://va.gov/terminology/vistaDefinedTerms/95.3",
        "version" : "2.64",
        "code" : "4662085"
      }],
      "text" : "CO2"
    },
    "subject" : {
      "reference" : "Patient/ex-MHV-patient-942104"
    },
    "effectiveDateTime" : "2019-02-06T11:13:48-05:00",
    "performer" : [{
      "reference" : "#Organization-660"
    }],
    "valueQuantity" : {
      "value" : 21,
      "unit" : "mmol/L",
      "system" : "http://unitsofmeasure.org",
      "code" : "mmol/L"
    },
    "interpretation" : [{
      "coding" : [{
        "system" : "http://terminology.hl7.org/CodeSystem/v3-ObservationInterpretation",
        "code" : "L"
      }],
      "text" : "L"
    }],
    "specimen" : {
      "reference" : "#Specimen-0"
    },
    "referenceRange" : [{
      "text" : "22-32"
    }]
  }],
  "identifier" : [{
    "use" : "usual",
    "system" : "urn:fdc:TEST.SALT-LAKE.MED.VA.GOV:LR",
    "value" : "1190370002"
  }],
  "basedOn" : [{
    "reference" : "#ServiceRequest-1"
  }],
  "status" : "final",
  "category" : [{
    "coding" : [{
      "system" : "http://terminology.hl7.org/CodeSystem/v2-0074",
      "code" : "LAB"
    }]
  },
  {
    "coding" : [{
      "system" : "http://terminology.hl7.org/CodeSystem/v2-0074",
      "code" : "CH"
    }]
  },
  {
    "coding" : [{
      "system" : "http://loinc.org",
      "version" : "2.64",
      "code" : "2028-9"
    }],
    "text" : "CARBON DIOXIDE:SCNC:PT:SER/PLAS:QN:"
  }],
  "code" : {
    "text" : "CH"
  },
  "subject" : {
    "reference" : "Patient/ex-MHV-patient-942104"
  },
  "effectiveDateTime" : "2019-02-06T11:13:48-05:00",
  "issued" : "2019-02-06T11:14:52.000-05:00",
  "performer" : [{
    "reference" : "#OrgPerformer-979"
  }],
  "specimen" : [{
    "reference" : "#Specimen-0"
  }],
  "result" : [{
    "reference" : "#ChemistryResult-1.1"
  }]
}