{
  "resourceType" : "DiagnosticReport",
  "id" : "ex-MHV-labReport-4",
  "meta" : {
    "profile" : ["https://johnmoehrke.github.io/MHV-PHR/StructureDefinition/VA.MHV.PHR.labReport"]
  },
  "text" : {
    "status" : "generated",
    "div" : "<div xmlns=\"http://www.w3.org/1999/xhtml\"><h2><span title=\"Codes: {http://loinc.org 60567-5}\">LR SURGICAL PATHOLOGY REPORT</span> (<span title=\"Codes: {http://terminology.hl7.org/CodeSystem/v2-0074 LAB}\">Laboratory</span>) </h2><table class=\"grid\"><tr><td>Subject</td><td><b>MTPZEROTWO,DAYTSHR</b> male, DoB Unknown ( id:\u00a01013699147\u00a0(use:\u00a0OFFICIAL))</td></tr><tr><td>When For</td><td>2000-08-10 15:56:00+0000</td></tr><tr><td>Reported</td><td>2000-08-10 15:56:00+0000</td></tr><tr><td>Identifier:</td><td> id:\u00a0LabReportTo.SP;6999190\u00a0(use:\u00a0USUAL)</td></tr></table><p><b>Report Details</b></p><p>Date Spec taken: Aug 09, 2000        Pathologist:SEETHA SURYAPRASAD MD\nDate Spec rec'd: Aug 09, 2000 16:14  Resident: \nDate  completed: Aug 10, 2000        Accession #: SP 00 1982\nSubmitted by: MARK MAZUR MD          Practitioner:MARK MAZUR DPM\n-------------------------------------------------------------------------------\nSpecimen: \nOLD HARDWARE LEFT FOOT X2\nBrief Clinical History:\nThis 71 y/o wm presents with painful hardware L 1st metatarsal head. The\npins were inserted 3 years ago for a bunion procedure. The Bunionprocedure\nis well healed and pt is now wanting the pin removed. Will probably need\nk-wire driver and power for this case.\nPreoperative Diagnosis:\nPAINFUL HARDWARE LEFT FIRST METATARSAL \nPostoperative Diagnosis:\nPAINFUL HARDWARE LEFT FIRST METATARSAL \nGross description:\nRECEIVED UNFIXED AND LABELED &quot;OLD HARDWARE LEFT FOOT X 2&quot; CONSISTS OF TWO\n1.7 CM AND 2.5 CM LONG 1 MM WIDE METALLIC PINS.\n|TAB||NOWRAP|\nDIAGNOSIS: HARDWARE (CLINICALLY FROM LEFT FOOT)</p></div>"
  },
  "contained" : [{
    "resourceType" : "Specimen",
    "id" : "ex-MHV-specimen-4",
    "meta" : {
      "profile" : ["https://johnmoehrke.github.io/MHV-PHR/StructureDefinition/VA.MHV.PHR.LabSpecimen"]
    },
    "identifier" : [{
      "use" : "usual"
    }],
    "accessionIdentifier" : {
      "use" : "usual",
      "system" : "urn:oid:2.16.840.1.113883.4.349.4.989",
      "value" : "SP 00 1982"
    },
    "status" : "available",
    "type" : {
      "text" : "OLD HARDWARE LEFT FOOT X2"
    },
    "collection" : {
      "collectedDateTime" : "2000-08-09"
    }
  }],
  "identifier" : [{
    "use" : "usual",
    "system" : "urn:oid:2.16.840.1.113883.4.349.4.989",
    "value" : "LabReportTo.SP;6999190"
  }],
  "status" : "final",
  "category" : [{
    "coding" : [{
      "system" : "http://terminology.hl7.org/CodeSystem/v2-0074",
      "code" : "LAB"
    }]
  }],
  "code" : {
    "coding" : [{
      "system" : "http://loinc.org",
      "code" : "60567-5"
    }],
    "text" : "LR SURGICAL PATHOLOGY REPORT"
  },
  "subject" : {
    "reference" : "Patient/ex-MHV-patient-1"
  },
  "effectiveDateTime" : "2000-08-10T15:56:00Z",
  "issued" : "2000-08-10T15:56:00Z",
  "performer" : [{
    "reference" : "Organization/ex-MHV-organization-989"
  }],
  "specimen" : [{
    "reference" : "#ex-MHV-specimen-4"
  }],
  "conclusion" : "Date Spec taken: Aug 09, 2000        Pathologist:SEETHA SURYAPRASAD MD\nDate Spec rec'd: Aug 09, 2000 16:14  Resident: \nDate  completed: Aug 10, 2000        Accession #: SP 00 1982\nSubmitted by: MARK MAZUR MD          Practitioner:MARK MAZUR DPM\n-------------------------------------------------------------------------------\nSpecimen: \nOLD HARDWARE LEFT FOOT X2\nBrief Clinical History:\nThis 71 y/o wm presents with painful hardware L 1st metatarsal head. The\npins were inserted 3 years ago for a bunion procedure. The Bunionprocedure\nis well healed and pt is now wanting the pin removed. Will probably need\nk-wire driver and power for this case.\nPreoperative Diagnosis:\nPAINFUL HARDWARE LEFT FIRST METATARSAL \nPostoperative Diagnosis:\nPAINFUL HARDWARE LEFT FIRST METATARSAL \nGross description:\nRECEIVED UNFIXED AND LABELED \"OLD HARDWARE LEFT FOOT X 2\" CONSISTS OF TWO\n1.7 CM AND 2.5 CM LONG 1 MM WIDE METALLIC PINS.\n|TAB||NOWRAP|\nDIAGNOSIS: HARDWARE (CLINICALLY FROM LEFT FOOT)"
}