{
  "resourceType" : "DiagnosticReport",
  "id" : "ex-MHV-chReport-1103030002",
  "meta" : {
    "lastUpdated" : "2020-10-29T13:32:46-05:00",
    "profile" : ["https://department-of-veterans-affairs.github.io/mhv-fhir-phr-mapping/StructureDefinition/VA.MHV.PHR.chReport"]
  },
  "text" : {
    "status" : "generated",
    "div" : "<div xmlns=\"http://www.w3.org/1999/xhtml\"><h2><span title=\"Codes: \">CH</span> (<span title=\"Codes: {http://terminology.hl7.org/CodeSystem/v2-0074 LAB}\">Laboratory</span>, <span title=\"Codes: {http://loinc.org 4548-4}\">HEMOGLOBIN A1C/HEMOGLOBIN.TOTAL:MFR:PT:BLD:QN:</span>) </h2><table class=\"grid\"><tr><td>Subject</td><td><b>L MHVSYSTEST </b> unknown, DoB: 1000-01-01 ( id:\u00a0942104\u00a0(use:\u00a0USUAL))</td></tr><tr><td>When For</td><td>2020-10-29 13:32:46-0500</td></tr><tr><td>Reported</td><td>2020-10-29 13:32:46-0500</td></tr><tr><td>Identifier:</td><td> id:\u00a01103030002\u00a0(use:\u00a0USUAL)</td></tr></table><p><b>Report Details</b></p><table class=\"grid\"><tr><td><b>Code</b></td><td><b>Value</b></td><td><b>Reference Range</b></td><td><b>Flags</b></td></tr><tr><td colspan=\"4\"><i>This Observation could not be resolved</i></td></tr><tr><td colspan=\"4\"><i>This Observation could not be resolved</i></td></tr></table><p>Lisa's Test 10/29/20</p></div>"
  },
  "contained" : [{
    "resourceType" : "Observation",
    "id" : "ex-MHV-chPanel-1103030002a",
    "meta" : {
      "profile" : ["https://department-of-veterans-affairs.github.io/mhv-fhir-phr-mapping/StructureDefinition/VA.MHV.PHR.chPanel"]
    },
    "status" : "final",
    "category" : [{
      "coding" : [{
        "system" : "http://terminology.hl7.org/CodeSystem/observation-category",
        "code" : "laboratory"
      }]
    }],
    "code" : {
      "coding" : [{
        "system" : "http://va.gov/systems/99VA64",
        "code" : "85052.0000"
      },
      {
        "system" : "http://va.gov/systems/99VA60",
        "code" : "1893",
        "display" : "A1C HEMOGLOBIN {Pnl}"
      }],
      "text" : "Glycohemoglobin A(1) C"
    },
    "subject" : {
      "reference" : "Patient/ex-MHV-patient-942104"
    },
    "hasMember" : [{
      "reference" : "#ex-MHV-chTest-1103030002a"
    }]
  },
  {
    "resourceType" : "Observation",
    "id" : "ex-MHV-chTest-1103030002a",
    "meta" : {
      "profile" : ["https://department-of-veterans-affairs.github.io/mhv-fhir-phr-mapping/StructureDefinition/VA.MHV.PHR.chTest"]
    },
    "status" : "final",
    "category" : [{
      "coding" : [{
        "system" : "http://terminology.hl7.org/CodeSystem/observation-category",
        "code" : "laboratory"
      }]
    }],
    "code" : {
      "coding" : [{
        "system" : "http://loinc.org",
        "version" : "2.68",
        "code" : "4548-4"
      },
      {
        "system" : "http://va.gov/systems/99VA95.3",
        "version" : "2.68",
        "code" : "4682837"
      }],
      "text" : "HEMOGLOBIN A1C"
    },
    "subject" : {
      "reference" : "Patient/ex-MHV-patient-942104"
    },
    "performer" : [{
      "reference" : "Organization/ex-MHV-organization-660"
    }],
    "valueQuantity" : {
      "value" : 3.9,
      "unit" : "%",
      "system" : "http://unitsofmeasure.org"
    },
    "interpretation" : [{
      "coding" : [{
        "system" : "http://terminology.hl7.org/CodeSystem/v3-ObservationInterpretation",
        "code" : "L"
      }],
      "text" : "L"
    }],
    "referenceRange" : [{
      "text" : "4.4-6.0"
    }]
  },
  {
    "resourceType" : "Specimen",
    "id" : "ex-MHV-chSpecimen-1103030002",
    "meta" : {
      "profile" : ["https://department-of-veterans-affairs.github.io/mhv-fhir-phr-mapping/StructureDefinition/VA.MHV.PHR.chSpecimen"]
    },
    "status" : "available",
    "type" : {
      "coding" : [{
        "system" : "http://va.gov/systems/HL70070",
        "code" : "BLD",
        "display" : "Whole blood"
      },
      {
        "system" : "http://va.gov/systems/99VA61",
        "version" : "5.2",
        "code" : "70",
        "display" : "BLOOD"
      }],
      "text" : "BLOOD"
    },
    "collection" : {
      "collectedDateTime" : "2020-10-29T13:30:03-05:00"
    }
  }],
  "identifier" : [{
    "use" : "usual",
    "system" : "urn:oid:2.16.840.1.113883.4.349.4.989",
    "value" : "1103030002"
  }],
  "status" : "final",
  "category" : [{
    "coding" : [{
      "system" : "http://terminology.hl7.org/CodeSystem/v2-0074",
      "code" : "LAB"
    }]
  },
  {
    "coding" : [{
      "system" : "http://loinc.org",
      "version" : "2.68",
      "code" : "4548-4"
    }],
    "text" : "HEMOGLOBIN A1C/HEMOGLOBIN.TOTAL:MFR:PT:BLD:QN:"
  }],
  "code" : {
    "text" : "CH"
  },
  "subject" : {
    "reference" : "Patient/ex-MHV-patient-942104"
  },
  "effectiveDateTime" : "2020-10-29T13:32:46-05:00",
  "issued" : "2020-10-29T13:32:46-05:00",
  "performer" : [{
    "reference" : "Organization/ex-MHV-organization-979"
  },
  {
    "reference" : "Organization/ex-MHV-organization-660"
  },
  {
    "reference" : "Practitioner/ex-MHV-practitioner-59845-VA660"
  }],
  "specimen" : [{
    "reference" : "#ex-MHV-chSpecimen-1103030002"
  }],
  "result" : [{
    "reference" : "#ex-MHV-chPanel-1103030002a"
  },
  {
    "reference" : "#ex-MHV-chTest-1103030002a"
  }],
  "conclusion" : "Lisa's Test 10/29/20"
}