{
  "resourceType" : "DiagnosticReport",
  "id" : "ex-MHV-chReport-1190530002",
  "meta" : {
    "profile" : ["https://department-of-veterans-affairs.github.io/mhv-fhir-phr-mapping/StructureDefinition/VA.MHV.PHR.chReport"]
  },
  "text" : {
    "status" : "generated",
    "div" : "<div xmlns=\"http://www.w3.org/1999/xhtml\"><h2><span title=\"Codes: \">CH</span> (<span title=\"Codes: {http://terminology.hl7.org/CodeSystem/v2-0074 LAB}\">Laboratory</span>, <span title=\"Codes: {http://loinc.org 2345-7}\">GLUCOSE:MCNC:PT:SER/PLAS:QN:</span>) </h2><table class=\"grid\"><tr><td>Subject</td><td><b>L MHVSYSTEST </b> unknown, DoB: 1000-01-01 ( id:\u00a0942104\u00a0(use:\u00a0USUAL))</td></tr><tr><td>When For</td><td>2019-02-22 21:12:57-0500</td></tr><tr><td>Reported</td><td>2019-02-22 21:12:57-0500</td></tr><tr><td>Identifier:</td><td> id:\u00a01190530002\u00a0(use:\u00a0USUAL)</td></tr></table><p><b>Report Details</b></p><table class=\"grid\"><tr><td><b>Code</b></td><td><b>Value</b></td><td><b>Reference Range</b></td></tr><tr><td colspan=\"3\"><i>This Observation could not be resolved</i></td></tr><tr><td colspan=\"3\"><i>This Observation could not be resolved</i></td></tr></table><p>Lisa's test 2/22/19</p></div>"
  },
  "contained" : [{
    "resourceType" : "Organization",
    "id" : "ex-MHV-organization-979",
    "meta" : {
      "profile" : ["https://department-of-veterans-affairs.github.io/mhv-fhir-phr-mapping/StructureDefinition/VA.MHV.PHR.organization"]
    },
    "identifier" : [{
      "use" : "usual",
      "type" : {
        "text" : "FI"
      },
      "system" : "urn:oid:2.16.840.1.113883.4.349",
      "value" : "979"
    }],
    "active" : true,
    "name" : "Organization 979"
  },
  {
    "resourceType" : "Practitioner",
    "id" : "ex-MHV-practitioner-59845-VA660",
    "identifier" : [{
      "system" : "http://va.gov/systems/99VA4",
      "value" : "59845-VA660"
    }],
    "name" : [{
      "family" : "HALL",
      "given" : ["LISA",
      "V"]
    }]
  },
  {
    "resourceType" : "Organization",
    "id" : "ex-MHV-organization-660",
    "meta" : {
      "profile" : ["https://department-of-veterans-affairs.github.io/mhv-fhir-phr-mapping/StructureDefinition/VA.MHV.PHR.organization"]
    },
    "identifier" : [{
      "use" : "usual",
      "type" : {
        "text" : "FI"
      },
      "system" : "urn:oid:2.16.840.1.113883.4.349",
      "value" : "660"
    }],
    "active" : true,
    "name" : "VA SALT LAKE CITY HEALTH CARE SYSTEM (660)",
    "address" : [{
      "line" : ["500 FOOTHILL BLVD."],
      "city" : "SALT LAKE CITY",
      "state" : "UT",
      "postalCode" : "84148",
      "country" : "USA"
    }]
  },
  {
    "resourceType" : "Observation",
    "id" : "ex-MHV-chPanel-1190530002a",
    "meta" : {
      "profile" : ["https://department-of-veterans-affairs.github.io/mhv-fhir-phr-mapping/StructureDefinition/VA.MHV.PHR.chPanel"]
    },
    "status" : "final",
    "category" : [{
      "coding" : [{
        "system" : "http://terminology.hl7.org/CodeSystem/observation-category",
        "code" : "laboratory"
      }]
    }],
    "code" : {
      "coding" : [{
        "system" : "http://va.gov/systems/99VA64",
        "code" : "84330.0000"
      },
      {
        "system" : "http://va.gov/systems/99VA60",
        "code" : "175",
        "display" : "GLUCOSE"
      }],
      "text" : "PotasGlucose Quantsium"
    },
    "subject" : {
      "reference" : "Patient/ex-MHV-patient-942104"
    },
    "hasMember" : [{
      "reference" : "#ex-MHV-chTest-1190530002a"
    }]
  },
  {
    "resourceType" : "Observation",
    "id" : "ex-MHV-chTest-1190530002a",
    "meta" : {
      "profile" : ["https://department-of-veterans-affairs.github.io/mhv-fhir-phr-mapping/StructureDefinition/VA.MHV.PHR.chTest"]
    },
    "status" : "final",
    "category" : [{
      "coding" : [{
        "system" : "http://terminology.hl7.org/CodeSystem/observation-category",
        "code" : "laboratory"
      }]
    }],
    "code" : {
      "coding" : [{
        "system" : "http://loinc.org",
        "version" : "2.64",
        "code" : "2345-7"
      },
      {
        "system" : "http://va.gov/systems/99VA95.3",
        "version" : "2.64",
        "code" : "4665460"
      }],
      "text" : "GLUCOSE"
    },
    "subject" : {
      "reference" : "Patient/ex-MHV-patient-942104"
    },
    "performer" : [{
      "reference" : "#ex-MHV-organization-660"
    }],
    "valueQuantity" : {
      "value" : 90,
      "unit" : "mg/dl",
      "system" : "http://unitsofmeasure.org"
    },
    "referenceRange" : [{
      "text" : "71-119"
    }]
  },
  {
    "resourceType" : "Specimen",
    "id" : "ex-MHV-chSpecimen-1190530002",
    "meta" : {
      "profile" : ["https://department-of-veterans-affairs.github.io/mhv-fhir-phr-mapping/StructureDefinition/VA.MHV.PHR.chSpecimen"]
    },
    "status" : "available",
    "type" : {
      "coding" : [{
        "system" : "http://va.gov/systems/HL70070",
        "code" : "PLAS",
        "display" : "Plasma"
      },
      {
        "system" : "http://va.gov/systems/99VA61",
        "version" : "5.2",
        "code" : "73",
        "display" : "PLASMA"
      }],
      "text" : "PLASMA"
    },
    "collection" : {
      "collectedDateTime" : "2019-02-22T11:11:47-05:00"
    }
  }],
  "identifier" : [{
    "use" : "usual",
    "system" : "urn:oid:2.16.840.1.113883.4.349.4.989",
    "value" : "1190530002"
  }],
  "status" : "final",
  "category" : [{
    "coding" : [{
      "system" : "http://terminology.hl7.org/CodeSystem/v2-0074",
      "code" : "LAB"
    }]
  },
  {
    "coding" : [{
      "system" : "http://loinc.org",
      "version" : "2.64",
      "code" : "2345-7"
    }],
    "text" : "GLUCOSE:MCNC:PT:SER/PLAS:QN:"
  }],
  "code" : {
    "text" : "CH"
  },
  "subject" : {
    "reference" : "Patient/ex-MHV-patient-942104"
  },
  "effectiveDateTime" : "2019-02-22T21:12:57-05:00",
  "issued" : "2019-02-22T21:12:57-05:00",
  "performer" : [{
    "reference" : "#ex-MHV-organization-979"
  },
  {
    "reference" : "#ex-MHV-organization-660"
  },
  {
    "reference" : "#ex-MHV-practitioner-59845-VA660"
  }],
  "specimen" : [{
    "reference" : "#ex-MHV-chSpecimen-1190530002"
  }],
  "result" : [{
    "reference" : "#ex-MHV-chPanel-1190530002a"
  },
  {
    "reference" : "#ex-MHV-chTest-1190530002a"
  }],
  "conclusion" : "Lisa's test 2/22/19"
}