{
  "resourceType" : "DiagnosticReport",
  "id" : "ex-MHV-chReport-1190530001",
  "meta" : {
    "profile" : ["https://department-of-veterans-affairs.github.io/mhv-fhir-phr-mapping/StructureDefinition/VA.MHV.PHR.chReport"]
  },
  "text" : {
    "status" : "generated",
    "div" : "<div xmlns=\"http://www.w3.org/1999/xhtml\"><p class=\"res-header-id\"><b>Generated Narrative: DiagnosticReport ex-MHV-chReport-1190530001</b></p><a name=\"ex-MHV-chReport-1190530001\"> </a><a name=\"hcex-MHV-chReport-1190530001\"> </a><a name=\"ex-MHV-chReport-1190530001-en-US\"> </a><h2><span title=\"Codes:\">CH</span> (<span title=\"Codes:{http://terminology.hl7.org/CodeSystem/v2-0074 LAB}\">Laboratory</span>, <span title=\"Codes:{http://terminology.hl7.org/CodeSystem/v2-0074 CH}\">Chemistry</span>, <span title=\"Codes:{http://loinc.org 4548-4}\">HEMOGLOBIN A1C/HEMOGLOBIN.TOTAL:MFR:PT:BLD:QN:</span>) </h2><table class=\"grid\"><tr><td>Subject</td><td>No display for Patient </td></tr><tr><td>When For</td><td>2019-02-22 11:11:33-0500</td></tr><tr><td>Reported</td><td>2019-02-22 11:11:33-0500</td></tr><tr><td>Performer</td><td> <a href=\"#hcex-MHV-chReport-1190530001/ex-MHV-organization-979\">Organization Organization 979</a></td></tr><tr><td>Identifier</td><td> <code>urn:fdc:TEST.SALT-LAKE.MED.VA.GOV:LR</code>/1190530001\u00a0(use:\u00a0usual,\u00a0)</td></tr></table><p><b>Report Details</b></p><table class=\"grid\"><tr><td><b>Code</b></td><td><b>Value</b></td><td><b>Reference Range</b></td><td><b>Flags</b></td></tr><tr><td><a href=\"#hcex-MHV-chReport-1190530001/ex-MHV-chTest-1190530001a\"><span title=\"Codes:{http://loinc.org 2160-0}, {http://va.gov/terminology/vistaDefinedTerms/95.3 4663483}\">CREATININE</span></a></td><td>29 mg/dL</td><td>0.6-1.3</td><td>Final, <span title=\"Codes:{http://terminology.hl7.org/CodeSystem/v3-ObservationInterpretation H}\">H</span></td></tr></table><hr/><p class=\"res-header-id\"><b>Generated Narrative: Organization  #ex-MHV-organization-979</b></p><a name=\"ex-MHV-chReport-1190530001/ex-MHV-organization-979\"> </a><a name=\"hcex-MHV-chReport-1190530001/ex-MHV-organization-979\"> </a><a name=\"ex-MHV-chReport-1190530001/ex-MHV-organization-979-en-US\"> </a><p><b>identifier</b>: FI/979\u00a0(use:\u00a0usual,\u00a0)</p><p><b>active</b>: true</p><p><b>name</b>: Organization 979</p><hr/><p class=\"res-header-id\"><b>Generated Narrative: Practitioner  #ex-MHV-practitioner-59845-VA660</b></p><a name=\"ex-MHV-chReport-1190530001/ex-MHV-practitioner-59845-VA660\"> </a><a name=\"hcex-MHV-chReport-1190530001/ex-MHV-practitioner-59845-VA660\"> </a><a name=\"ex-MHV-chReport-1190530001/ex-MHV-practitioner-59845-VA660-en-US\"> </a><p><b>identifier</b>: <code>http://va.gov/terminology/vistaDefinedTerms/4</code>/59845-VA660</p><p><b>name</b>: LISA V HALL </p><hr/><p class=\"res-header-id\"><b>Generated Narrative: Organization  #ex-MHV-organization-660</b></p><a name=\"ex-MHV-chReport-1190530001/ex-MHV-organization-660\"> </a><a name=\"hcex-MHV-chReport-1190530001/ex-MHV-organization-660\"> </a><a name=\"ex-MHV-chReport-1190530001/ex-MHV-organization-660-en-US\"> </a><p><b>identifier</b>: FI/660\u00a0(use:\u00a0usual,\u00a0)</p><p><b>active</b>: true</p><p><b>name</b>: VA SALT LAKE CITY HEALTH CARE SYSTEM (660)</p><p><b>address</b>: 500 FOOTHILL BLVD. SALT LAKE CITY UT 84148 USA </p><hr/><p class=\"res-header-id\"><b>Generated Narrative: ServiceRequest  #ex-MHV-chOrder-1190530001a</b></p><a name=\"ex-MHV-chReport-1190530001/ex-MHV-chOrder-1190530001a\"> </a><a name=\"hcex-MHV-chReport-1190530001/ex-MHV-chOrder-1190530001a\"> </a><a name=\"ex-MHV-chReport-1190530001/ex-MHV-chOrder-1190530001a-en-US\"> </a><p><b>status</b>: Unknown</p><p><b>intent</b>: Order</p><p><b>category</b>: <span title=\"Codes:{http://snomed.info/sct 108252007}\">Laboratory procedure</span></p><p><b>code</b>: <span title=\"Codes:{http://va.gov/terminology/vistaDefinedTerms/64 82565.0000}, {http://va.gov/terminology/vistaDefinedTerms/60 173}\">Creatinine</span></p><p><b>subject</b>: <a href=\"Patient-ex-MHV-patient-942104.html\">L MHVSYSTEST  Unknown, DoB: 1000-01-01 ( urn:oid:2.16.840.1.113883.4.349#942104\u00a0(use:\u00a0usual,\u00a0))</a></p><p><b>requester</b>: <a href=\"#ex-MHV-practitioner-59845-VA660\">#ex-MHV-practitioner-59845-VA660</a></p><p><b>performer</b>: <a href=\"#ex-MHV-organization-660\">#ex-MHV-organization-660</a></p><hr/><p class=\"res-header-id\"><b>Generated Narrative: Observation  #ex-MHV-chTest-1190530001a</b></p><a name=\"ex-MHV-chReport-1190530001/ex-MHV-chTest-1190530001a\"> </a><a name=\"hcex-MHV-chReport-1190530001/ex-MHV-chTest-1190530001a\"> </a><a name=\"ex-MHV-chReport-1190530001/ex-MHV-chTest-1190530001a-en-US\"> </a><p><b>basedOn</b>: <a href=\"#ex-MHV-chOrder-1190530001a\">#ex-MHV-chOrder-1190530001a</a></p><p><b>status</b>: Final</p><p><b>category</b>: <span title=\"Codes:{http://terminology.hl7.org/CodeSystem/observation-category laboratory}\">Laboratory</span></p><p><b>code</b>: <span title=\"Codes:{http://loinc.org 2160-0}, {http://va.gov/terminology/vistaDefinedTerms/95.3 4663483}\">CREATININE</span></p><p><b>subject</b>: <a href=\"Patient-ex-MHV-patient-942104.html\">L MHVSYSTEST  Unknown, DoB: 1000-01-01 ( urn:oid:2.16.840.1.113883.4.349#942104\u00a0(use:\u00a0usual,\u00a0))</a></p><p><b>effective</b>: 2019-02-22 11:11:33-0500</p><p><b>performer</b>: <a href=\"#ex-MHV-organization-660\">#ex-MHV-organization-660</a></p><p><b>value</b>: 29 mg/dL</p><p><b>interpretation</b>: <span title=\"Codes:{http://terminology.hl7.org/CodeSystem/v3-ObservationInterpretation H}\">H</span></p><p><b>specimen</b>: <a href=\"#ex-MHV-chSpecimen-1190530001\">#ex-MHV-chSpecimen-1190530001</a></p><h3>ReferenceRanges</h3><table class=\"grid\"><tr><td style=\"display: none\">-</td><td><b>Text</b></td></tr><tr><td style=\"display: none\">*</td><td>0.6-1.3</td></tr></table><hr/><p class=\"res-header-id\"><b>Generated Narrative: Specimen  #ex-MHV-chSpecimen-1190530001</b></p><a name=\"ex-MHV-chReport-1190530001/ex-MHV-chSpecimen-1190530001\"> </a><a name=\"hcex-MHV-chReport-1190530001/ex-MHV-chSpecimen-1190530001\"> </a><a name=\"ex-MHV-chReport-1190530001/ex-MHV-chSpecimen-1190530001-en-US\"> </a><p><b>status</b>: Available</p><p><b>type</b>: <span title=\"Codes:{http://terminology.hl7.org/CodeSystem/v2-0487 PLAS}, {http://va.gov/terminology/vistaDefinedTerms/61 73}\">PLASMA</span></p><p><b>request</b>: <a href=\"#ex-MHV-chOrder-1190530001a\">#ex-MHV-chOrder-1190530001a</a></p><h3>Collections</h3><table class=\"grid\"><tr><td style=\"display: none\">-</td><td><b>Collected[x]</b></td></tr><tr><td style=\"display: none\">*</td><td>2019-02-22 11:10:05-0500</td></tr></table></div>"
  },
  "contained" : [{
    "resourceType" : "Organization",
    "id" : "ex-MHV-organization-979",
    "meta" : {
      "profile" : ["https://department-of-veterans-affairs.github.io/mhv-fhir-phr-mapping/StructureDefinition/VA.MHV.PHR.organization"]
    },
    "identifier" : [{
      "use" : "usual",
      "type" : {
        "text" : "FI"
      },
      "system" : "urn:oid:2.16.840.1.113883.4.349",
      "value" : "979"
    }],
    "active" : true,
    "name" : "Organization 979"
  },
  {
    "resourceType" : "Practitioner",
    "id" : "ex-MHV-practitioner-59845-VA660",
    "identifier" : [{
      "system" : "http://va.gov/terminology/vistaDefinedTerms/4",
      "value" : "59845-VA660"
    }],
    "name" : [{
      "family" : "HALL",
      "given" : ["LISA",
      "V"]
    }]
  },
  {
    "resourceType" : "Organization",
    "id" : "ex-MHV-organization-660",
    "meta" : {
      "profile" : ["https://department-of-veterans-affairs.github.io/mhv-fhir-phr-mapping/StructureDefinition/VA.MHV.PHR.organization"]
    },
    "identifier" : [{
      "use" : "usual",
      "type" : {
        "text" : "FI"
      },
      "system" : "urn:oid:2.16.840.1.113883.4.349",
      "value" : "660"
    }],
    "active" : true,
    "name" : "VA SALT LAKE CITY HEALTH CARE SYSTEM (660)",
    "address" : [{
      "line" : ["500 FOOTHILL BLVD."],
      "city" : "SALT LAKE CITY",
      "state" : "UT",
      "postalCode" : "84148",
      "country" : "USA"
    }]
  },
  {
    "resourceType" : "ServiceRequest",
    "id" : "ex-MHV-chOrder-1190530001a",
    "meta" : {
      "profile" : ["https://department-of-veterans-affairs.github.io/mhv-fhir-phr-mapping/StructureDefinition/VA.MHV.PHR.chOrder"]
    },
    "status" : "unknown",
    "intent" : "order",
    "category" : [{
      "coding" : [{
        "system" : "http://snomed.info/sct",
        "code" : "108252007",
        "display" : "Laboratory procedure"
      }]
    }],
    "code" : {
      "coding" : [{
        "system" : "http://va.gov/terminology/vistaDefinedTerms/64",
        "code" : "82565.0000"
      },
      {
        "system" : "http://va.gov/terminology/vistaDefinedTerms/60",
        "code" : "173",
        "display" : "CREATININE"
      }],
      "text" : "Creatinine"
    },
    "subject" : {
      "reference" : "Patient/ex-MHV-patient-942104"
    },
    "requester" : {
      "reference" : "#ex-MHV-practitioner-59845-VA660"
    },
    "performer" : [{
      "reference" : "#ex-MHV-organization-660"
    }]
  },
  {
    "resourceType" : "Observation",
    "id" : "ex-MHV-chTest-1190530001a",
    "meta" : {
      "profile" : ["https://department-of-veterans-affairs.github.io/mhv-fhir-phr-mapping/StructureDefinition/VA.MHV.PHR.chTest"]
    },
    "basedOn" : [{
      "reference" : "#ex-MHV-chOrder-1190530001a"
    }],
    "status" : "final",
    "category" : [{
      "coding" : [{
        "system" : "http://terminology.hl7.org/CodeSystem/observation-category",
        "code" : "laboratory"
      }]
    }],
    "code" : {
      "coding" : [{
        "system" : "http://loinc.org",
        "version" : "2.64",
        "code" : "2160-0"
      },
      {
        "system" : "http://va.gov/terminology/vistaDefinedTerms/95.3",
        "code" : "4663483"
      }],
      "text" : "CREATININE"
    },
    "subject" : {
      "reference" : "Patient/ex-MHV-patient-942104"
    },
    "effectiveDateTime" : "2019-02-22T11:11:33-05:00",
    "performer" : [{
      "reference" : "#ex-MHV-organization-660"
    }],
    "valueQuantity" : {
      "value" : 29,
      "unit" : "mg/dL",
      "system" : "http://unitsofmeasure.org"
    },
    "interpretation" : [{
      "coding" : [{
        "system" : "http://terminology.hl7.org/CodeSystem/v3-ObservationInterpretation",
        "code" : "H"
      }],
      "text" : "H"
    }],
    "specimen" : {
      "reference" : "#ex-MHV-chSpecimen-1190530001"
    },
    "referenceRange" : [{
      "text" : "0.6-1.3"
    }]
  },
  {
    "resourceType" : "Specimen",
    "id" : "ex-MHV-chSpecimen-1190530001",
    "meta" : {
      "profile" : ["https://department-of-veterans-affairs.github.io/mhv-fhir-phr-mapping/StructureDefinition/VA.MHV.PHR.chSpecimen"]
    },
    "status" : "available",
    "type" : {
      "coding" : [{
        "system" : "http://terminology.hl7.org/CodeSystem/v2-0487",
        "code" : "PLAS",
        "display" : "Plasma"
      },
      {
        "system" : "http://va.gov/terminology/vistaDefinedTerms/61",
        "code" : "73",
        "display" : "PLASMA"
      }],
      "text" : "PLASMA"
    },
    "request" : [{
      "reference" : "#ex-MHV-chOrder-1190530001a"
    }],
    "collection" : {
      "collectedDateTime" : "2019-02-22T11:10:05-05:00"
    }
  }],
  "extension" : [{
    "url" : "https://department-of-veterans-affairs.github.io/mhv-fhir-phr-mapping/StructureDefinition/Notes",
    "valueString" : "Lisa's Test 2/22/19"
  }],
  "identifier" : [{
    "use" : "usual",
    "system" : "urn:fdc:TEST.SALT-LAKE.MED.VA.GOV:LR",
    "value" : "1190530001"
  }],
  "basedOn" : [{
    "reference" : "#ex-MHV-chOrder-1190530001a"
  }],
  "status" : "final",
  "category" : [{
    "coding" : [{
      "system" : "http://terminology.hl7.org/CodeSystem/v2-0074",
      "code" : "LAB"
    }]
  },
  {
    "coding" : [{
      "system" : "http://terminology.hl7.org/CodeSystem/v2-0074",
      "code" : "CH"
    }]
  },
  {
    "coding" : [{
      "system" : "http://loinc.org",
      "version" : "2.68",
      "code" : "4548-4"
    }],
    "text" : "HEMOGLOBIN A1C/HEMOGLOBIN.TOTAL:MFR:PT:BLD:QN:"
  }],
  "code" : {
    "text" : "CH"
  },
  "subject" : {
    "reference" : "Patient/ex-MHV-patient-942104"
  },
  "effectiveDateTime" : "2019-02-22T11:11:33-05:00",
  "issued" : "2019-02-22T11:11:33-05:00",
  "performer" : [{
    "reference" : "#ex-MHV-organization-979"
  }],
  "specimen" : [{
    "reference" : "#ex-MHV-chSpecimen-1190530001"
  }],
  "result" : [{
    "reference" : "#ex-MHV-chTest-1190530001a"
  }]
}