{
  "resourceType" : "DiagnosticReport",
  "id" : "ex-MHV-chReport-1103030001",
  "meta" : {
    "lastUpdated" : "2020-10-29T13:29:52-05:00",
    "profile" : ["https://johnmoehrke.github.io/MHV-PHR/StructureDefinition/VA.MHV.PHR.chReport"]
  },
  "text" : {
    "status" : "generated",
    "div" : "<div xmlns=\"http://www.w3.org/1999/xhtml\"><h2><span title=\"Codes: \">CH</span> (<span title=\"Codes: {http://terminology.hl7.org/CodeSystem/v2-0074 LAB}\">Laboratory</span>, <span title=\"Codes: {http://loinc.org 2345-7}\">GLUCOSE:MCNC:PT:SER/PLAS:QN:</span>) </h2><table class=\"grid\"><tr><td>Subject</td><td><b>L TESTFIVE MHVSYSTEST </b> unknown, DoB Unknown ( id:\u00a0942104\u00a0(use:\u00a0OFFICIAL))</td></tr><tr><td>When For</td><td>2020-10-29 13:29:52-0500</td></tr><tr><td>Reported</td><td>2020-10-29 13:29:52-0500</td></tr><tr><td>Identifier:</td><td> id:\u00a01103030001\u00a0(use:\u00a0USUAL)</td></tr></table><p><b>Report Details</b></p><table class=\"grid\"><tr><td><b>Code</b></td><td><b>Value</b></td><td><b>Reference Range</b></td></tr><tr><td colspan=\"3\"><i>This Observation could not be resolved</i></td></tr><tr><td colspan=\"3\"><i>This Observation could not be resolved</i></td></tr></table><p>Lisa's test 10/29/20</p></div>"
  },
  "contained" : [{
    "resourceType" : "Observation",
    "id" : "ex-MHV-chPanel-1103030001a",
    "meta" : {
      "profile" : ["https://johnmoehrke.github.io/MHV-PHR/StructureDefinition/VA.MHV.PHR.chPanel"]
    },
    "status" : "final",
    "category" : [{
      "coding" : [{
        "system" : "http://terminology.hl7.org/CodeSystem/observation-category",
        "code" : "laboratory"
      }]
    }],
    "code" : {
      "coding" : [{
        "system" : "http://va.gov/systems/99VA64",
        "code" : "84330.0000"
      },
      {
        "system" : "http://va.gov/systems/99VA60",
        "code" : "175",
        "display" : "GLUCOSE"
      }],
      "text" : "Glucose Quant"
    },
    "subject" : {
      "reference" : "Patient/ex-MHV-patient-942104"
    },
    "hasMember" : [{
      "reference" : "#ex-MHV-chTest-1103030001a"
    }]
  },
  {
    "resourceType" : "Observation",
    "id" : "ex-MHV-chTest-1103030001a",
    "meta" : {
      "profile" : ["https://johnmoehrke.github.io/MHV-PHR/StructureDefinition/VA.MHV.PHR.chTest"]
    },
    "status" : "final",
    "category" : [{
      "coding" : [{
        "system" : "http://terminology.hl7.org/CodeSystem/observation-category",
        "code" : "laboratory"
      }]
    }],
    "code" : {
      "coding" : [{
        "system" : "http://loinc.org",
        "version" : "2.68",
        "code" : "2345-7"
      },
      {
        "system" : "http://va.gov/systems/99VA95.3",
        "version" : "2.68",
        "code" : "4665460"
      }],
      "text" : "GLUCOSE"
    },
    "subject" : {
      "reference" : "Patient/ex-MHV-patient-942104"
    },
    "performer" : [{
      "reference" : "Organization/ex-MHV-organization-660"
    }],
    "valueQuantity" : {
      "value" : 97,
      "unit" : "mg/dl",
      "system" : "http://unitsofmeasure.org"
    },
    "referenceRange" : [{
      "text" : "71-119"
    }]
  },
  {
    "resourceType" : "Specimen",
    "id" : "ex-MHV-chSpecimen-1103030001",
    "meta" : {
      "profile" : ["https://johnmoehrke.github.io/MHV-PHR/StructureDefinition/VA.MHV.PHR.chSpecimen"]
    },
    "status" : "available",
    "type" : {
      "coding" : [{
        "system" : "http://va.gov/systems/HL70070",
        "code" : "PLAS",
        "display" : "Plasma"
      },
      {
        "system" : "http://va.gov/systems/99VA61",
        "version" : "5.2",
        "code" : "73",
        "display" : "PLASMA"
      }],
      "text" : "PLASMA"
    },
    "collection" : {
      "collectedDateTime" : "2020-10-29T13:28:45-05:00"
    }
  }],
  "identifier" : [{
    "use" : "usual",
    "system" : "urn:oid:2.16.840.1.113883.4.349.4.989",
    "value" : "1103030001"
  }],
  "status" : "final",
  "category" : [{
    "coding" : [{
      "system" : "http://terminology.hl7.org/CodeSystem/v2-0074",
      "code" : "LAB"
    }]
  },
  {
    "coding" : [{
      "system" : "http://loinc.org",
      "version" : "2.68",
      "code" : "2345-7"
    }],
    "text" : "GLUCOSE:MCNC:PT:SER/PLAS:QN:"
  }],
  "code" : {
    "text" : "CH"
  },
  "subject" : {
    "reference" : "Patient/ex-MHV-patient-942104"
  },
  "effectiveDateTime" : "2020-10-29T13:29:52-05:00",
  "issued" : "2020-10-29T13:29:52-05:00",
  "performer" : [{
    "reference" : "Organization/ex-MHV-organization-552"
  },
  {
    "reference" : "Practitioner/ex-MHV-practitioner-59845-VA660"
  },
  {
    "reference" : "Organization/ex-MHV-organization-660"
  }],
  "specimen" : [{
    "reference" : "#ex-MHV-chSpecimen-1103030001"
  }],
  "result" : [{
    "reference" : "#ex-MHV-chPanel-1103030001a"
  },
  {
    "reference" : "#ex-MHV-chTest-1103030001a"
  }],
  "conclusion" : "Lisa's test 10/29/20"
}