{
  "resourceType" : "Immunization",
  "id" : "ex-MHV-immunization-2",
  "meta" : {
    "profile" : ["https://department-of-veterans-affairs.github.io/mhv-fhir-phr-mapping/StructureDefinition/VA.MHV.PHR.immunization"]
  },
  "text" : {
    "status" : "generated",
    "div" : "<div xmlns=\"http://www.w3.org/1999/xhtml\"><p><b>Generated Narrative: Immunization</b><a name=\"ex-MHV-immunization-2\"> </a></p><div style=\"display: inline-block; background-color: #d9e0e7; padding: 6px; margin: 4px; border: 1px solid #8da1b4; border-radius: 5px; line-height: 60%\"><p style=\"margin-bottom: 0px\">Resource Immunization &quot;ex-MHV-immunization-2&quot; </p><p style=\"margin-bottom: 0px\">Profile: <a href=\"StructureDefinition-VA.MHV.PHR.immunization.html\">VA MHV PHR Immunization</a></p></div><p><b>identifier</b>: id:\u00a0ImmunizationTO.124685\u00a0(use:\u00a0USUAL)</p><p><b>status</b>: completed</p><p><b>vaccineCode</b>: INFLUENZA, INJECTABLE, QUADRIVALENT <span style=\"background: LightGoldenRodYellow; margin: 4px; border: 1px solid khaki\"> (<a href=\"http://terminology.hl7.org/5.0.0/CodeSystem-CPT.html\">Current Procedural Terminology (CPT®)</a>#90688 &quot;IIV4 VACCINE SPLT 0.5 ML IM&quot;)</span></p><p><b>patient</b>: <a href=\"Patient-ex-MHV-patient-1.html\">Patient/ex-MHV-patient-1</a> &quot; DAYTSHR&quot;</p><p><b>occurrence</b>: 2022-08-05 16:56:38+0000</p><p><b>recorded</b>: 2022-08-05 16:56:38+0000</p><p><b>primarySource</b>: </p><p><b style=\"color: maroon\">Exception generating Narrative: Cannot invoke &quot;java.lang.Boolean.toString()&quot; because the return value of &quot;org.hl7.fhir.r5.model.BooleanType.getValue()&quot; is null</b></p></div>"
  },
  "contained" : [{
    "resourceType" : "Observation",
    "id" : "in-reaction-2",
    "meta" : {
      "profile" : ["https://department-of-veterans-affairs.github.io/mhv-fhir-phr-mapping/StructureDefinition/VA.MHV.PHR.immunizationReaction"]
    },
    "status" : "final",
    "code" : {
      "text" : "FEVER"
    }
  },
  {
    "resourceType" : "Organization",
    "id" : "ex-MHV-organization-552",
    "meta" : {
      "profile" : ["https://department-of-veterans-affairs.github.io/mhv-fhir-phr-mapping/StructureDefinition/VA.MHV.PHR.organization"]
    },
    "identifier" : [{
      "use" : "usual",
      "type" : {
        "text" : "L"
      },
      "system" : "urn:oid:2.16.840.1.113883.4.349",
      "value" : "552"
    }],
    "active" : true,
    "name" : "DAYTON, OH VAMC",
    "address" : [{
      "line" : ["4100 W. THIRD STREET"],
      "city" : "DAYTON",
      "state" : "OH",
      "postalCode" : "45428",
      "country" : "USA"
    }]
  }],
  "identifier" : [{
    "use" : "usual",
    "system" : "urn:oid:2.16.840.1.113883.4.349.4.989",
    "value" : "ImmunizationTO.124685"
  }],
  "status" : "completed",
  "vaccineCode" : {
    "coding" : [{
      "system" : "http://www.ama-assn.org/go/cpt",
      "code" : "90688",
      "display" : "IIV4 VACCINE SPLT 0.5 ML IM"
    }],
    "text" : "INFLUENZA, INJECTABLE, QUADRIVALENT"
  },
  "patient" : {
    "reference" : "Patient/ex-MHV-patient-1"
  },
  "occurrenceDateTime" : "2022-08-05T16:56:38Z",
  "recorded" : "2022-08-05T16:56:38Z",
  "_primarySource" : {
    "extension" : [{
      "url" : "http://hl7.org/fhir/StructureDefinition/data-absent-reason",
      "valueCode" : "unknown"
    }]
  },
  "location" : {
    "display" : "ADTP BURNETT"
  },
  "performer" : [{
    "actor" : {
      "reference" : "#ex-MHV-organization-552"
    }
  }],
  "note" : [{
    "text" : "test comment"
  }],
  "reaction" : [{
    "detail" : {
      "reference" : "#in-reaction-2"
    }
  }],
  "protocolApplied" : [{
    "series" : "COMPLETE",
    "doseNumberString" : "COMPLETE"
  }]
}