{
  "resourceType" : "Immunization",
  "id" : "ex-MHV-immunization-deleted-1",
  "meta" : {
    "profile" : ["https://department-of-veterans-affairs.github.io/mhv-fhir-phr-mapping/StructureDefinition/VA.MHV.PHR.immunization"]
  },
  "text" : {
    "status" : "generated",
    "div" : "<div xmlns=\"http://www.w3.org/1999/xhtml\"><p><b>Generated Narrative: Immunization </b><a name=\"ex-MHV-immunization-deleted-1\"> </a><a name=\"hcex-MHV-immunization-deleted-1\"> </a></p><div style=\"display: inline-block; background-color: #d9e0e7; padding: 6px; margin: 4px; border: 1px solid #8da1b4; border-radius: 5px; line-height: 60%\"><p style=\"margin-bottom: 0px\">ResourceImmunization &quot;ex-MHV-immunization-deleted-1&quot; </p><p style=\"margin-bottom: 0px\">Profile: <a href=\"StructureDefinition-VA.MHV.PHR.immunization.html\">VA MHV PHR Immunization</a></p></div><p><b>identifier</b>: <code>urn:oid:2.16.840.1.113883.4.349.4.989</code>/ImmunizationTO.1\u00a0(use:\u00a0usual)</p><p><b>status</b>: entered-in-error</p><p><b>vaccineCode</b>: COVID-19 (MODERNA), MRNA, LNP-S, PF, 100 MCG/0.5ML DOSE OR 50 MCG/0.25ML DOSE <span style=\"background: LightGoldenRodYellow; margin: 4px; border: 1px solid khaki\"> ()</span></p><p><b>patient</b>: <a href=\"Patient-ex-MHV-patient-1.html\">Patient/ex-MHV-patient-1</a> &quot; DAYTSHR&quot;</p><p><b>occurrence</b>: 2022-08-08 11:15:28+0000</p><p><b>recorded</b>: 2022-08-08 11:15:28+0000</p><p><b>primarySource</b>: Absent because : <code>unknown</code></p><p><b>location</b>: <a name=\"hcin-location-1\"> </a></p><blockquote><p/><p><a name=\"in-location-1\"> </a></p><p><a name=\"hcin-location-1\"> </a></p><p><b>identifier</b>: ?ngen-9?\u00a0(use:\u00a0usual)</p><p><b>name</b>: 23 HOUR OBSERVATION</p></blockquote><h3>Performers</h3><table class=\"grid\"><tr><td style=\"display: none\">-</td><td><b>Actor</b></td></tr><tr><td style=\"display: none\">*</td><td><a name=\"hcex-MHV-organization-552\"> </a><blockquote><p/><p><a name=\"ex-MHV-organization-552\"> </a></p><p><a name=\"hcex-MHV-organization-552\"> </a></p><p><b>identifier</b>: L/552\u00a0(use:\u00a0usual)</p><p><b>active</b>: true</p><p><b>name</b>: DAYTON, OH VAMC</p><p><b>address</b>: 4100 W. THIRD STREET DAYTON OH 45428 USA </p></blockquote></td></tr></table><p><b>note</b>: test</p><h3>ProtocolApplieds</h3><table class=\"grid\"><tr><td style=\"display: none\">-</td><td><b>Series</b></td><td><b>DoseNumber[x]</b></td></tr><tr><td style=\"display: none\">*</td><td>COMPLETE</td><td>C</td></tr></table><hr/><blockquote><p><b>Generated Narrative: Location  #in-location-1</b><a name=\"in-location-1\"> </a><a name=\"hcin-location-1\"> </a></p><p><b>identifier</b>: ?ngen-9?\u00a0(use:\u00a0usual)</p><p><b>name</b>: 23 HOUR OBSERVATION</p></blockquote><hr/><blockquote><p><b>Generated Narrative: Organization  #ex-MHV-organization-552</b><a name=\"ex-MHV-organization-552\"> </a><a name=\"hcex-MHV-organization-552\"> </a></p><p><b>identifier</b>: L/552\u00a0(use:\u00a0usual)</p><p><b>active</b>: true</p><p><b>name</b>: DAYTON, OH VAMC</p><p><b>address</b>: 4100 W. THIRD STREET DAYTON OH 45428 USA </p></blockquote></div>"
  },
  "contained" : [{
    "resourceType" : "Location",
    "id" : "in-location-1",
    "meta" : {
      "profile" : ["https://department-of-veterans-affairs.github.io/mhv-fhir-phr-mapping/StructureDefinition/VA.MHV.PHR.location"]
    },
    "identifier" : [{
      "use" : "usual"
    }],
    "name" : "23 HOUR OBSERVATION"
  },
  {
    "resourceType" : "Organization",
    "id" : "ex-MHV-organization-552",
    "meta" : {
      "profile" : ["https://department-of-veterans-affairs.github.io/mhv-fhir-phr-mapping/StructureDefinition/VA.MHV.PHR.organization"]
    },
    "identifier" : [{
      "use" : "usual",
      "type" : {
        "text" : "L"
      },
      "system" : "urn:oid:2.16.840.1.113883.4.349",
      "value" : "552"
    }],
    "active" : true,
    "name" : "DAYTON, OH VAMC",
    "address" : [{
      "line" : ["4100 W. THIRD STREET"],
      "city" : "DAYTON",
      "state" : "OH",
      "postalCode" : "45428",
      "country" : "USA"
    }]
  }],
  "identifier" : [{
    "use" : "usual",
    "system" : "urn:oid:2.16.840.1.113883.4.349.4.989",
    "value" : "ImmunizationTO.1"
  }],
  "status" : "entered-in-error",
  "vaccineCode" : {
    "text" : "COVID-19 (MODERNA), MRNA, LNP-S, PF, 100 MCG/0.5ML DOSE OR 50 MCG/0.25ML DOSE"
  },
  "patient" : {
    "reference" : "Patient/ex-MHV-patient-1"
  },
  "occurrenceDateTime" : "2022-08-08T11:15:28Z",
  "recorded" : "2022-08-08T11:15:28Z",
  "_primarySource" : {
    "extension" : [{
      "url" : "http://hl7.org/fhir/StructureDefinition/data-absent-reason",
      "valueCode" : "unknown"
    }]
  },
  "location" : {
    "reference" : "#in-location-1"
  },
  "performer" : [{
    "actor" : {
      "reference" : "#ex-MHV-organization-552"
    }
  }],
  "note" : [{
    "text" : "test"
  }],
  "protocolApplied" : [{
    "series" : "COMPLETE",
    "doseNumberString" : "C"
  }]
}