{
  "resourceType" : "Immunization",
  "id" : "27657",
  "meta" : {
    "profile" : ["https://department-of-veterans-affairs.github.io/mhv-fhir-phr-mapping/StructureDefinition/VA.MHV.PHR.immunization"]
  },
  "text" : {
    "status" : "generated",
    "div" : "<div xmlns=\"http://www.w3.org/1999/xhtml\"><p><b>Generated Narrative: Immunization </b><a name=\"27657\"> </a><a name=\"hc27657\"> </a></p><div style=\"display: inline-block; background-color: #d9e0e7; padding: 6px; margin: 4px; border: 1px solid #8da1b4; border-radius: 5px; line-height: 60%\"><p style=\"margin-bottom: 0px\">ResourceImmunization &quot;27657&quot; </p><p style=\"margin-bottom: 0px\">Profile: <a href=\"StructureDefinition-VA.MHV.PHR.immunization.html\">VA MHV PHR Immunization</a></p></div><p><b>identifier</b>: <code>urn:oid:2.16.840.1.113883.4.349.4.984</code>/ImmunizationTO.124696\u00a0(use:\u00a0usual)</p><p><b>status</b>: completed</p><p><b>vaccineCode</b>: MMR <span style=\"background: LightGoldenRodYellow; margin: 4px; border: 1px solid khaki\"> (<a href=\"http://terminology.hl7.org/5.0.0/CodeSystem-CPT.html\">Current Procedural Terminology (CPT®)</a>#90707 &quot;MMR VACCINE SC&quot;)</span></p><p><b>patient</b>: <a href=\"Patient-27659.html\">Patient/27659</a> &quot; TEST&quot;</p><p><b>occurrence</b>: 2022-08-18 16:29:23-0400</p><p><b>primarySource</b>: Absent because : <code>unknown</code></p><p><b>location</b>: <a name=\"hcLocation-1\"> </a></p><blockquote><p/><p><a name=\"Location-1\"> </a></p><p><a name=\"hcLocation-1\"> </a></p><p><b>name</b>: ADMISSIONS (LOC)</p></blockquote><h3>Performers</h3><table class=\"grid\"><tr><td style=\"display: none\">-</td><td><b>Actor</b></td></tr><tr><td style=\"display: none\">*</td><td><a name=\"hcex-MHV-organization-552\"> </a><blockquote><p/><p><a name=\"ex-MHV-organization-552\"> </a></p><p><a name=\"hcex-MHV-organization-552\"> </a></p><p><b>identifier</b>: L/552\u00a0(use:\u00a0usual)</p><p><b>active</b>: true</p><p><b>name</b>: DAYTON, OH VAMC</p><p><b>address</b>: 4100 W. THIRD STREET DAYTON OH 45428 USA </p></blockquote></td></tr></table><hr/><blockquote><p><b>Generated Narrative: Location  #Location-1</b><a name=\"Location-1\"> </a><a name=\"hcLocation-1\"> </a></p><p><b>name</b>: ADMISSIONS (LOC)</p></blockquote><hr/><blockquote><p><b>Generated Narrative: Organization  #ex-MHV-organization-552</b><a name=\"ex-MHV-organization-552\"> </a><a name=\"hcex-MHV-organization-552\"> </a></p><p><b>identifier</b>: L/552\u00a0(use:\u00a0usual)</p><p><b>active</b>: true</p><p><b>name</b>: DAYTON, OH VAMC</p><p><b>address</b>: 4100 W. THIRD STREET DAYTON OH 45428 USA </p></blockquote></div>"
  },
  "contained" : [{
    "resourceType" : "Location",
    "id" : "Location-1",
    "name" : "ADMISSIONS (LOC)"
  },
  {
    "resourceType" : "Organization",
    "id" : "ex-MHV-organization-552",
    "meta" : {
      "profile" : ["https://department-of-veterans-affairs.github.io/mhv-fhir-phr-mapping/StructureDefinition/VA.MHV.PHR.organization"]
    },
    "identifier" : [{
      "use" : "usual",
      "type" : {
        "text" : "L"
      },
      "system" : "urn:oid:2.16.840.1.113883.4.349",
      "value" : "552"
    }],
    "active" : true,
    "name" : "DAYTON, OH VAMC",
    "address" : [{
      "line" : ["4100 W. THIRD STREET"],
      "city" : "DAYTON",
      "state" : "OH",
      "postalCode" : "45428",
      "country" : "USA"
    }]
  }],
  "identifier" : [{
    "use" : "usual",
    "system" : "urn:oid:2.16.840.1.113883.4.349.4.984",
    "value" : "ImmunizationTO.124696"
  }],
  "status" : "completed",
  "vaccineCode" : {
    "coding" : [{
      "system" : "http://www.ama-assn.org/go/cpt",
      "code" : "90707",
      "display" : "MMR VACCINE SC"
    }],
    "text" : "MMR"
  },
  "patient" : {
    "reference" : "Patient/27659"
  },
  "occurrenceDateTime" : "2022-08-18T16:29:23-04:00",
  "_primarySource" : {
    "extension" : [{
      "url" : "http://hl7.org/fhir/StructureDefinition/data-absent-reason",
      "valueCode" : "unknown"
    }]
  },
  "location" : {
    "reference" : "#Location-1"
  },
  "performer" : [{
    "actor" : {
      "reference" : "#ex-MHV-organization-552"
    }
  }]
}