{
  "resourceType" : "Immunization",
  "id" : "ex-MHV-immunization-2-none",
  "meta" : {
    "profile" : ["https://department-of-veterans-affairs.github.io/mhv-fhir-phr-mapping/StructureDefinition/VA.MHV.PHR.immunization"]
  },
  "text" : {
    "status" : "extensions",
    "div" : "<div xmlns=\"http://www.w3.org/1999/xhtml\"><p class=\"res-header-id\"><b>Generated Narrative: Immunization ex-MHV-immunization-2-none</b></p><a name=\"ex-MHV-immunization-2-none\"> </a><a name=\"hcex-MHV-immunization-2-none\"> </a><a name=\"ex-MHV-immunization-2-none-en-US\"> </a><p><b>identifier</b>: <code>urn:oid:2.16.840.1.113883.4.349.4.989</code>/ImmunizationTO.2\u00a0(use:\u00a0usual,\u00a0)</p><p><b>status</b>: Completed</p><p><b>vaccineCode</b>: <span title=\"Codes:{http://www.ama-assn.org/go/cpt 90688}\">INFLUENZA, INJECTABLE, QUADRIVALENT</span></p><p><b>patient</b>: <a href=\"Patient-ex-MHV-patient-1.html\">MTPZEROTWO DAYTSHR  Male, DoB: 1000-01-01 ( urn:oid:2.16.840.1.113883.4.349#1\u00a0(use:\u00a0usual,\u00a0))</a></p><p><b>occurrence</b>: 2022-08-05 16:56:38+0000</p><p><b>recorded</b>: 2022-08-05 16:56:38+0000</p><p><b>primarySource</b>: Absent because : unknown</p><p><b>location</b>: <a href=\"#hcex-MHV-immunization-2-none/in-location-2\">Location ADTP BURNETT</a></p><h3>Performers</h3><table class=\"grid\"><tr><td style=\"display: none\">-</td><td><b>Actor</b></td></tr><tr><td style=\"display: none\">*</td><td><a href=\"#hcex-MHV-immunization-2-none/ex-MHV-organization-552\">Organization DAYTON, OH VAMC</a></td></tr></table><p><b>note</b>: test comment</p><h3>Reactions</h3><table class=\"grid\"><tr><td style=\"display: none\">-</td><td><b>Detail</b></td></tr><tr><td style=\"display: none\">*</td><td><a href=\"#hcex-MHV-immunization-2-none/in-reaction-2-none\">Observation </a></td></tr></table><h3>ProtocolApplieds</h3><table class=\"grid\"><tr><td style=\"display: none\">-</td><td><b>Series</b></td><td><b>DoseNumber[x]</b></td></tr><tr><td style=\"display: none\">*</td><td>COMPLETE</td><td>C</td></tr></table><hr/><blockquote><p class=\"res-header-id\"><b>Generated Narrative: Location  #in-location-2</b></p><a name=\"ex-MHV-immunization-2-none/in-location-2\"> </a><a name=\"hcex-MHV-immunization-2-none/in-location-2\"> </a><a name=\"ex-MHV-immunization-2-none/in-location-2-en-US\"> </a><p><b>identifier</b>: ?ngen-9?\u00a0(use:\u00a0usual,\u00a0)</p><p><b>name</b>: ADTP BURNETT</p></blockquote><hr/><blockquote><p class=\"res-header-id\"><b>Generated Narrative: Observation  #in-reaction-2-none</b></p><a name=\"ex-MHV-immunization-2-none/in-reaction-2-none\"> </a><a name=\"hcex-MHV-immunization-2-none/in-reaction-2-none\"> </a><a name=\"ex-MHV-immunization-2-none/in-reaction-2-none-en-US\"> </a><p><b>status</b>: Final</p><p><b>code</b>: <span title=\"Codes:\">NONE</span></p><p><b>subject</b>: <a href=\"Patient-ex-MHV-patient-1.html\">MTPZEROTWO DAYTSHR  Male, DoB: 1000-01-01 ( urn:oid:2.16.840.1.113883.4.349#1\u00a0(use:\u00a0usual,\u00a0))</a></p><p><b>effective</b>: 2022-08-05 16:56:38+0000</p><p><b>value</b>: <span title=\"Codes:{http://snomed.info/sct 410515003}\">Known present (qualifier value)</span></p></blockquote><hr/><blockquote><p class=\"res-header-id\"><b>Generated Narrative: Organization  #ex-MHV-organization-552</b></p><a name=\"ex-MHV-immunization-2-none/ex-MHV-organization-552\"> </a><a name=\"hcex-MHV-immunization-2-none/ex-MHV-organization-552\"> </a><a name=\"ex-MHV-immunization-2-none/ex-MHV-organization-552-en-US\"> </a><p><b>identifier</b>: L/552\u00a0(use:\u00a0usual,\u00a0)</p><p><b>active</b>: true</p><p><b>name</b>: DAYTON, OH VAMC</p><p><b>address</b>: 4100 W. THIRD STREET DAYTON OH 45428 USA </p></blockquote></div>"
  },
  "contained" : [{
    "resourceType" : "Location",
    "id" : "in-location-2",
    "meta" : {
      "profile" : ["https://department-of-veterans-affairs.github.io/mhv-fhir-phr-mapping/StructureDefinition/VA.MHV.PHR.location"]
    },
    "identifier" : [{
      "use" : "usual"
    }],
    "name" : "ADTP BURNETT"
  },
  {
    "resourceType" : "Observation",
    "id" : "in-reaction-2-none",
    "meta" : {
      "profile" : ["https://department-of-veterans-affairs.github.io/mhv-fhir-phr-mapping/StructureDefinition/VA.MHV.PHR.immunizationReaction"]
    },
    "status" : "final",
    "code" : {
      "text" : "NONE"
    },
    "subject" : {
      "reference" : "Patient/ex-MHV-patient-1"
    },
    "effectiveDateTime" : "2022-08-05T16:56:38Z",
    "valueCodeableConcept" : {
      "coding" : [{
        "system" : "http://snomed.info/sct",
        "code" : "410515003"
      }]
    }
  },
  {
    "resourceType" : "Organization",
    "id" : "ex-MHV-organization-552",
    "meta" : {
      "profile" : ["https://department-of-veterans-affairs.github.io/mhv-fhir-phr-mapping/StructureDefinition/VA.MHV.PHR.organization"]
    },
    "identifier" : [{
      "use" : "usual",
      "type" : {
        "text" : "L"
      },
      "system" : "urn:oid:2.16.840.1.113883.4.349",
      "value" : "552"
    }],
    "active" : true,
    "name" : "DAYTON, OH VAMC",
    "address" : [{
      "line" : ["4100 W. THIRD STREET"],
      "city" : "DAYTON",
      "state" : "OH",
      "postalCode" : "45428",
      "country" : "USA"
    }]
  }],
  "identifier" : [{
    "use" : "usual",
    "system" : "urn:oid:2.16.840.1.113883.4.349.4.989",
    "value" : "ImmunizationTO.2"
  }],
  "status" : "completed",
  "vaccineCode" : {
    "coding" : [{
      "system" : "http://www.ama-assn.org/go/cpt",
      "code" : "90688",
      "display" : "IIV4 VACCINE SPLT 0.5 ML IM"
    }],
    "text" : "INFLUENZA, INJECTABLE, QUADRIVALENT"
  },
  "patient" : {
    "reference" : "Patient/ex-MHV-patient-1"
  },
  "occurrenceDateTime" : "2022-08-05T16:56:38Z",
  "recorded" : "2022-08-05T16:56:38Z",
  "_primarySource" : {
    "extension" : [{
      "url" : "http://hl7.org/fhir/StructureDefinition/data-absent-reason",
      "valueCode" : "unknown"
    }]
  },
  "location" : {
    "reference" : "#in-location-2"
  },
  "performer" : [{
    "actor" : {
      "reference" : "#ex-MHV-organization-552"
    }
  }],
  "note" : [{
    "text" : "test comment"
  }],
  "reaction" : [{
    "detail" : {
      "reference" : "#in-reaction-2-none"
    }
  }],
  "protocolApplied" : [{
    "series" : "COMPLETE",
    "doseNumberString" : "C"
  }]
}