{
  "resourceType" : "ImplementationGuide",
  "id" : "va.mhv.phr.example",
  "text" : {
    "status" : "extensions",
    "div" : "<div xmlns=\"http://www.w3.org/1999/xhtml\"><h2>MHVPHR</h2><p>The official URL for this implementation guide is: </p><pre>https://johnmoehrke.github.io/MHV-PHR/ImplementationGuide/va.mhv.phr.example</pre><div><p>MyHealtheVet exposing PHR using FHIR and Testing Plan.</p>\n</div></div>"
  },
  "extension" : [{
    "url" : "http://hl7.org/fhir/StructureDefinition/structuredefinition-standards-status",
    "valueCode" : "trial-use"
  },
  {
    "url" : "http://hl7.org/fhir/StructureDefinition/structuredefinition-fmm",
    "valueInteger" : 0
  }],
  "url" : "https://johnmoehrke.github.io/MHV-PHR/ImplementationGuide/va.mhv.phr.example",
  "version" : "0.1.4-beta",
  "name" : "MHVPHR",
  "title" : "MyHealtheVet PHR FHIR API",
  "status" : "active",
  "date" : "2023-02-21T15:24:44-06:00",
  "publisher" : "John Moehrke (himself)",
  "contact" : [{
    "name" : "John Moehrke (himself)",
    "telecom" : [{
      "system" : "url",
      "value" : "http://healthcaresecprivacy.blogspot.com"
    },
    {
      "system" : "email",
      "value" : "JohnMoehrke@gmail.com"
    }]
  },
  {
    "name" : "John Moehrke (himself)",
    "telecom" : [{
      "system" : "email",
      "value" : "JohnMoehrke@gmail.com"
    }]
  }],
  "description" : "MyHealtheVet exposing PHR using FHIR and Testing Plan.",
  "jurisdiction" : [{
    "coding" : [{
      "system" : "urn:iso:std:iso:3166",
      "code" : "US"
    }]
  }],
  "packageId" : "va.mhv.phr.example",
  "license" : "CC-BY-4.0",
  "fhirVersion" : ["4.0.1"],
  "dependsOn" : [{
    "id" : "hl7tx",
    "extension" : [{
      "url" : "http://hl7.org/fhir/tools/StructureDefinition/implementationguide-dependency-comment",
      "valueMarkdown" : "Automatically added as a dependency - all IGs depend on HL7 Terminology"
    }],
    "uri" : "http://terminology.hl7.org/ImplementationGuide/hl7.terminology",
    "packageId" : "hl7.terminology.r4",
    "version" : "5.0.0"
  },
  {
    "id" : "hl7_fhir_us_core",
    "uri" : "http://hl7.org/fhir/us/core/ImplementationGuide/hl7.fhir.us.core",
    "packageId" : "hl7.fhir.us.core",
    "version" : "5.0.1"
  }],
  "definition" : {
    "extension" : [{
      "extension" : [{
        "url" : "code",
        "valueString" : "copyrightyear"
      },
      {
        "url" : "value",
        "valueString" : "2022+"
      }],
      "url" : "http://hl7.org/fhir/tools/StructureDefinition/ig-parameter"
    },
    {
      "extension" : [{
        "url" : "code",
        "valueString" : "releaselabel"
      },
      {
        "url" : "value",
        "valueString" : "ci-build"
      }],
      "url" : "http://hl7.org/fhir/tools/StructureDefinition/ig-parameter"
    },
    {
      "extension" : [{
        "url" : "code",
        "valueString" : "show-inherited-invariants"
      },
      {
        "url" : "value",
        "valueString" : "false"
      }],
      "url" : "http://hl7.org/fhir/tools/StructureDefinition/ig-parameter"
    },
    {
      "extension" : [{
        "url" : "code",
        "valueString" : "usage-stats-opt-out"
      },
      {
        "url" : "value",
        "valueString" : "true"
      }],
      "url" : "http://hl7.org/fhir/tools/StructureDefinition/ig-parameter"
    },
    {
      "extension" : [{
        "url" : "code",
        "valueString" : "logging"
      },
      {
        "url" : "value",
        "valueString" : "progress"
      }],
      "url" : "http://hl7.org/fhir/tools/StructureDefinition/ig-parameter"
    },
    {
      "extension" : [{
        "url" : "code",
        "valueString" : "shownav"
      },
      {
        "url" : "value",
        "valueString" : "true"
      }],
      "url" : "http://hl7.org/fhir/tools/StructureDefinition/ig-parameter"
    },
    {
      "extension" : [{
        "url" : "code",
        "valueString" : "active-tables"
      },
      {
        "url" : "value",
        "valueString" : "false"
      }],
      "url" : "http://hl7.org/fhir/tools/StructureDefinition/ig-parameter"
    },
    {
      "extension" : [{
        "url" : "code",
        "valueString" : "apply-contact"
      },
      {
        "url" : "value",
        "valueString" : "true"
      }],
      "url" : "http://hl7.org/fhir/tools/StructureDefinition/ig-parameter"
    },
    {
      "extension" : [{
        "url" : "code",
        "valueString" : "apply-jurisdiction"
      },
      {
        "url" : "value",
        "valueString" : "true"
      }],
      "url" : "http://hl7.org/fhir/tools/StructureDefinition/ig-parameter"
    },
    {
      "extension" : [{
        "url" : "code",
        "valueString" : "apply-publisher"
      },
      {
        "url" : "value",
        "valueString" : "true"
      }],
      "url" : "http://hl7.org/fhir/tools/StructureDefinition/ig-parameter"
    },
    {
      "extension" : [{
        "url" : "code",
        "valueString" : "apply-version"
      },
      {
        "url" : "value",
        "valueString" : "true"
      }],
      "url" : "http://hl7.org/fhir/tools/StructureDefinition/ig-parameter"
    },
    {
      "extension" : [{
        "url" : "code",
        "valueString" : "autoload-resources"
      },
      {
        "url" : "value",
        "valueString" : "true"
      }],
      "url" : "http://hl7.org/fhir/tools/StructureDefinition/ig-parameter"
    },
    {
      "extension" : [{
        "url" : "code",
        "valueString" : "path-output"
      },
      {
        "url" : "value",
        "valueString" : "docs"
      }],
      "url" : "http://hl7.org/fhir/tools/StructureDefinition/ig-parameter"
    },
    {
      "extension" : [{
        "url" : "code",
        "valueString" : "excludettl"
      },
      {
        "url" : "value",
        "valueString" : "true"
      }],
      "url" : "http://hl7.org/fhir/tools/StructureDefinition/ig-parameter"
    },
    {
      "extension" : [{
        "url" : "code",
        "valueString" : "path-liquid"
      },
      {
        "url" : "value",
        "valueString" : "template/liquid"
      }],
      "url" : "http://hl7.org/fhir/tools/StructureDefinition/ig-parameter"
    },
    {
      "extension" : [{
        "url" : "code",
        "valueString" : "path-liquid"
      },
      {
        "url" : "value",
        "valueString" : "input/liquid"
      }],
      "url" : "http://hl7.org/fhir/tools/StructureDefinition/ig-parameter"
    },
    {
      "extension" : [{
        "url" : "code",
        "valueString" : "path-qa"
      },
      {
        "url" : "value",
        "valueString" : "temp/qa"
      }],
      "url" : "http://hl7.org/fhir/tools/StructureDefinition/ig-parameter"
    },
    {
      "extension" : [{
        "url" : "code",
        "valueString" : "path-temp"
      },
      {
        "url" : "value",
        "valueString" : "temp/pages"
      }],
      "url" : "http://hl7.org/fhir/tools/StructureDefinition/ig-parameter"
    },
    {
      "extension" : [{
        "url" : "code",
        "valueString" : "path-suppressed-warnings"
      },
      {
        "url" : "value",
        "valueString" : "input/ignoreWarnings.txt"
      }],
      "url" : "http://hl7.org/fhir/tools/StructureDefinition/ig-parameter"
    },
    {
      "extension" : [{
        "url" : "code",
        "valueString" : "path-history"
      },
      {
        "url" : "value",
        "valueString" : "https://johnmoehrke.github.io/MHV-PHR/history.html"
      }],
      "url" : "http://hl7.org/fhir/tools/StructureDefinition/ig-parameter"
    },
    {
      "extension" : [{
        "url" : "code",
        "valueString" : "template-html"
      },
      {
        "url" : "value",
        "valueString" : "template-page.html"
      }],
      "url" : "http://hl7.org/fhir/tools/StructureDefinition/ig-parameter"
    },
    {
      "extension" : [{
        "url" : "code",
        "valueString" : "template-md"
      },
      {
        "url" : "value",
        "valueString" : "template-page-md.html"
      }],
      "url" : "http://hl7.org/fhir/tools/StructureDefinition/ig-parameter"
    },
    {
      "extension" : [{
        "url" : "code",
        "valueString" : "apply-context"
      },
      {
        "url" : "value",
        "valueString" : "true"
      }],
      "url" : "http://hl7.org/fhir/tools/StructureDefinition/ig-parameter"
    },
    {
      "extension" : [{
        "url" : "code",
        "valueString" : "apply-copyright"
      },
      {
        "url" : "value",
        "valueString" : "true"
      }],
      "url" : "http://hl7.org/fhir/tools/StructureDefinition/ig-parameter"
    },
    {
      "extension" : [{
        "url" : "code",
        "valueString" : "apply-license"
      },
      {
        "url" : "value",
        "valueString" : "true"
      }],
      "url" : "http://hl7.org/fhir/tools/StructureDefinition/ig-parameter"
    },
    {
      "extension" : [{
        "url" : "code",
        "valueString" : "fmm-definition"
      },
      {
        "url" : "value",
        "valueString" : "http://hl7.org/fhir/versions.html#maturity"
      }],
      "url" : "http://hl7.org/fhir/tools/StructureDefinition/ig-parameter"
    },
    {
      "extension" : [{
        "url" : "code",
        "valueString" : "propagate-status"
      },
      {
        "url" : "value",
        "valueString" : "true"
      }],
      "url" : "http://hl7.org/fhir/tools/StructureDefinition/ig-parameter"
    },
    {
      "extension" : [{
        "url" : "code",
        "valueString" : "excludelogbinaryformat"
      },
      {
        "url" : "value",
        "valueString" : "true"
      }],
      "url" : "http://hl7.org/fhir/tools/StructureDefinition/ig-parameter"
    },
    {
      "extension" : [{
        "url" : "code",
        "valueString" : "tabbed-snapshots"
      },
      {
        "url" : "value",
        "valueString" : "true"
      }],
      "url" : "http://hl7.org/fhir/tools/StructureDefinition/ig-parameter"
    },
    {
      "extension" : [{
        "url" : "code",
        "valueString" : "copyrightyear"
      },
      {
        "url" : "value",
        "valueString" : "2022+"
      }],
      "url" : "http://hl7.org/fhir/tools/StructureDefinition/ig-parameter"
    },
    {
      "extension" : [{
        "url" : "code",
        "valueString" : "releaselabel"
      },
      {
        "url" : "value",
        "valueString" : "ci-build"
      }],
      "url" : "http://hl7.org/fhir/tools/StructureDefinition/ig-parameter"
    },
    {
      "extension" : [{
        "url" : "code",
        "valueString" : "show-inherited-invariants"
      },
      {
        "url" : "value",
        "valueString" : "false"
      }],
      "url" : "http://hl7.org/fhir/tools/StructureDefinition/ig-parameter"
    },
    {
      "extension" : [{
        "url" : "code",
        "valueString" : "usage-stats-opt-out"
      },
      {
        "url" : "value",
        "valueString" : "true"
      }],
      "url" : "http://hl7.org/fhir/tools/StructureDefinition/ig-parameter"
    },
    {
      "extension" : [{
        "url" : "code",
        "valueString" : "logging"
      },
      {
        "url" : "value",
        "valueString" : "progress"
      }],
      "url" : "http://hl7.org/fhir/tools/StructureDefinition/ig-parameter"
    },
    {
      "extension" : [{
        "url" : "code",
        "valueString" : "shownav"
      },
      {
        "url" : "value",
        "valueString" : "true"
      }],
      "url" : "http://hl7.org/fhir/tools/StructureDefinition/ig-parameter"
    },
    {
      "extension" : [{
        "url" : "code",
        "valueString" : "active-tables"
      },
      {
        "url" : "value",
        "valueString" : "false"
      }],
      "url" : "http://hl7.org/fhir/tools/StructureDefinition/ig-parameter"
    },
    {
      "extension" : [{
        "url" : "code",
        "valueString" : "apply-contact"
      },
      {
        "url" : "value",
        "valueString" : "true"
      }],
      "url" : "http://hl7.org/fhir/tools/StructureDefinition/ig-parameter"
    },
    {
      "extension" : [{
        "url" : "code",
        "valueString" : "apply-jurisdiction"
      },
      {
        "url" : "value",
        "valueString" : "true"
      }],
      "url" : "http://hl7.org/fhir/tools/StructureDefinition/ig-parameter"
    },
    {
      "extension" : [{
        "url" : "code",
        "valueString" : "apply-publisher"
      },
      {
        "url" : "value",
        "valueString" : "true"
      }],
      "url" : "http://hl7.org/fhir/tools/StructureDefinition/ig-parameter"
    },
    {
      "extension" : [{
        "url" : "code",
        "valueString" : "apply-version"
      },
      {
        "url" : "value",
        "valueString" : "true"
      }],
      "url" : "http://hl7.org/fhir/tools/StructureDefinition/ig-parameter"
    },
    {
      "extension" : [{
        "url" : "code",
        "valueString" : "autoload-resources"
      },
      {
        "url" : "value",
        "valueString" : "true"
      }],
      "url" : "http://hl7.org/fhir/tools/StructureDefinition/ig-parameter"
    },
    {
      "extension" : [{
        "url" : "code",
        "valueString" : "path-output"
      },
      {
        "url" : "value",
        "valueString" : "docs"
      }],
      "url" : "http://hl7.org/fhir/tools/StructureDefinition/ig-parameter"
    },
    {
      "extension" : [{
        "url" : "code",
        "valueString" : "excludettl"
      },
      {
        "url" : "value",
        "valueString" : "true"
      }],
      "url" : "http://hl7.org/fhir/tools/StructureDefinition/ig-parameter"
    },
    {
      "extension" : [{
        "url" : "code",
        "valueString" : "path-liquid"
      },
      {
        "url" : "value",
        "valueString" : "template/liquid"
      }],
      "url" : "http://hl7.org/fhir/tools/StructureDefinition/ig-parameter"
    },
    {
      "extension" : [{
        "url" : "code",
        "valueString" : "path-liquid"
      },
      {
        "url" : "value",
        "valueString" : "input/liquid"
      }],
      "url" : "http://hl7.org/fhir/tools/StructureDefinition/ig-parameter"
    },
    {
      "extension" : [{
        "url" : "code",
        "valueString" : "path-qa"
      },
      {
        "url" : "value",
        "valueString" : "temp/qa"
      }],
      "url" : "http://hl7.org/fhir/tools/StructureDefinition/ig-parameter"
    },
    {
      "extension" : [{
        "url" : "code",
        "valueString" : "path-temp"
      },
      {
        "url" : "value",
        "valueString" : "temp/pages"
      }],
      "url" : "http://hl7.org/fhir/tools/StructureDefinition/ig-parameter"
    },
    {
      "extension" : [{
        "url" : "code",
        "valueString" : "path-suppressed-warnings"
      },
      {
        "url" : "value",
        "valueString" : "input/ignoreWarnings.txt"
      }],
      "url" : "http://hl7.org/fhir/tools/StructureDefinition/ig-parameter"
    },
    {
      "extension" : [{
        "url" : "code",
        "valueString" : "path-history"
      },
      {
        "url" : "value",
        "valueString" : "https://johnmoehrke.github.io/MHV-PHR/history.html"
      }],
      "url" : "http://hl7.org/fhir/tools/StructureDefinition/ig-parameter"
    },
    {
      "extension" : [{
        "url" : "code",
        "valueString" : "template-html"
      },
      {
        "url" : "value",
        "valueString" : "template-page.html"
      }],
      "url" : "http://hl7.org/fhir/tools/StructureDefinition/ig-parameter"
    },
    {
      "extension" : [{
        "url" : "code",
        "valueString" : "template-md"
      },
      {
        "url" : "value",
        "valueString" : "template-page-md.html"
      }],
      "url" : "http://hl7.org/fhir/tools/StructureDefinition/ig-parameter"
    },
    {
      "extension" : [{
        "url" : "code",
        "valueString" : "apply-context"
      },
      {
        "url" : "value",
        "valueString" : "true"
      }],
      "url" : "http://hl7.org/fhir/tools/StructureDefinition/ig-parameter"
    },
    {
      "extension" : [{
        "url" : "code",
        "valueString" : "apply-copyright"
      },
      {
        "url" : "value",
        "valueString" : "true"
      }],
      "url" : "http://hl7.org/fhir/tools/StructureDefinition/ig-parameter"
    },
    {
      "extension" : [{
        "url" : "code",
        "valueString" : "apply-license"
      },
      {
        "url" : "value",
        "valueString" : "true"
      }],
      "url" : "http://hl7.org/fhir/tools/StructureDefinition/ig-parameter"
    },
    {
      "extension" : [{
        "url" : "code",
        "valueString" : "fmm-definition"
      },
      {
        "url" : "value",
        "valueString" : "http://hl7.org/fhir/versions.html#maturity"
      }],
      "url" : "http://hl7.org/fhir/tools/StructureDefinition/ig-parameter"
    },
    {
      "extension" : [{
        "url" : "code",
        "valueString" : "propagate-status"
      },
      {
        "url" : "value",
        "valueString" : "true"
      }],
      "url" : "http://hl7.org/fhir/tools/StructureDefinition/ig-parameter"
    },
    {
      "extension" : [{
        "url" : "code",
        "valueString" : "excludelogbinaryformat"
      },
      {
        "url" : "value",
        "valueString" : "true"
      }],
      "url" : "http://hl7.org/fhir/tools/StructureDefinition/ig-parameter"
    },
    {
      "extension" : [{
        "url" : "code",
        "valueString" : "tabbed-snapshots"
      },
      {
        "url" : "value",
        "valueString" : "true"
      }],
      "url" : "http://hl7.org/fhir/tools/StructureDefinition/ig-parameter"
    }],
    "resource" : [{
      "extension" : [{
        "url" : "http://hl7.org/fhir/tools/StructureDefinition/resource-information",
        "valueString" : "StructureDefinition:resource"
      }],
      "reference" : {
        "reference" : "StructureDefinition/VA.MHV.PHR.condition"
      },
      "name" : "VA MHV PHR problems",
      "description" : "A profile on the Condition resource for MHV PHR exposing Problems using FHIR API.\n\n- The mock example maps best to VIA_v4.0.7_uat.wsdl. \n- based on US-Core for Condition Resource\n- Presume we will not expose those that are ProblemTO.removed = true\n\nTODO:\n- not clear if the ProblemTO.location is describing, is it evidence?\n- what are the other values for ProblemTO.status\n- not clear what ProblemTO.accuity.tag is\n- not clear what ProblemTo.facility is",
      "exampleBoolean" : false
    },
    {
      "extension" : [{
        "url" : "http://hl7.org/fhir/tools/StructureDefinition/resource-information",
        "valueString" : "StructureDefinition:resource"
      }],
      "reference" : {
        "reference" : "StructureDefinition/VA.MHV.PHR.imaging"
      },
      "name" : "VA MHV PHR Radiology",
      "description" : "A profile on the DocumentReference resource for MHV PHR exposing Radiology note (ImagingExamTO) using FHIR API.\n\n- The mock example maps best to VIA_v4.0.7_uat.wsdl. \n- based on US-Core for Clinical Notes\n- type LOINC#18748-4 \"Diagnostic imaging study\"\n- see [mapping](StructureDefinition-VA.MHV.PHR.imaging-mappings.html#mappings-for-vdif-to-mhv-phr-imagingexamto) for details\n\nTODO Questions:\n- some schema elements found in VIA_v4.0.7_uat.wsdl are not mapped here because I can't tell what is in them. Most of them likely have a place to go in the FHIR model, but I need to know more about them.\n  - hasImages\n  - imagingType - always was GENERAL RADIOLOGY\n  - facility - no clear place in DocumentReference. Need to understand this better, is it data best put inside a contained Encounter?\n  - these never appeared in examples\n    - modifiers\n    - clinicalHX\n    - impression\n    - imagingExamTO\n    - reportId",
      "exampleBoolean" : false
    },
    {
      "extension" : [{
        "url" : "http://hl7.org/fhir/tools/StructureDefinition/resource-information",
        "valueString" : "StructureDefinition:resource"
      }],
      "reference" : {
        "reference" : "StructureDefinition/VA.MHV.PHR.immunization"
      },
      "name" : "VA MHV PHR Immunization",
      "description" : "A profile on the Immunization that declares how MHV will expose PHR immunization.\n\n**Proposed mapping not yet approved for implementation**\n\n* Derived off of US-Core Immunization\n  * US-Core already requires: status, vaccineCode, patient, occurance[x], primarySource\n* must point at the patient\n* must have status of completed \n* must have identifier as cross reference to original source\n* must have a code.text or code.coding from a valueset\n  * code.coding should be a CVX but we don't have such.\n  * Might have a CPT code\n* must have a date (occuranceDateTime) the vaccine was administered from the UI\n  * will also be used for recorded date\n* must be indicated this data are not official record (primarySource=false)\n* any reaction is recorded as a contained observation\n* may have a comment note\n* once created will have an id, versionId, lastUpdated.\n* Not sure if text will be populated\n\nMapping from [ImmunizationTO](StructureDefinition-VA.MHV.PHR.immunization-mappings.html#mappings-for-vdif-to-mhv-phr-immunizationto)\n\nTODO Questions: \n- The given mock example aligns with both VIA_v4.0.7_uat.wsdl and mockey-mdws3-service.wsdl. The VIA schema has more elements. The mapping is only for elements that were in both and for which I had an example. Better mapping can be done if specific schema can be identifed, and more rich mock example.\n- reaction appears to be a controlled vocabulary (e.g. FEVER), or is it a number (1-11 - convertReactionCode())?\n- contraindicated -- appears to be a number (e.g. 0). No idea what the values might be or what they might mean\n- id - presuming this is a persisted identifier we can cross-reference with\n- series - this appears to be a controlled vocabulary (e.g. COMPLETE). What are the possible values and what do they mean?\n- encounter - should we convert these to instances of FHIR Encounter?\n- could have function that converts a defined set of ImmunizationTO.name values to proper codes. This might be an advanced feature.",
      "exampleBoolean" : false
    },
    {
      "extension" : [{
        "url" : "http://hl7.org/fhir/tools/StructureDefinition/resource-information",
        "valueString" : "StructureDefinition:resource"
      }],
      "reference" : {
        "reference" : "StructureDefinition/VA.MHV.PHR.labReport"
      },
      "name" : "VA MHV PHR Lab Report",
      "description" : "A profile showing how LabReportTO is mapped into a FHIR DiagnosticReport, Observation, and Specimen.\n\nThe given example aligns with the VIA_v4.0.7_uat.wsdl. LabReportTO, LabTestTO, LabResultTO and LabSpecimenTO\n\nThe LabReportTO is mapped onto this FHIR DiagnosticReport for laboratory reporting. The mapping to [VDIF LabReportTO](StructureDefinition-VA.MHV.PHR.labReport-mappings.html#mappings-for-vdif-to-mhv-phr-labreportto)\n\nThe LabTestTO plus LabResultTO are combined and mapped onto a FHIR [Observation for laboratory result](StructureDefinition-VA.MHV.PHR.labTest.html) that is contained in the DiagnosticReport. The map to [VDIF LabTestTO and LabResultTO](StructureDefinition-VA.MHV.PHR.labTest-mappings.html#mappings-for-vdif-to-mhv-phr-labtestto). This does not ultimately need to be contained, but given the mock examples are so minimal these are not useful as standalone Observations.\n\nThe LabSpecimen is mapped into a [Specimen](StructureDefinition-VA.MHV.PHR.LabSpecimen.html) resource that is contained in the DiagnosticReport. The map to [VDIF LabSpecimenTO](StructureDefinition-VA.MHV.PHR.LabSpecimen-mappings.html#mappings-for-vdif-to-mhv-phr-labspecimen). These Specimen could be standalone resources, but given the mock examples are so minimal these are best as contained.\n\nThe use of contained means that we do not need to de-duplicate the lab tests or specimen.\n\nTODO determine impact of the new LOINC report on this topic https://loinc.org/file-access/?download-id=22762 the impact has not been assessed. I followed FHIR US-Core.\n\nTODO confirm: Are there other labReportTO.type values beyond SP, and MI? or is the example limited to just these? We really need to find a legitimate LOINC code for these two kinds of reports. I am not confident of the LOINC code I picked for the MI (LOINC#79381-0), I am slightly more confident of the code I picked for SP (LOINC#60567-5)\n\n- This profile is based on US-Core DiagnosticReport profile for Laboratory Results Reporting and lab Observations.",
      "exampleBoolean" : false
    },
    {
      "extension" : [{
        "url" : "http://hl7.org/fhir/tools/StructureDefinition/resource-information",
        "valueString" : "StructureDefinition:resource"
      }],
      "reference" : {
        "reference" : "StructureDefinition/VA.MHV.PHR.LabSpecimen"
      },
      "name" : "VA MHV PHR Lab Specimen",
      "description" : "A profile showing how the LabSpecimenTO is mapped into a FHIR Specimen.\n\n- This is usually a contained resource, contained in the Lab Report or the Lab Test. The use of contained is for simplicity sake and to limit the need to manage Specimen resource instances\n- must have a type \n  - Specimen.type.text <- LabSpecimenTO.name\n  - type should be a code derived from LabSpecimenTO.name\n- should have a collectedDateTime derived from LabSpecimenTO.collectionDate\n- may have an identifier - Specimen.identifier <- LabSpecimenTO.id\n  - if no LabSpecimenTO.id is given, then the Specimen resource must be contained\n- should have an accessionIdentifier derived from LabSpecimenTO.accessionNum\n- should have a subject (unless Contained)\n\nTODO questions: \n- examples didn't have much populated\n- not clear what site and facility might contain, so can't tell where they would go\n- some examples are likely FHIR Device (old hardware left foot), so this might change",
      "exampleBoolean" : false
    },
    {
      "extension" : [{
        "url" : "http://hl7.org/fhir/tools/StructureDefinition/resource-information",
        "valueString" : "StructureDefinition:resource"
      }],
      "reference" : {
        "reference" : "StructureDefinition/VA.MHV.PHR.labTest"
      },
      "name" : "VA MHV PHR labTest",
      "description" : "A profile showing how LabTestTO and LabResultTO will be exposed using FHIR API to MyHealtheVet PHR.\n\n- This profile is based on US-Core Lab\n- sometimes a contained Specimen is needed",
      "exampleBoolean" : false
    },
    {
      "extension" : [{
        "url" : "http://hl7.org/fhir/tools/StructureDefinition/resource-information",
        "valueString" : "StructureDefinition:resource"
      }],
      "reference" : {
        "reference" : "StructureDefinition/VA.MHV.PHR.location"
      },
      "name" : "VA MHV PHR Location",
      "description" : "A profile on the Location resource for MHV PHR exposing Location using FHIR API.\n\n- based on US-Core for Location\n\nMapping to [VDIF HospitalLocationTO](StructureDefinition-VA.MHV.PHR.location-mappings.html#mappings-for-vdif-to-mhv-phr-hospitallocationto).",
      "exampleBoolean" : false
    },
    {
      "extension" : [{
        "url" : "http://hl7.org/fhir/tools/StructureDefinition/resource-information",
        "valueString" : "StructureDefinition:resource"
      }],
      "reference" : {
        "reference" : "StructureDefinition/VA.MHV.PHR.note"
      },
      "name" : "VA MHV PHR Notes",
      "description" : "A profile on the DocumentReference resource for MHV PHR exposing Notes (NoteTO) using FHIR API.\n\n- The mock example maps best to VIA_v4.0.7_uat.wsdl. \n- based on US-Core for Clinical Notes\n\nTODO Questions:\n- is standardTitle or type used to differentiate between various note types?\n- type seems to hold an enum (A, PN, DS). I am not sure what these mean, or if there are other values\n  - A - LOINC#83320-2 \\\"Allergy and Immunology Adverse event note\\\"\n  - PN - LOINC#11505-5 \\\"Physician procedure note\\\"\n  - DS - LOINC#18842-5 \\\"Discharge summary\\\"\n- some schema elements found in VIA_v4.0.7_uat.wsdl are not mapped here because I can't tell what is in them. Most of them likely have a place to go in the FHIR model, but I need to know more about them.\n  - serviceCategory\n  - cosigner\n  - hasAdendum\n  - isAddendum\n  - originalNoteID\n  - hasImages\n  - itemId\n  - signatureTimestamp\n  - consultId\n  - surgicalProcId\n  - prfId\n  - parentId\n  - procTimestamp\n  - subject",
      "exampleBoolean" : false
    },
    {
      "extension" : [{
        "url" : "http://hl7.org/fhir/tools/StructureDefinition/resource-information",
        "valueString" : "StructureDefinition:resource"
      }],
      "reference" : {
        "reference" : "StructureDefinition/VA.MHV.PHR.organization"
      },
      "name" : "VA MHV PHR Organization",
      "description" : "A profile on the Organization resource for MHV PHR exposing Organization using FHIR API.\n\n- based on US-Core for Organization\n- used for Lab Site. In FHIR R4, the Lab site needs to go into .performer which can't take a Location. (TechnicalDebt)\n\nMap to [VDIF labSiteID](StructureDefinition-VA.MHV.PHR.organization-mappings.html#mappings-for-vdif-to-mhv-phr-labsiteid)",
      "exampleBoolean" : false
    },
    {
      "extension" : [{
        "url" : "http://hl7.org/fhir/tools/StructureDefinition/resource-information",
        "valueString" : "StructureDefinition:resource"
      }],
      "reference" : {
        "reference" : "StructureDefinition/VA.MHV.PHR.patient"
      },
      "name" : "VA MHV PHR Patient",
      "description" : "A profile on the Patient resource for MHV PHR exposing Patient using FHIR API.\n\n- based on US-Core for Patient\n- record the ICN value into the Patient.identifier\n  - seems other ID values are possible too such as mpiPID, localPID, SSN.\n- some elements could be converted into `codes` but doing minimal translation. \n- notes given example\n  - dropping age as not useful in persisted data, prefer dob\n  - dropping occupation - could be recorded as SDOH Observation\n  - dropping confidentiality flag - not sure the meaning - could be .meta.security\n  - dropping patientFlags - not sure the meaning\n  - dropping activeInsurance - could go into Account resource - could go in extension as text blob\n  - dropping currentMeansStatus\n  - dropping elegibilityCode\n\nMapping to [VDIF PatientTO](StructureDefinition-VA.MHV.PHR.patient-mappings.html#mappings-for-vdif-to-mhv-phr-patientto)",
      "exampleBoolean" : false
    },
    {
      "extension" : [{
        "url" : "http://hl7.org/fhir/tools/StructureDefinition/resource-information",
        "valueString" : "StructureDefinition:resource"
      }],
      "reference" : {
        "reference" : "StructureDefinition/VA.MHV.PHR.practitioner"
      },
      "name" : "VA MHV PHR Practitioner",
      "description" : "A profile on the Practitioner resource for MHV PHR exposing Practitioner using FHIR API.\n\n- based on US-Core for Practitioner\n- used for UserTO, and AuthorTO\n- might be used for PersonTO or is that RelatedPerson?\n\nMapping to [VDIF UserTO](StructureDefinition-VA.MHV.PHR.practitioner-mappings.html#mappings-for-vdif-to-mhv-phr-userto) and [VDIF AuthorTO](StructureDefinition-VA.MHV.PHR.practitioner-mappings.html#mappings-for-vdif-to-mhv-phr-authorto)",
      "exampleBoolean" : false
    },
    {
      "extension" : [{
        "url" : "http://hl7.org/fhir/tools/StructureDefinition/resource-information",
        "valueString" : "CapabilityStatement"
      }],
      "reference" : {
        "reference" : "CapabilityStatement/MHVcapabilities"
      },
      "name" : "MHVcapabilities",
      "description" : "CapabilityStatement prototype for MHV as a FHIR Server exposing PHR data",
      "exampleBoolean" : false
    },
    {
      "extension" : [{
        "url" : "http://hl7.org/fhir/tools/StructureDefinition/resource-information",
        "valueString" : "Condition"
      }],
      "reference" : {
        "reference" : "Condition/ex-MHV-condition-1"
      },
      "name" : "Example 1 of an MHV condition",
      "description" : "Example from a mock ProblemTO",
      "exampleCanonical" : "https://johnmoehrke.github.io/MHV-PHR/StructureDefinition/VA.MHV.PHR.condition"
    },
    {
      "extension" : [{
        "url" : "http://hl7.org/fhir/tools/StructureDefinition/resource-information",
        "valueString" : "Condition"
      }],
      "reference" : {
        "reference" : "Condition/ex-MHV-condition-10"
      },
      "name" : "Example 10 of an MHV condition",
      "description" : "Example from a mock ProblemTO",
      "exampleCanonical" : "https://johnmoehrke.github.io/MHV-PHR/StructureDefinition/VA.MHV.PHR.condition"
    },
    {
      "extension" : [{
        "url" : "http://hl7.org/fhir/tools/StructureDefinition/resource-information",
        "valueString" : "Condition"
      }],
      "reference" : {
        "reference" : "Condition/ex-MHV-condition-11"
      },
      "name" : "Example 11 of an MHV condition",
      "description" : "Example from a mock ProblemTO",
      "exampleCanonical" : "https://johnmoehrke.github.io/MHV-PHR/StructureDefinition/VA.MHV.PHR.condition"
    },
    {
      "extension" : [{
        "url" : "http://hl7.org/fhir/tools/StructureDefinition/resource-information",
        "valueString" : "Condition"
      }],
      "reference" : {
        "reference" : "Condition/ex-MHV-condition-2"
      },
      "name" : "Example 2 of an MHV condition",
      "description" : "Example from a mock ProblemTO",
      "exampleCanonical" : "https://johnmoehrke.github.io/MHV-PHR/StructureDefinition/VA.MHV.PHR.condition"
    },
    {
      "extension" : [{
        "url" : "http://hl7.org/fhir/tools/StructureDefinition/resource-information",
        "valueString" : "Condition"
      }],
      "reference" : {
        "reference" : "Condition/ex-MHV-condition-3"
      },
      "name" : "Example 3 of an MHV condition",
      "description" : "Example from a mock ProblemTO",
      "exampleCanonical" : "https://johnmoehrke.github.io/MHV-PHR/StructureDefinition/VA.MHV.PHR.condition"
    },
    {
      "extension" : [{
        "url" : "http://hl7.org/fhir/tools/StructureDefinition/resource-information",
        "valueString" : "Condition"
      }],
      "reference" : {
        "reference" : "Condition/ex-MHV-condition-4"
      },
      "name" : "Example 4 of an MHV condition",
      "description" : "Example from a mock ProblemTO",
      "exampleCanonical" : "https://johnmoehrke.github.io/MHV-PHR/StructureDefinition/VA.MHV.PHR.condition"
    },
    {
      "extension" : [{
        "url" : "http://hl7.org/fhir/tools/StructureDefinition/resource-information",
        "valueString" : "Condition"
      }],
      "reference" : {
        "reference" : "Condition/ex-MHV-condition-5"
      },
      "name" : "Example 5 of an MHV condition",
      "description" : "Example from a mock ProblemTO",
      "exampleCanonical" : "https://johnmoehrke.github.io/MHV-PHR/StructureDefinition/VA.MHV.PHR.condition"
    },
    {
      "extension" : [{
        "url" : "http://hl7.org/fhir/tools/StructureDefinition/resource-information",
        "valueString" : "Condition"
      }],
      "reference" : {
        "reference" : "Condition/ex-MHV-condition-6"
      },
      "name" : "Example 6 of an MHV condition",
      "description" : "Example from a mock ProblemTO",
      "exampleCanonical" : "https://johnmoehrke.github.io/MHV-PHR/StructureDefinition/VA.MHV.PHR.condition"
    },
    {
      "extension" : [{
        "url" : "http://hl7.org/fhir/tools/StructureDefinition/resource-information",
        "valueString" : "Condition"
      }],
      "reference" : {
        "reference" : "Condition/ex-MHV-condition-7"
      },
      "name" : "Example 7 of an MHV condition",
      "description" : "Example from a mock ProblemTO",
      "exampleCanonical" : "https://johnmoehrke.github.io/MHV-PHR/StructureDefinition/VA.MHV.PHR.condition"
    },
    {
      "extension" : [{
        "url" : "http://hl7.org/fhir/tools/StructureDefinition/resource-information",
        "valueString" : "Condition"
      }],
      "reference" : {
        "reference" : "Condition/ex-MHV-condition-8"
      },
      "name" : "Example 8 of an MHV condition",
      "description" : "Example from a mock ProblemTO",
      "exampleCanonical" : "https://johnmoehrke.github.io/MHV-PHR/StructureDefinition/VA.MHV.PHR.condition"
    },
    {
      "extension" : [{
        "url" : "http://hl7.org/fhir/tools/StructureDefinition/resource-information",
        "valueString" : "Condition"
      }],
      "reference" : {
        "reference" : "Condition/ex-MHV-condition-9"
      },
      "name" : "Example 9 of an MHV condition",
      "description" : "Example from a mock ProblemTO",
      "exampleCanonical" : "https://johnmoehrke.github.io/MHV-PHR/StructureDefinition/VA.MHV.PHR.condition"
    },
    {
      "extension" : [{
        "url" : "http://hl7.org/fhir/tools/StructureDefinition/resource-information",
        "valueString" : "DocumentReference"
      }],
      "reference" : {
        "reference" : "DocumentReference/ex-MHV-imaging-0"
      },
      "name" : "Example 0 of a MHV Radiology (Imaging Exam)",
      "description" : "Derived from the a mock ImagingExamTO:",
      "exampleCanonical" : "https://johnmoehrke.github.io/MHV-PHR/StructureDefinition/VA.MHV.PHR.imaging"
    },
    {
      "extension" : [{
        "url" : "http://hl7.org/fhir/tools/StructureDefinition/resource-information",
        "valueString" : "Immunization"
      }],
      "reference" : {
        "reference" : "Immunization/ex-MHV-immunization-1"
      },
      "name" : "Example 1 of an MHV immunization",
      "description" : "Example from a mock ImmunizationTO",
      "exampleCanonical" : "https://johnmoehrke.github.io/MHV-PHR/StructureDefinition/VA.MHV.PHR.immunization"
    },
    {
      "extension" : [{
        "url" : "http://hl7.org/fhir/tools/StructureDefinition/resource-information",
        "valueString" : "Immunization"
      }],
      "reference" : {
        "reference" : "Immunization/ex-MHV-immunization-2"
      },
      "name" : "Example 2 of an MHV immunization",
      "description" : "Example from a mock ImmunizationTO",
      "exampleCanonical" : "https://johnmoehrke.github.io/MHV-PHR/StructureDefinition/VA.MHV.PHR.immunization"
    },
    {
      "extension" : [{
        "url" : "http://hl7.org/fhir/tools/StructureDefinition/resource-information",
        "valueString" : "DiagnosticReport"
      }],
      "reference" : {
        "reference" : "DiagnosticReport/ex-MHV-labReport-1"
      },
      "name" : "Example 1 of an MHV labReport",
      "description" : "Example from a mock labReportTO",
      "exampleCanonical" : "https://johnmoehrke.github.io/MHV-PHR/StructureDefinition/VA.MHV.PHR.labReport"
    },
    {
      "extension" : [{
        "url" : "http://hl7.org/fhir/tools/StructureDefinition/resource-information",
        "valueString" : "DiagnosticReport"
      }],
      "reference" : {
        "reference" : "DiagnosticReport/ex-MHV-labReport-2"
      },
      "name" : "Example 2 of an MHV labReport",
      "description" : "Example from a mock labReportTO",
      "exampleCanonical" : "https://johnmoehrke.github.io/MHV-PHR/StructureDefinition/VA.MHV.PHR.labReport"
    },
    {
      "extension" : [{
        "url" : "http://hl7.org/fhir/tools/StructureDefinition/resource-information",
        "valueString" : "DiagnosticReport"
      }],
      "reference" : {
        "reference" : "DiagnosticReport/ex-MHV-labReport-3"
      },
      "name" : "Example 3 of an MHV labReport",
      "description" : "Example from a mock labReportTO",
      "exampleCanonical" : "https://johnmoehrke.github.io/MHV-PHR/StructureDefinition/VA.MHV.PHR.labReport"
    },
    {
      "extension" : [{
        "url" : "http://hl7.org/fhir/tools/StructureDefinition/resource-information",
        "valueString" : "DiagnosticReport"
      }],
      "reference" : {
        "reference" : "DiagnosticReport/ex-MHV-labReport-4"
      },
      "name" : "Example 4 of an MHV labReport",
      "description" : "Example from a mock labReportTO",
      "exampleCanonical" : "https://johnmoehrke.github.io/MHV-PHR/StructureDefinition/VA.MHV.PHR.labReport"
    },
    {
      "extension" : [{
        "url" : "http://hl7.org/fhir/tools/StructureDefinition/resource-information",
        "valueString" : "DiagnosticReport"
      }],
      "reference" : {
        "reference" : "DiagnosticReport/ex-MHV-labReport-5"
      },
      "name" : "Example 5 of an MHV labReport",
      "description" : "Example from a mock labReportTO",
      "exampleCanonical" : "https://johnmoehrke.github.io/MHV-PHR/StructureDefinition/VA.MHV.PHR.labReport"
    },
    {
      "extension" : [{
        "url" : "http://hl7.org/fhir/tools/StructureDefinition/resource-information",
        "valueString" : "DiagnosticReport"
      }],
      "reference" : {
        "reference" : "DiagnosticReport/ex-MHV-labReport-6"
      },
      "name" : "Example 6 of an MHV labReport",
      "description" : "Example from a mock labReportTO",
      "exampleCanonical" : "https://johnmoehrke.github.io/MHV-PHR/StructureDefinition/VA.MHV.PHR.labReport"
    },
    {
      "extension" : [{
        "url" : "http://hl7.org/fhir/tools/StructureDefinition/resource-information",
        "valueString" : "DiagnosticReport"
      }],
      "reference" : {
        "reference" : "DiagnosticReport/ex-MHV-labReport-7"
      },
      "name" : "Example 7 of an MHV labReport",
      "description" : "Example from a mock labReportTO",
      "exampleCanonical" : "https://johnmoehrke.github.io/MHV-PHR/StructureDefinition/VA.MHV.PHR.labReport"
    },
    {
      "extension" : [{
        "url" : "http://hl7.org/fhir/tools/StructureDefinition/resource-information",
        "valueString" : "DiagnosticReport"
      }],
      "reference" : {
        "reference" : "DiagnosticReport/ex-MHV-labReport-8"
      },
      "name" : "Example 8 of an MHV labReport",
      "description" : "Example from a mock labReportTO",
      "exampleCanonical" : "https://johnmoehrke.github.io/MHV-PHR/StructureDefinition/VA.MHV.PHR.labReport"
    },
    {
      "extension" : [{
        "url" : "http://hl7.org/fhir/tools/StructureDefinition/resource-information",
        "valueString" : "Location"
      }],
      "reference" : {
        "reference" : "Location/ex-MHV-location-552"
      },
      "name" : "Location DAYTON Lab",
      "description" : "This example derived off of a mock NoteTO",
      "exampleCanonical" : "https://johnmoehrke.github.io/MHV-PHR/StructureDefinition/VA.MHV.PHR.location"
    },
    {
      "extension" : [{
        "url" : "http://hl7.org/fhir/tools/StructureDefinition/resource-information",
        "valueString" : "Location"
      }],
      "reference" : {
        "reference" : "Location/ex-MHV-location-984"
      },
      "name" : "Location DAYTSHR TEST Lab",
      "description" : "This example derived off of a mock HospitalLocationTO",
      "exampleCanonical" : "https://johnmoehrke.github.io/MHV-PHR/StructureDefinition/VA.MHV.PHR.location"
    },
    {
      "extension" : [{
        "url" : "http://hl7.org/fhir/tools/StructureDefinition/resource-information",
        "valueString" : "DocumentReference"
      }],
      "reference" : {
        "reference" : "DocumentReference/ex-MHV-note-0"
      },
      "name" : "Example 0 of a MHV Note",
      "description" : "Derived from the a mock NoteTO:",
      "exampleCanonical" : "https://johnmoehrke.github.io/MHV-PHR/StructureDefinition/VA.MHV.PHR.note"
    },
    {
      "extension" : [{
        "url" : "http://hl7.org/fhir/tools/StructureDefinition/resource-information",
        "valueString" : "DocumentReference"
      }],
      "reference" : {
        "reference" : "DocumentReference/ex-MHV-note-1"
      },
      "name" : "Example 1 of a MHV Note",
      "description" : "Derived from the a mock NoteTO:",
      "exampleCanonical" : "https://johnmoehrke.github.io/MHV-PHR/StructureDefinition/VA.MHV.PHR.note"
    },
    {
      "extension" : [{
        "url" : "http://hl7.org/fhir/tools/StructureDefinition/resource-information",
        "valueString" : "DocumentReference"
      }],
      "reference" : {
        "reference" : "DocumentReference/ex-MHV-note-2"
      },
      "name" : "Example 2 of a MHV Note",
      "description" : "Derived from the a mock NoteTO:",
      "exampleCanonical" : "https://johnmoehrke.github.io/MHV-PHR/StructureDefinition/VA.MHV.PHR.note"
    },
    {
      "extension" : [{
        "url" : "http://hl7.org/fhir/tools/StructureDefinition/resource-information",
        "valueString" : "DocumentReference"
      }],
      "reference" : {
        "reference" : "DocumentReference/ex-MHV-note-3"
      },
      "name" : "Example 3 of a MHV Note",
      "description" : "Derived from the a mock NoteTO:",
      "exampleCanonical" : "https://johnmoehrke.github.io/MHV-PHR/StructureDefinition/VA.MHV.PHR.note"
    },
    {
      "extension" : [{
        "url" : "http://hl7.org/fhir/tools/StructureDefinition/resource-information",
        "valueString" : "DocumentReference"
      }],
      "reference" : {
        "reference" : "DocumentReference/ex-MHV-note-4"
      },
      "name" : "Example 4 of a MHV Note",
      "description" : "Derived from the a mock NoteTO:\n\nNote dropped cosigner",
      "exampleCanonical" : "https://johnmoehrke.github.io/MHV-PHR/StructureDefinition/VA.MHV.PHR.note"
    },
    {
      "extension" : [{
        "url" : "http://hl7.org/fhir/tools/StructureDefinition/resource-information",
        "valueString" : "Organization"
      }],
      "reference" : {
        "reference" : "Organization/ex-MHV-organization-989"
      },
      "name" : "Organization lab site 989",
      "description" : "This example derived off of a mock diagnostic report ",
      "exampleCanonical" : "https://johnmoehrke.github.io/MHV-PHR/StructureDefinition/VA.MHV.PHR.organization"
    },
    {
      "extension" : [{
        "url" : "http://hl7.org/fhir/tools/StructureDefinition/resource-information",
        "valueString" : "Patient"
      }],
      "reference" : {
        "reference" : "Patient/ex-MHV-patient-0"
      },
      "name" : "Example MHVLISAONE from PatientTO",
      "description" : "This example is derived off of a mock PatientTO",
      "exampleCanonical" : "https://johnmoehrke.github.io/MHV-PHR/StructureDefinition/VA.MHV.PHR.patient"
    },
    {
      "extension" : [{
        "url" : "http://hl7.org/fhir/tools/StructureDefinition/resource-information",
        "valueString" : "Patient"
      }],
      "reference" : {
        "reference" : "Patient/ex-MHV-patient-1"
      },
      "name" : "Example DAYSHR from PatientTO",
      "description" : "This example is derived off of a mock PatientTO",
      "exampleCanonical" : "https://johnmoehrke.github.io/MHV-PHR/StructureDefinition/VA.MHV.PHR.patient"
    },
    {
      "extension" : [{
        "url" : "http://hl7.org/fhir/tools/StructureDefinition/resource-information",
        "valueString" : "Patient"
      }],
      "reference" : {
        "reference" : "Patient/ex-MHV-patient-2"
      },
      "name" : "Example ROBERT from PatientTO",
      "description" : "This example is derived off of a mock PatientTO",
      "exampleCanonical" : "https://johnmoehrke.github.io/MHV-PHR/StructureDefinition/VA.MHV.PHR.patient"
    },
    {
      "extension" : [{
        "url" : "http://hl7.org/fhir/tools/StructureDefinition/resource-information",
        "valueString" : "Practitioner"
      }],
      "reference" : {
        "reference" : "Practitioner/ex-MHV-practitioner"
      },
      "name" : "Example Practitioner",
      "description" : "holding typical values",
      "exampleCanonical" : "https://johnmoehrke.github.io/MHV-PHR/StructureDefinition/VA.MHV.PHR.practitioner"
    },
    {
      "extension" : [{
        "url" : "http://hl7.org/fhir/tools/StructureDefinition/resource-information",
        "valueString" : "Practitioner"
      }],
      "reference" : {
        "reference" : "Practitioner/ex-MHV-practitioner-110"
      },
      "name" : "Example Practitoner 110",
      "description" : "Phyllis Mangas",
      "exampleCanonical" : "https://johnmoehrke.github.io/MHV-PHR/StructureDefinition/VA.MHV.PHR.practitioner"
    },
    {
      "extension" : [{
        "url" : "http://hl7.org/fhir/tools/StructureDefinition/resource-information",
        "valueString" : "Practitioner"
      }],
      "reference" : {
        "reference" : "Practitioner/ex-MHV-practitioner-22572"
      },
      "name" : "Example Practitoner 22572",
      "description" : "Phyllis Mangas",
      "exampleCanonical" : "https://johnmoehrke.github.io/MHV-PHR/StructureDefinition/VA.MHV.PHR.practitioner"
    },
    {
      "extension" : [{
        "url" : "http://hl7.org/fhir/tools/StructureDefinition/resource-information",
        "valueString" : "Practitioner"
      }],
      "reference" : {
        "reference" : "Practitioner/ex-MHV-practitioner-36556"
      },
      "name" : "Example Practitoner 36556",
      "description" : "Maruf Ahmed",
      "exampleCanonical" : "https://johnmoehrke.github.io/MHV-PHR/StructureDefinition/VA.MHV.PHR.practitioner"
    },
    {
      "extension" : [{
        "url" : "http://hl7.org/fhir/tools/StructureDefinition/resource-information",
        "valueString" : "Practitioner"
      }],
      "reference" : {
        "reference" : "Practitioner/ex-MHV-practitioner-37569"
      },
      "name" : "Example Practitoner 37569",
      "description" : "Muazzam Khan",
      "exampleCanonical" : "https://johnmoehrke.github.io/MHV-PHR/StructureDefinition/VA.MHV.PHR.practitioner"
    },
    {
      "extension" : [{
        "url" : "http://hl7.org/fhir/tools/StructureDefinition/resource-information",
        "valueString" : "Practitioner"
      }],
      "reference" : {
        "reference" : "Practitioner/ex-MHV-practitioner-4262"
      },
      "name" : "Example Practitoner 4262",
      "description" : "Phyllis Mangas",
      "exampleCanonical" : "https://johnmoehrke.github.io/MHV-PHR/StructureDefinition/VA.MHV.PHR.practitioner"
    },
    {
      "extension" : [{
        "url" : "http://hl7.org/fhir/tools/StructureDefinition/resource-information",
        "valueString" : "Practitioner"
      }],
      "reference" : {
        "reference" : "Practitioner/ex-MHV-practitioner-6051"
      },
      "name" : "Example Practitoner 6051",
      "description" : "Phyllis Mangas",
      "exampleCanonical" : "https://johnmoehrke.github.io/MHV-PHR/StructureDefinition/VA.MHV.PHR.practitioner"
    },
    {
      "extension" : [{
        "url" : "http://hl7.org/fhir/tools/StructureDefinition/resource-information",
        "valueString" : "DocumentReference"
      }],
      "reference" : {
        "reference" : "DocumentReference/ex-MHV-imaging-2"
      },
      "name" : "ex-MHV-imaging-2",
      "exampleCanonical" : "https://johnmoehrke.github.io/MHV-PHR/StructureDefinition/VA.MHV.PHR.imaging"
    }],
    "page" : {
      "extension" : [{
        "url" : "http://hl7.org/fhir/StructureDefinition/structuredefinition-standards-status",
        "valueCode" : "informative"
      },
      {
        "url" : "http://hl7.org/fhir/tools/StructureDefinition/ig-page-name",
        "valueUrl" : "toc.html"
      }],
      "nameUrl" : "toc.html",
      "title" : "Table of Contents",
      "generation" : "html",
      "page" : [{
        "extension" : [{
          "url" : "http://hl7.org/fhir/StructureDefinition/structuredefinition-standards-status",
          "valueCode" : "informative"
        },
        {
          "url" : "http://hl7.org/fhir/tools/StructureDefinition/ig-page-name",
          "valueUrl" : "index.html"
        }],
        "nameUrl" : "index.html",
        "title" : "Home Page",
        "generation" : "markdown"
      },
      {
        "extension" : [{
          "url" : "http://hl7.org/fhir/StructureDefinition/structuredefinition-standards-status",
          "valueCode" : "informative"
        },
        {
          "url" : "http://hl7.org/fhir/tools/StructureDefinition/ig-page-name",
          "valueUrl" : "background.html"
        }],
        "nameUrl" : "background.html",
        "title" : "Background",
        "generation" : "markdown"
      },
      {
        "extension" : [{
          "url" : "http://hl7.org/fhir/StructureDefinition/structuredefinition-standards-status",
          "valueCode" : "informative"
        },
        {
          "url" : "http://hl7.org/fhir/tools/StructureDefinition/ig-page-name",
          "valueUrl" : "testplan.html"
        }],
        "nameUrl" : "testplan.html",
        "title" : "Test Plan",
        "generation" : "markdown"
      },
      {
        "extension" : [{
          "url" : "http://hl7.org/fhir/StructureDefinition/structuredefinition-standards-status",
          "valueCode" : "informative"
        },
        {
          "url" : "http://hl7.org/fhir/tools/StructureDefinition/ig-page-name",
          "valueUrl" : "downloads.html"
        }],
        "nameUrl" : "downloads.html",
        "title" : "Downloads",
        "generation" : "markdown"
      }]
    },
    "parameter" : [{
      "code" : "path-resource",
      "value" : "fsh-generated/resources"
    },
    {
      "code" : "path-resource",
      "value" : "input/examples"
    },
    {
      "code" : "path-resource",
      "value" : "input/resources"
    },
    {
      "code" : "path-resource",
      "value" : "input/capabilities"
    },
    {
      "code" : "path-resource",
      "value" : "input/extensions"
    },
    {
      "code" : "path-resource",
      "value" : "input/models"
    },
    {
      "code" : "path-resource",
      "value" : "input/operations"
    },
    {
      "code" : "path-resource",
      "value" : "input/profiles"
    },
    {
      "code" : "path-resource",
      "value" : "input/vocabulary"
    },
    {
      "code" : "path-resource",
      "value" : "input/testing"
    },
    {
      "code" : "path-resource",
      "value" : "input/history"
    },
    {
      "code" : "path-pages",
      "value" : "template/config"
    },
    {
      "code" : "path-pages",
      "value" : "input/images"
    },
    {
      "code" : "path-tx-cache",
      "value" : "input-cache/txcache"
    }]
  }
}