{
  "resourceType" : "ImplementationGuide",
  "id" : "va.mhv.fhir.phr",
  "text" : {
    "status" : "extensions",
    "div" : "<div xmlns=\"http://www.w3.org/1999/xhtml\">Placeholder</div>"
  },
  "extension" : [{
    "url" : "http://hl7.org/fhir/StructureDefinition/structuredefinition-standards-status",
    "valueCode" : "trial-use"
  },
  {
    "url" : "http://hl7.org/fhir/StructureDefinition/structuredefinition-fmm",
    "valueInteger" : 1
  }],
  "url" : "https://department-of-veterans-affairs.github.io/mhv-fhir-phr-mapping/ImplementationGuide/va.mhv.fhir.phr",
  "version" : "0.2.4",
  "name" : "VAMHVFHIRPHR",
  "title" : "MyHealtheVet PHR FHIR API",
  "status" : "active",
  "date" : "2023-09-22T11:03:56-05:00",
  "publisher" : "VA Digital Services",
  "contact" : [{
    "name" : "VA Digital Services",
    "telecom" : [{
      "system" : "url",
      "value" : "http://va.gov"
    }]
  },
  {
    "name" : "John Moehrke (himself)",
    "telecom" : [{
      "system" : "email",
      "value" : "John.Moehrke@va.gov"
    }]
  }],
  "description" : "MyHealtheVet exposing PHR using FHIR and Testing Plan.",
  "jurisdiction" : [{
    "coding" : [{
      "system" : "urn:iso:std:iso:3166",
      "code" : "US"
    }]
  }],
  "packageId" : "va.mhv.fhir.phr",
  "license" : "CC-BY-4.0",
  "fhirVersion" : ["4.0.1"],
  "dependsOn" : [{
    "id" : "hl7tx",
    "extension" : [{
      "url" : "http://hl7.org/fhir/tools/StructureDefinition/implementationguide-dependency-comment",
      "valueMarkdown" : "Automatically added as a dependency - all IGs depend on HL7 Terminology"
    }],
    "uri" : "http://terminology.hl7.org/ImplementationGuide/hl7.terminology",
    "packageId" : "hl7.terminology.r4",
    "version" : "5.3.0"
  },
  {
    "id" : "hl7_fhir_us_core",
    "uri" : "http://fhir.org/packages/hl7.fhir.us.core/ImplementationGuide/hl7.fhir.us.core",
    "packageId" : "hl7.fhir.us.core",
    "version" : "5.0.x"
  },
  {
    "id" : "hl7_fhir_uv_extensions",
    "uri" : "http://fhir.org/packages/hl7.fhir.uv.extensions/ImplementationGuide/hl7.fhir.uv.extensions",
    "packageId" : "hl7.fhir.uv.extensions",
    "version" : "1.0.x"
  }],
  "definition" : {
    "extension" : [{
      "extension" : [{
        "url" : "code",
        "valueString" : "copyrightyear"
      },
      {
        "url" : "value",
        "valueString" : "2022+"
      }],
      "url" : "http://hl7.org/fhir/tools/StructureDefinition/ig-parameter"
    },
    {
      "extension" : [{
        "url" : "code",
        "valueString" : "releaselabel"
      },
      {
        "url" : "value",
        "valueString" : "ci-build"
      }],
      "url" : "http://hl7.org/fhir/tools/StructureDefinition/ig-parameter"
    },
    {
      "extension" : [{
        "url" : "code",
        "valueString" : "show-inherited-invariants"
      },
      {
        "url" : "value",
        "valueString" : "false"
      }],
      "url" : "http://hl7.org/fhir/tools/StructureDefinition/ig-parameter"
    },
    {
      "extension" : [{
        "url" : "code",
        "valueString" : "usage-stats-opt-out"
      },
      {
        "url" : "value",
        "valueString" : "true"
      }],
      "url" : "http://hl7.org/fhir/tools/StructureDefinition/ig-parameter"
    },
    {
      "extension" : [{
        "url" : "code",
        "valueString" : "logging"
      },
      {
        "url" : "value",
        "valueString" : "progress"
      }],
      "url" : "http://hl7.org/fhir/tools/StructureDefinition/ig-parameter"
    },
    {
      "extension" : [{
        "url" : "code",
        "valueString" : "shownav"
      },
      {
        "url" : "value",
        "valueString" : "true"
      }],
      "url" : "http://hl7.org/fhir/tools/StructureDefinition/ig-parameter"
    },
    {
      "extension" : [{
        "url" : "code",
        "valueString" : "active-tables"
      },
      {
        "url" : "value",
        "valueString" : "false"
      }],
      "url" : "http://hl7.org/fhir/tools/StructureDefinition/ig-parameter"
    },
    {
      "extension" : [{
        "url" : "code",
        "valueString" : "apply-contact"
      },
      {
        "url" : "value",
        "valueString" : "true"
      }],
      "url" : "http://hl7.org/fhir/tools/StructureDefinition/ig-parameter"
    },
    {
      "extension" : [{
        "url" : "code",
        "valueString" : "apply-jurisdiction"
      },
      {
        "url" : "value",
        "valueString" : "true"
      }],
      "url" : "http://hl7.org/fhir/tools/StructureDefinition/ig-parameter"
    },
    {
      "extension" : [{
        "url" : "code",
        "valueString" : "apply-publisher"
      },
      {
        "url" : "value",
        "valueString" : "true"
      }],
      "url" : "http://hl7.org/fhir/tools/StructureDefinition/ig-parameter"
    },
    {
      "extension" : [{
        "url" : "code",
        "valueString" : "apply-version"
      },
      {
        "url" : "value",
        "valueString" : "true"
      }],
      "url" : "http://hl7.org/fhir/tools/StructureDefinition/ig-parameter"
    },
    {
      "extension" : [{
        "url" : "code",
        "valueString" : "autoload-resources"
      },
      {
        "url" : "value",
        "valueString" : "true"
      }],
      "url" : "http://hl7.org/fhir/tools/StructureDefinition/ig-parameter"
    },
    {
      "extension" : [{
        "url" : "code",
        "valueString" : "path-output"
      },
      {
        "url" : "value",
        "valueString" : "docs"
      }],
      "url" : "http://hl7.org/fhir/tools/StructureDefinition/ig-parameter"
    },
    {
      "extension" : [{
        "url" : "code",
        "valueString" : "excludettl"
      },
      {
        "url" : "value",
        "valueString" : "true"
      }],
      "url" : "http://hl7.org/fhir/tools/StructureDefinition/ig-parameter"
    },
    {
      "extension" : [{
        "url" : "code",
        "valueString" : "special-url"
      },
      {
        "url" : "value",
        "valueString" : "http://va.gov/systems/99VA95.3"
      }],
      "url" : "http://hl7.org/fhir/tools/StructureDefinition/ig-parameter"
    },
    {
      "extension" : [{
        "url" : "code",
        "valueString" : "special-url"
      },
      {
        "url" : "value",
        "valueString" : "http://va.gov/systems/99VA60"
      }],
      "url" : "http://hl7.org/fhir/tools/StructureDefinition/ig-parameter"
    },
    {
      "extension" : [{
        "url" : "code",
        "valueString" : "special-url"
      },
      {
        "url" : "value",
        "valueString" : "http://va.gov/systems/99VA64"
      }],
      "url" : "http://hl7.org/fhir/tools/StructureDefinition/ig-parameter"
    },
    {
      "extension" : [{
        "url" : "code",
        "valueString" : "special-url"
      },
      {
        "url" : "value",
        "valueString" : "http://va.gov/systems/HL70070"
      }],
      "url" : "http://hl7.org/fhir/tools/StructureDefinition/ig-parameter"
    },
    {
      "extension" : [{
        "url" : "code",
        "valueString" : "special-url"
      },
      {
        "url" : "value",
        "valueString" : "http://va.gov/systems/mpiPID"
      }],
      "url" : "http://hl7.org/fhir/tools/StructureDefinition/ig-parameter"
    },
    {
      "extension" : [{
        "url" : "code",
        "valueString" : "special-url"
      },
      {
        "url" : "value",
        "valueString" : "http://va.gov/systems/localPID"
      }],
      "url" : "http://hl7.org/fhir/tools/StructureDefinition/ig-parameter"
    },
    {
      "extension" : [{
        "url" : "code",
        "valueString" : "special-url"
      },
      {
        "url" : "value",
        "valueString" : "http://va.gov/systems/99VA61"
      }],
      "url" : "http://hl7.org/fhir/tools/StructureDefinition/ig-parameter"
    },
    {
      "extension" : [{
        "url" : "code",
        "valueString" : "path-liquid"
      },
      {
        "url" : "value",
        "valueString" : "template/liquid"
      }],
      "url" : "http://hl7.org/fhir/tools/StructureDefinition/ig-parameter"
    },
    {
      "extension" : [{
        "url" : "code",
        "valueString" : "path-liquid"
      },
      {
        "url" : "value",
        "valueString" : "input/liquid"
      }],
      "url" : "http://hl7.org/fhir/tools/StructureDefinition/ig-parameter"
    },
    {
      "extension" : [{
        "url" : "code",
        "valueString" : "path-qa"
      },
      {
        "url" : "value",
        "valueString" : "temp/qa"
      }],
      "url" : "http://hl7.org/fhir/tools/StructureDefinition/ig-parameter"
    },
    {
      "extension" : [{
        "url" : "code",
        "valueString" : "path-temp"
      },
      {
        "url" : "value",
        "valueString" : "temp/pages"
      }],
      "url" : "http://hl7.org/fhir/tools/StructureDefinition/ig-parameter"
    },
    {
      "extension" : [{
        "url" : "code",
        "valueString" : "path-suppressed-warnings"
      },
      {
        "url" : "value",
        "valueString" : "input/ignoreWarnings.txt"
      }],
      "url" : "http://hl7.org/fhir/tools/StructureDefinition/ig-parameter"
    },
    {
      "extension" : [{
        "url" : "code",
        "valueString" : "path-history"
      },
      {
        "url" : "value",
        "valueString" : "https://department-of-veterans-affairs.github.io/mhv-fhir-phr-mapping/history.html"
      }],
      "url" : "http://hl7.org/fhir/tools/StructureDefinition/ig-parameter"
    },
    {
      "extension" : [{
        "url" : "code",
        "valueString" : "template-html"
      },
      {
        "url" : "value",
        "valueString" : "template-page.html"
      }],
      "url" : "http://hl7.org/fhir/tools/StructureDefinition/ig-parameter"
    },
    {
      "extension" : [{
        "url" : "code",
        "valueString" : "template-md"
      },
      {
        "url" : "value",
        "valueString" : "template-page-md.html"
      }],
      "url" : "http://hl7.org/fhir/tools/StructureDefinition/ig-parameter"
    },
    {
      "extension" : [{
        "url" : "code",
        "valueString" : "apply-context"
      },
      {
        "url" : "value",
        "valueString" : "true"
      }],
      "url" : "http://hl7.org/fhir/tools/StructureDefinition/ig-parameter"
    },
    {
      "extension" : [{
        "url" : "code",
        "valueString" : "apply-copyright"
      },
      {
        "url" : "value",
        "valueString" : "true"
      }],
      "url" : "http://hl7.org/fhir/tools/StructureDefinition/ig-parameter"
    },
    {
      "extension" : [{
        "url" : "code",
        "valueString" : "apply-license"
      },
      {
        "url" : "value",
        "valueString" : "true"
      }],
      "url" : "http://hl7.org/fhir/tools/StructureDefinition/ig-parameter"
    },
    {
      "extension" : [{
        "url" : "code",
        "valueString" : "apply-wg"
      },
      {
        "url" : "value",
        "valueString" : "true"
      }],
      "url" : "http://hl7.org/fhir/tools/StructureDefinition/ig-parameter"
    },
    {
      "extension" : [{
        "url" : "code",
        "valueString" : "fmm-definition"
      },
      {
        "url" : "value",
        "valueString" : "http://hl7.org/fhir/versions.html#maturity"
      }],
      "url" : "http://hl7.org/fhir/tools/StructureDefinition/ig-parameter"
    },
    {
      "extension" : [{
        "url" : "code",
        "valueString" : "propagate-status"
      },
      {
        "url" : "value",
        "valueString" : "true"
      }],
      "url" : "http://hl7.org/fhir/tools/StructureDefinition/ig-parameter"
    },
    {
      "extension" : [{
        "url" : "code",
        "valueString" : "excludelogbinaryformat"
      },
      {
        "url" : "value",
        "valueString" : "true"
      }],
      "url" : "http://hl7.org/fhir/tools/StructureDefinition/ig-parameter"
    },
    {
      "extension" : [{
        "url" : "code",
        "valueString" : "tabbed-snapshots"
      },
      {
        "url" : "value",
        "valueString" : "true"
      }],
      "url" : "http://hl7.org/fhir/tools/StructureDefinition/ig-parameter"
    },
    {
      "url" : "http://hl7.org/fhir/tools/StructureDefinition/ig-internal-dependency",
      "valueCode" : "hl7.fhir.uv.tools#current"
    },
    {
      "extension" : [{
        "url" : "code",
        "valueCode" : "copyrightyear"
      },
      {
        "url" : "value",
        "valueString" : "2022+"
      }],
      "url" : "http://hl7.org/fhir/tools/StructureDefinition/ig-parameter"
    },
    {
      "extension" : [{
        "url" : "code",
        "valueCode" : "releaselabel"
      },
      {
        "url" : "value",
        "valueString" : "ci-build"
      }],
      "url" : "http://hl7.org/fhir/tools/StructureDefinition/ig-parameter"
    },
    {
      "extension" : [{
        "url" : "code",
        "valueCode" : "show-inherited-invariants"
      },
      {
        "url" : "value",
        "valueString" : "false"
      }],
      "url" : "http://hl7.org/fhir/tools/StructureDefinition/ig-parameter"
    },
    {
      "extension" : [{
        "url" : "code",
        "valueCode" : "usage-stats-opt-out"
      },
      {
        "url" : "value",
        "valueString" : "true"
      }],
      "url" : "http://hl7.org/fhir/tools/StructureDefinition/ig-parameter"
    },
    {
      "extension" : [{
        "url" : "code",
        "valueCode" : "logging"
      },
      {
        "url" : "value",
        "valueString" : "progress"
      }],
      "url" : "http://hl7.org/fhir/tools/StructureDefinition/ig-parameter"
    },
    {
      "extension" : [{
        "url" : "code",
        "valueCode" : "shownav"
      },
      {
        "url" : "value",
        "valueString" : "true"
      }],
      "url" : "http://hl7.org/fhir/tools/StructureDefinition/ig-parameter"
    },
    {
      "extension" : [{
        "url" : "code",
        "valueCode" : "active-tables"
      },
      {
        "url" : "value",
        "valueString" : "false"
      }],
      "url" : "http://hl7.org/fhir/tools/StructureDefinition/ig-parameter"
    },
    {
      "extension" : [{
        "url" : "code",
        "valueCode" : "apply-contact"
      },
      {
        "url" : "value",
        "valueString" : "true"
      }],
      "url" : "http://hl7.org/fhir/tools/StructureDefinition/ig-parameter"
    },
    {
      "extension" : [{
        "url" : "code",
        "valueCode" : "apply-jurisdiction"
      },
      {
        "url" : "value",
        "valueString" : "true"
      }],
      "url" : "http://hl7.org/fhir/tools/StructureDefinition/ig-parameter"
    },
    {
      "extension" : [{
        "url" : "code",
        "valueCode" : "apply-publisher"
      },
      {
        "url" : "value",
        "valueString" : "true"
      }],
      "url" : "http://hl7.org/fhir/tools/StructureDefinition/ig-parameter"
    },
    {
      "extension" : [{
        "url" : "code",
        "valueCode" : "apply-version"
      },
      {
        "url" : "value",
        "valueString" : "true"
      }],
      "url" : "http://hl7.org/fhir/tools/StructureDefinition/ig-parameter"
    },
    {
      "extension" : [{
        "url" : "code",
        "valueCode" : "autoload-resources"
      },
      {
        "url" : "value",
        "valueString" : "true"
      }],
      "url" : "http://hl7.org/fhir/tools/StructureDefinition/ig-parameter"
    },
    {
      "extension" : [{
        "url" : "code",
        "valueCode" : "path-output"
      },
      {
        "url" : "value",
        "valueString" : "docs"
      }],
      "url" : "http://hl7.org/fhir/tools/StructureDefinition/ig-parameter"
    },
    {
      "extension" : [{
        "url" : "code",
        "valueCode" : "excludettl"
      },
      {
        "url" : "value",
        "valueString" : "true"
      }],
      "url" : "http://hl7.org/fhir/tools/StructureDefinition/ig-parameter"
    },
    {
      "extension" : [{
        "url" : "code",
        "valueCode" : "special-url"
      },
      {
        "url" : "value",
        "valueString" : "http://va.gov/systems/99VA95.3"
      }],
      "url" : "http://hl7.org/fhir/tools/StructureDefinition/ig-parameter"
    },
    {
      "extension" : [{
        "url" : "code",
        "valueCode" : "special-url"
      },
      {
        "url" : "value",
        "valueString" : "http://va.gov/systems/99VA60"
      }],
      "url" : "http://hl7.org/fhir/tools/StructureDefinition/ig-parameter"
    },
    {
      "extension" : [{
        "url" : "code",
        "valueCode" : "special-url"
      },
      {
        "url" : "value",
        "valueString" : "http://va.gov/systems/99VA64"
      }],
      "url" : "http://hl7.org/fhir/tools/StructureDefinition/ig-parameter"
    },
    {
      "extension" : [{
        "url" : "code",
        "valueCode" : "special-url"
      },
      {
        "url" : "value",
        "valueString" : "http://va.gov/systems/HL70070"
      }],
      "url" : "http://hl7.org/fhir/tools/StructureDefinition/ig-parameter"
    },
    {
      "extension" : [{
        "url" : "code",
        "valueCode" : "special-url"
      },
      {
        "url" : "value",
        "valueString" : "http://va.gov/systems/mpiPID"
      }],
      "url" : "http://hl7.org/fhir/tools/StructureDefinition/ig-parameter"
    },
    {
      "extension" : [{
        "url" : "code",
        "valueCode" : "special-url"
      },
      {
        "url" : "value",
        "valueString" : "http://va.gov/systems/localPID"
      }],
      "url" : "http://hl7.org/fhir/tools/StructureDefinition/ig-parameter"
    },
    {
      "extension" : [{
        "url" : "code",
        "valueCode" : "special-url"
      },
      {
        "url" : "value",
        "valueString" : "http://va.gov/systems/99VA61"
      }],
      "url" : "http://hl7.org/fhir/tools/StructureDefinition/ig-parameter"
    },
    {
      "extension" : [{
        "url" : "code",
        "valueCode" : "path-liquid"
      },
      {
        "url" : "value",
        "valueString" : "template/liquid"
      }],
      "url" : "http://hl7.org/fhir/tools/StructureDefinition/ig-parameter"
    },
    {
      "extension" : [{
        "url" : "code",
        "valueCode" : "path-liquid"
      },
      {
        "url" : "value",
        "valueString" : "input/liquid"
      }],
      "url" : "http://hl7.org/fhir/tools/StructureDefinition/ig-parameter"
    },
    {
      "extension" : [{
        "url" : "code",
        "valueCode" : "path-qa"
      },
      {
        "url" : "value",
        "valueString" : "temp/qa"
      }],
      "url" : "http://hl7.org/fhir/tools/StructureDefinition/ig-parameter"
    },
    {
      "extension" : [{
        "url" : "code",
        "valueCode" : "path-temp"
      },
      {
        "url" : "value",
        "valueString" : "temp/pages"
      }],
      "url" : "http://hl7.org/fhir/tools/StructureDefinition/ig-parameter"
    },
    {
      "extension" : [{
        "url" : "code",
        "valueCode" : "path-suppressed-warnings"
      },
      {
        "url" : "value",
        "valueString" : "input/ignoreWarnings.txt"
      }],
      "url" : "http://hl7.org/fhir/tools/StructureDefinition/ig-parameter"
    },
    {
      "extension" : [{
        "url" : "code",
        "valueCode" : "path-history"
      },
      {
        "url" : "value",
        "valueString" : "https://department-of-veterans-affairs.github.io/mhv-fhir-phr-mapping/history.html"
      }],
      "url" : "http://hl7.org/fhir/tools/StructureDefinition/ig-parameter"
    },
    {
      "extension" : [{
        "url" : "code",
        "valueCode" : "template-html"
      },
      {
        "url" : "value",
        "valueString" : "template-page.html"
      }],
      "url" : "http://hl7.org/fhir/tools/StructureDefinition/ig-parameter"
    },
    {
      "extension" : [{
        "url" : "code",
        "valueCode" : "template-md"
      },
      {
        "url" : "value",
        "valueString" : "template-page-md.html"
      }],
      "url" : "http://hl7.org/fhir/tools/StructureDefinition/ig-parameter"
    },
    {
      "extension" : [{
        "url" : "code",
        "valueCode" : "apply-context"
      },
      {
        "url" : "value",
        "valueString" : "true"
      }],
      "url" : "http://hl7.org/fhir/tools/StructureDefinition/ig-parameter"
    },
    {
      "extension" : [{
        "url" : "code",
        "valueCode" : "apply-copyright"
      },
      {
        "url" : "value",
        "valueString" : "true"
      }],
      "url" : "http://hl7.org/fhir/tools/StructureDefinition/ig-parameter"
    },
    {
      "extension" : [{
        "url" : "code",
        "valueCode" : "apply-license"
      },
      {
        "url" : "value",
        "valueString" : "true"
      }],
      "url" : "http://hl7.org/fhir/tools/StructureDefinition/ig-parameter"
    },
    {
      "extension" : [{
        "url" : "code",
        "valueCode" : "apply-wg"
      },
      {
        "url" : "value",
        "valueString" : "true"
      }],
      "url" : "http://hl7.org/fhir/tools/StructureDefinition/ig-parameter"
    },
    {
      "extension" : [{
        "url" : "code",
        "valueCode" : "fmm-definition"
      },
      {
        "url" : "value",
        "valueString" : "http://hl7.org/fhir/versions.html#maturity"
      }],
      "url" : "http://hl7.org/fhir/tools/StructureDefinition/ig-parameter"
    },
    {
      "extension" : [{
        "url" : "code",
        "valueCode" : "propagate-status"
      },
      {
        "url" : "value",
        "valueString" : "true"
      }],
      "url" : "http://hl7.org/fhir/tools/StructureDefinition/ig-parameter"
    },
    {
      "extension" : [{
        "url" : "code",
        "valueCode" : "excludelogbinaryformat"
      },
      {
        "url" : "value",
        "valueString" : "true"
      }],
      "url" : "http://hl7.org/fhir/tools/StructureDefinition/ig-parameter"
    },
    {
      "extension" : [{
        "url" : "code",
        "valueCode" : "tabbed-snapshots"
      },
      {
        "url" : "value",
        "valueString" : "true"
      }],
      "url" : "http://hl7.org/fhir/tools/StructureDefinition/ig-parameter"
    }],
    "resource" : [{
      "extension" : [{
        "url" : "http://hl7.org/fhir/tools/StructureDefinition/resource-information",
        "valueString" : "StructureDefinition:extension"
      }],
      "reference" : {
        "reference" : "StructureDefinition/allergyObservedHistoric"
      },
      "name" : "Allergy Observed vs Historic",
      "description" : "Maps to Vista 120.8 (Allergy) - (6) OBSERVED/HISTORICAL\n'o' FOR OBSERVED;\n'h' FOR HISTORICAL;\nLAST EDITED:  DEC 07, 1990\nDESCRIPTION:  \nIndicates whether this allergy/adverse reaction has been observed by some personnel, or if it is historical data gathered about the patient.\nRECORD INDEXES:  AHDR (#482)",
      "exampleBoolean" : false
    },
    {
      "extension" : [{
        "url" : "http://hl7.org/fhir/tools/StructureDefinition/resource-information",
        "valueString" : "CodeSystem"
      }],
      "reference" : {
        "reference" : "CodeSystem/AllergyObservedHistoricCS"
      },
      "name" : "Allergy Observed vs Historic CodeSystem",
      "description" : "The codes for Allergy Observed vs Historic",
      "exampleBoolean" : false
    },
    {
      "extension" : [{
        "url" : "http://hl7.org/fhir/tools/StructureDefinition/resource-information",
        "valueString" : "ValueSet"
      }],
      "reference" : {
        "reference" : "ValueSet/AllergyObservedHistoricVS"
      },
      "name" : "Allergy Observed vs Historic ValueSet",
      "description" : "The codes for Allergy Observed vs Historic",
      "exampleBoolean" : false
    },
    {
      "extension" : [{
        "url" : "http://hl7.org/fhir/tools/StructureDefinition/resource-information",
        "valueString" : "Bundle"
      }],
      "reference" : {
        "reference" : "Bundle/images"
      },
      "name" : "Bundle of Radiology results from mock data",
      "description" : "An example of a transaction Bundle with many image reports as DocumentReference. This was [transformed using the included XSLT](StructureDefinition-VA.MHV.PHR.imaging.html#notes) from the [mock sample SOAP message](https://github.com/department-of-veterans-affairs/mhv-fhir-phr-mapping/blob/main/mocks/radiology.xml) MHV receives.",
      "exampleBoolean" : true
    },
    {
      "extension" : [{
        "url" : "http://hl7.org/fhir/tools/StructureDefinition/resource-information",
        "valueString" : "Bundle"
      }],
      "reference" : {
        "reference" : "Bundle/vitals"
      },
      "name" : "Bundle of Vitals from mock data",
      "description" : "An example of a transaction Bundle with many vitals reports as Observation This was [transformed using the included XSLT](StructureDefinition-VA.MHV.PHR.vitals.html#notes) from the [mock sample SOAP message](https://github.com/department-of-veterans-affairs/mhv-fhir-phr-mapping/blob/main/mocks/vitals.xml) MHV receives.",
      "exampleBoolean" : true
    },
    {
      "extension" : [{
        "url" : "http://hl7.org/fhir/tools/StructureDefinition/resource-information",
        "valueString" : "DocumentReference"
      }],
      "reference" : {
        "reference" : "DocumentReference/ex-MHV-ecg-0"
      },
      "name" : "Example 0 of a MHV ECG",
      "description" : "Derived from the a mock ClinicalProcedureTO:",
      "exampleCanonical" : "https://department-of-veterans-affairs.github.io/mhv-fhir-phr-mapping/StructureDefinition/VA.MHV.PHR.ecg"
    },
    {
      "extension" : [{
        "url" : "http://hl7.org/fhir/tools/StructureDefinition/resource-information",
        "valueString" : "DocumentReference"
      }],
      "reference" : {
        "reference" : "DocumentReference/ex-MHV-imaging-0"
      },
      "name" : "Example 0 of a MHV Radiology (Imaging Exam)",
      "description" : "Derived from the a mock ImagingExamTO:",
      "exampleCanonical" : "https://department-of-veterans-affairs.github.io/mhv-fhir-phr-mapping/StructureDefinition/VA.MHV.PHR.imaging"
    },
    {
      "extension" : [{
        "url" : "http://hl7.org/fhir/tools/StructureDefinition/resource-information",
        "valueString" : "DocumentReference"
      }],
      "reference" : {
        "reference" : "DocumentReference/ex-MHV-ecg-1"
      },
      "name" : "Example 1 of a MHV ECG",
      "description" : "Derived from the a mock ClinicalProcedureTO:",
      "exampleCanonical" : "https://department-of-veterans-affairs.github.io/mhv-fhir-phr-mapping/StructureDefinition/VA.MHV.PHR.ecg"
    },
    {
      "extension" : [{
        "url" : "http://hl7.org/fhir/tools/StructureDefinition/resource-information",
        "valueString" : "DocumentReference"
      }],
      "reference" : {
        "reference" : "DocumentReference/ex-MHV-note-1"
      },
      "name" : "Example 1 of a MHV Note",
      "description" : "Derived from the a mock NoteTO:",
      "exampleCanonical" : "https://department-of-veterans-affairs.github.io/mhv-fhir-phr-mapping/StructureDefinition/VA.MHV.PHR.note"
    },
    {
      "extension" : [{
        "url" : "http://hl7.org/fhir/tools/StructureDefinition/resource-information",
        "valueString" : "AllergyIntolerance"
      }],
      "reference" : {
        "reference" : "AllergyIntolerance/ex-MHV-allergy-1"
      },
      "name" : "Example 1 of an MHV allergy or intolerance",
      "description" : "IntoleranceCondition record identity 53495 from a mock ProblemTO",
      "exampleCanonical" : "https://department-of-veterans-affairs.github.io/mhv-fhir-phr-mapping/StructureDefinition/VA.MHV.PHR.allergyIntolerance"
    },
    {
      "extension" : [{
        "url" : "http://hl7.org/fhir/tools/StructureDefinition/resource-information",
        "valueString" : "DiagnosticReport"
      }],
      "reference" : {
        "reference" : "DiagnosticReport/ex-MHV-chReport-1"
      },
      "name" : "Example 1 of an MHV chReport",
      "description" : "Example from a mock labTestPromises (1110200002)",
      "exampleCanonical" : "https://department-of-veterans-affairs.github.io/mhv-fhir-phr-mapping/StructureDefinition/VA.MHV.PHR.chReport"
    },
    {
      "extension" : [{
        "url" : "http://hl7.org/fhir/tools/StructureDefinition/resource-information",
        "valueString" : "Condition"
      }],
      "reference" : {
        "reference" : "Condition/ex-MHV-condition-1"
      },
      "name" : "Example 1 of an MHV condition",
      "description" : "Example from a mock ProblemTO",
      "exampleCanonical" : "https://department-of-veterans-affairs.github.io/mhv-fhir-phr-mapping/StructureDefinition/VA.MHV.PHR.condition"
    },
    {
      "extension" : [{
        "url" : "http://hl7.org/fhir/tools/StructureDefinition/resource-information",
        "valueString" : "Immunization"
      }],
      "reference" : {
        "reference" : "Immunization/ex-MHV-immunization-1"
      },
      "name" : "Example 1 of an MHV immunization",
      "description" : "Example from a mock ImmunizationTO",
      "exampleCanonical" : "https://department-of-veterans-affairs.github.io/mhv-fhir-phr-mapping/StructureDefinition/VA.MHV.PHR.immunization"
    },
    {
      "extension" : [{
        "url" : "http://hl7.org/fhir/tools/StructureDefinition/resource-information",
        "valueString" : "DiagnosticReport"
      }],
      "reference" : {
        "reference" : "DiagnosticReport/ex-MHV-labReport-1"
      },
      "name" : "Example 1 of an MHV labReport",
      "description" : "Example from a mock labReportTO",
      "exampleCanonical" : "https://department-of-veterans-affairs.github.io/mhv-fhir-phr-mapping/StructureDefinition/VA.MHV.PHR.labReport"
    },
    {
      "extension" : [{
        "url" : "http://hl7.org/fhir/tools/StructureDefinition/resource-information",
        "valueString" : "Observation"
      }],
      "reference" : {
        "reference" : "Observation/ex-MHV-vitals-1"
      },
      "name" : "Example 1 of an MHV vital-sign",
      "description" : "Example from a mock VitalSignTO",
      "exampleCanonical" : "https://department-of-veterans-affairs.github.io/mhv-fhir-phr-mapping/StructureDefinition/VA.MHV.PHR.vitalsBP"
    },
    {
      "extension" : [{
        "url" : "http://hl7.org/fhir/tools/StructureDefinition/resource-information",
        "valueString" : "AllergyIntolerance"
      }],
      "reference" : {
        "reference" : "AllergyIntolerance/ex-MHV-allergy-10"
      },
      "name" : "Example 10 of an MHV allergy or intolerance",
      "description" : "IntoleranceCondition record identity 69075 from a mock ProblemTO",
      "exampleCanonical" : "https://department-of-veterans-affairs.github.io/mhv-fhir-phr-mapping/StructureDefinition/VA.MHV.PHR.allergyIntolerance"
    },
    {
      "extension" : [{
        "url" : "http://hl7.org/fhir/tools/StructureDefinition/resource-information",
        "valueString" : "Condition"
      }],
      "reference" : {
        "reference" : "Condition/ex-MHV-condition-10"
      },
      "name" : "Example 10 of an MHV condition",
      "description" : "Example from a mock ProblemTO",
      "exampleCanonical" : "https://department-of-veterans-affairs.github.io/mhv-fhir-phr-mapping/StructureDefinition/VA.MHV.PHR.condition"
    },
    {
      "extension" : [{
        "url" : "http://hl7.org/fhir/tools/StructureDefinition/resource-information",
        "valueString" : "AllergyIntolerance"
      }],
      "reference" : {
        "reference" : "AllergyIntolerance/ex-MHV-allergy-11"
      },
      "name" : "Example 11 of an MHV allergy or intolerance",
      "description" : "IntoleranceCondition record identity 69092 from a mock ProblemTO",
      "exampleCanonical" : "https://department-of-veterans-affairs.github.io/mhv-fhir-phr-mapping/StructureDefinition/VA.MHV.PHR.allergyIntolerance"
    },
    {
      "extension" : [{
        "url" : "http://hl7.org/fhir/tools/StructureDefinition/resource-information",
        "valueString" : "Condition"
      }],
      "reference" : {
        "reference" : "Condition/ex-MHV-condition-11"
      },
      "name" : "Example 11 of an MHV condition",
      "description" : "Example from a mock ProblemTO",
      "exampleCanonical" : "https://department-of-veterans-affairs.github.io/mhv-fhir-phr-mapping/StructureDefinition/VA.MHV.PHR.condition"
    },
    {
      "extension" : [{
        "url" : "http://hl7.org/fhir/tools/StructureDefinition/resource-information",
        "valueString" : "DiagnosticReport"
      }],
      "reference" : {
        "reference" : "DiagnosticReport/ex-MHV-chReport-1103030001"
      },
      "name" : "Example 1103030001 of an MHV chReport",
      "description" : "Example from a mock labTestPromises (1103030001)",
      "exampleCanonical" : "https://department-of-veterans-affairs.github.io/mhv-fhir-phr-mapping/StructureDefinition/VA.MHV.PHR.chReport"
    },
    {
      "extension" : [{
        "url" : "http://hl7.org/fhir/tools/StructureDefinition/resource-information",
        "valueString" : "DiagnosticReport"
      }],
      "reference" : {
        "reference" : "DiagnosticReport/ex-MHV-chReport-1103030002"
      },
      "name" : "Example 1103030002 of an MHV chReport",
      "description" : "Example from a mock labTestPromises (1103030002)",
      "exampleCanonical" : "https://department-of-veterans-affairs.github.io/mhv-fhir-phr-mapping/StructureDefinition/VA.MHV.PHR.chReport"
    },
    {
      "extension" : [{
        "url" : "http://hl7.org/fhir/tools/StructureDefinition/resource-information",
        "valueString" : "DiagnosticReport"
      }],
      "reference" : {
        "reference" : "DiagnosticReport/ex-MHV-chReport-1190370002"
      },
      "name" : "Example 1190370002 of an MHV chReport",
      "description" : "Example from a mock labTestPromises (1190370002)",
      "exampleCanonical" : "https://department-of-veterans-affairs.github.io/mhv-fhir-phr-mapping/StructureDefinition/VA.MHV.PHR.chReport"
    },
    {
      "extension" : [{
        "url" : "http://hl7.org/fhir/tools/StructureDefinition/resource-information",
        "valueString" : "DiagnosticReport"
      }],
      "reference" : {
        "reference" : "DiagnosticReport/ex-MHV-chReport-1190530001"
      },
      "name" : "Example 1190530001 of an MHV chReport",
      "description" : "Example from a mock labTestPromises (1190530001)",
      "exampleCanonical" : "https://department-of-veterans-affairs.github.io/mhv-fhir-phr-mapping/StructureDefinition/VA.MHV.PHR.chReport"
    },
    {
      "extension" : [{
        "url" : "http://hl7.org/fhir/tools/StructureDefinition/resource-information",
        "valueString" : "DiagnosticReport"
      }],
      "reference" : {
        "reference" : "DiagnosticReport/ex-MHV-chReport-1190530002"
      },
      "name" : "Example 1190530002 of an MHV chReport",
      "description" : "Example from a mock labTestPromises (1190530002)",
      "exampleCanonical" : "https://department-of-veterans-affairs.github.io/mhv-fhir-phr-mapping/StructureDefinition/VA.MHV.PHR.chReport"
    },
    {
      "extension" : [{
        "url" : "http://hl7.org/fhir/tools/StructureDefinition/resource-information",
        "valueString" : "DiagnosticReport"
      }],
      "reference" : {
        "reference" : "DiagnosticReport/ex-MHV-chReport-1190740001"
      },
      "name" : "Example 1190740001 of an MHV chReport",
      "description" : "Example from a mock labTestPromises (1190740001)",
      "exampleCanonical" : "https://department-of-veterans-affairs.github.io/mhv-fhir-phr-mapping/StructureDefinition/VA.MHV.PHR.chReport"
    },
    {
      "extension" : [{
        "url" : "http://hl7.org/fhir/tools/StructureDefinition/resource-information",
        "valueString" : "AllergyIntolerance"
      }],
      "reference" : {
        "reference" : "AllergyIntolerance/ex-MHV-allergy-12"
      },
      "name" : "Example 12 of an MHV allergy or intolerance",
      "description" : "IntoleranceCondition record identity 69093 from a mock ProblemTO",
      "exampleCanonical" : "https://department-of-veterans-affairs.github.io/mhv-fhir-phr-mapping/StructureDefinition/VA.MHV.PHR.allergyIntolerance"
    },
    {
      "extension" : [{
        "url" : "http://hl7.org/fhir/tools/StructureDefinition/resource-information",
        "valueString" : "AllergyIntolerance"
      }],
      "reference" : {
        "reference" : "AllergyIntolerance/ex-MHV-allergy-13"
      },
      "name" : "Example 13 of an MHV allergy or intolerance",
      "description" : "IntoleranceCondition record identity 69123 from a mock ProblemTO",
      "exampleCanonical" : "https://department-of-veterans-affairs.github.io/mhv-fhir-phr-mapping/StructureDefinition/VA.MHV.PHR.allergyIntolerance"
    },
    {
      "extension" : [{
        "url" : "http://hl7.org/fhir/tools/StructureDefinition/resource-information",
        "valueString" : "AllergyIntolerance"
      }],
      "reference" : {
        "reference" : "AllergyIntolerance/ex-MHV-allergy-14"
      },
      "name" : "Example 14 of an MHV allergy or intolerance",
      "description" : "IntoleranceCondition record identity 69124 from a mock ProblemTO",
      "exampleCanonical" : "https://department-of-veterans-affairs.github.io/mhv-fhir-phr-mapping/StructureDefinition/VA.MHV.PHR.allergyIntolerance"
    },
    {
      "extension" : [{
        "url" : "http://hl7.org/fhir/tools/StructureDefinition/resource-information",
        "valueString" : "AllergyIntolerance"
      }],
      "reference" : {
        "reference" : "AllergyIntolerance/ex-MHV-allergy-15"
      },
      "name" : "Example 15 of an MHV allergy or intolerance",
      "description" : "IntoleranceCondition record identity 69129 from a mock ProblemTO",
      "exampleCanonical" : "https://department-of-veterans-affairs.github.io/mhv-fhir-phr-mapping/StructureDefinition/VA.MHV.PHR.allergyIntolerance"
    },
    {
      "extension" : [{
        "url" : "http://hl7.org/fhir/tools/StructureDefinition/resource-information",
        "valueString" : "DocumentReference"
      }],
      "reference" : {
        "reference" : "DocumentReference/ex-MHV-ecg-2"
      },
      "name" : "Example 2 of a MHV ECG",
      "description" : "Derived from the a mock ClinicalProcedureTO:",
      "exampleCanonical" : "https://department-of-veterans-affairs.github.io/mhv-fhir-phr-mapping/StructureDefinition/VA.MHV.PHR.ecg"
    },
    {
      "extension" : [{
        "url" : "http://hl7.org/fhir/tools/StructureDefinition/resource-information",
        "valueString" : "AllergyIntolerance"
      }],
      "reference" : {
        "reference" : "AllergyIntolerance/ex-MHV-allergy-2"
      },
      "name" : "Example 2 of an MHV allergy or intolerance",
      "description" : "IntoleranceCondition record identity 67933 from a mock ProblemTO",
      "exampleCanonical" : "https://department-of-veterans-affairs.github.io/mhv-fhir-phr-mapping/StructureDefinition/VA.MHV.PHR.allergyIntolerance"
    },
    {
      "extension" : [{
        "url" : "http://hl7.org/fhir/tools/StructureDefinition/resource-information",
        "valueString" : "Condition"
      }],
      "reference" : {
        "reference" : "Condition/ex-MHV-condition-2"
      },
      "name" : "Example 2 of an MHV condition",
      "description" : "Example from a mock ProblemTO",
      "exampleCanonical" : "https://department-of-veterans-affairs.github.io/mhv-fhir-phr-mapping/StructureDefinition/VA.MHV.PHR.condition"
    },
    {
      "extension" : [{
        "url" : "http://hl7.org/fhir/tools/StructureDefinition/resource-information",
        "valueString" : "Immunization"
      }],
      "reference" : {
        "reference" : "Immunization/ex-MHV-immunization-2"
      },
      "name" : "Example 2 of an MHV immunization",
      "description" : "Example from a mock ImmunizationTO",
      "exampleCanonical" : "https://department-of-veterans-affairs.github.io/mhv-fhir-phr-mapping/StructureDefinition/VA.MHV.PHR.immunization"
    },
    {
      "extension" : [{
        "url" : "http://hl7.org/fhir/tools/StructureDefinition/resource-information",
        "valueString" : "DiagnosticReport"
      }],
      "reference" : {
        "reference" : "DiagnosticReport/ex-MHV-labReport-2"
      },
      "name" : "Example 2 of an MHV labReport",
      "description" : "Example from a mock labReportTO",
      "exampleCanonical" : "https://department-of-veterans-affairs.github.io/mhv-fhir-phr-mapping/StructureDefinition/VA.MHV.PHR.labReport"
    },
    {
      "extension" : [{
        "url" : "http://hl7.org/fhir/tools/StructureDefinition/resource-information",
        "valueString" : "DocumentReference"
      }],
      "reference" : {
        "reference" : "DocumentReference/ex-MHV-ecg-3"
      },
      "name" : "Example 3 of a MHV ECG",
      "description" : "Derived from the a mock ClinicalProcedureTO:",
      "exampleCanonical" : "https://department-of-veterans-affairs.github.io/mhv-fhir-phr-mapping/StructureDefinition/VA.MHV.PHR.ecg"
    },
    {
      "extension" : [{
        "url" : "http://hl7.org/fhir/tools/StructureDefinition/resource-information",
        "valueString" : "AllergyIntolerance"
      }],
      "reference" : {
        "reference" : "AllergyIntolerance/ex-MHV-allergy-3"
      },
      "name" : "Example 3 of an MHV allergy or intolerance",
      "description" : "IntoleranceCondition record identity 67934 from a mock ProblemTO",
      "exampleCanonical" : "https://department-of-veterans-affairs.github.io/mhv-fhir-phr-mapping/StructureDefinition/VA.MHV.PHR.allergyIntolerance"
    },
    {
      "extension" : [{
        "url" : "http://hl7.org/fhir/tools/StructureDefinition/resource-information",
        "valueString" : "Condition"
      }],
      "reference" : {
        "reference" : "Condition/ex-MHV-condition-3"
      },
      "name" : "Example 3 of an MHV condition",
      "description" : "Example from a mock ProblemTO",
      "exampleCanonical" : "https://department-of-veterans-affairs.github.io/mhv-fhir-phr-mapping/StructureDefinition/VA.MHV.PHR.condition"
    },
    {
      "extension" : [{
        "url" : "http://hl7.org/fhir/tools/StructureDefinition/resource-information",
        "valueString" : "DiagnosticReport"
      }],
      "reference" : {
        "reference" : "DiagnosticReport/ex-MHV-labReport-3"
      },
      "name" : "Example 3 of an MHV labReport",
      "description" : "Example from a mock labReportTO",
      "exampleCanonical" : "https://department-of-veterans-affairs.github.io/mhv-fhir-phr-mapping/StructureDefinition/VA.MHV.PHR.labReport"
    },
    {
      "extension" : [{
        "url" : "http://hl7.org/fhir/tools/StructureDefinition/resource-information",
        "valueString" : "DocumentReference"
      }],
      "reference" : {
        "reference" : "DocumentReference/ex-MHV-ecg-4"
      },
      "name" : "Example 4 of a MHV ECG",
      "description" : "Derived from the a mock ClinicalProcedureTO:",
      "exampleCanonical" : "https://department-of-veterans-affairs.github.io/mhv-fhir-phr-mapping/StructureDefinition/VA.MHV.PHR.ecg"
    },
    {
      "extension" : [{
        "url" : "http://hl7.org/fhir/tools/StructureDefinition/resource-information",
        "valueString" : "DocumentReference"
      }],
      "reference" : {
        "reference" : "DocumentReference/ex-MHV-note-4"
      },
      "name" : "Example 4 of a MHV Note",
      "description" : "Derived from the a mock NoteTO:\n\nNote dropped cosigner",
      "exampleCanonical" : "https://department-of-veterans-affairs.github.io/mhv-fhir-phr-mapping/StructureDefinition/VA.MHV.PHR.note"
    },
    {
      "extension" : [{
        "url" : "http://hl7.org/fhir/tools/StructureDefinition/resource-information",
        "valueString" : "AllergyIntolerance"
      }],
      "reference" : {
        "reference" : "AllergyIntolerance/ex-MHV-allergy-4"
      },
      "name" : "Example 4 of an MHV allergy or intolerance",
      "description" : "IntoleranceCondition record identity 69066 from a mock ProblemTO",
      "exampleCanonical" : "https://department-of-veterans-affairs.github.io/mhv-fhir-phr-mapping/StructureDefinition/VA.MHV.PHR.allergyIntolerance"
    },
    {
      "extension" : [{
        "url" : "http://hl7.org/fhir/tools/StructureDefinition/resource-information",
        "valueString" : "Condition"
      }],
      "reference" : {
        "reference" : "Condition/ex-MHV-condition-4"
      },
      "name" : "Example 4 of an MHV condition",
      "description" : "Example from a mock ProblemTO",
      "exampleCanonical" : "https://department-of-veterans-affairs.github.io/mhv-fhir-phr-mapping/StructureDefinition/VA.MHV.PHR.condition"
    },
    {
      "extension" : [{
        "url" : "http://hl7.org/fhir/tools/StructureDefinition/resource-information",
        "valueString" : "DiagnosticReport"
      }],
      "reference" : {
        "reference" : "DiagnosticReport/ex-MHV-labReport-4"
      },
      "name" : "Example 4 of an MHV labReport",
      "description" : "Example from a mock labReportTO",
      "exampleCanonical" : "https://department-of-veterans-affairs.github.io/mhv-fhir-phr-mapping/StructureDefinition/VA.MHV.PHR.labReport"
    },
    {
      "extension" : [{
        "url" : "http://hl7.org/fhir/tools/StructureDefinition/resource-information",
        "valueString" : "DocumentReference"
      }],
      "reference" : {
        "reference" : "DocumentReference/ex-MHV-ecg-5"
      },
      "name" : "Example 5 of a MHV ECG",
      "description" : "Derived from the a mock ClinicalProcedureTO:",
      "exampleCanonical" : "https://department-of-veterans-affairs.github.io/mhv-fhir-phr-mapping/StructureDefinition/VA.MHV.PHR.ecg"
    },
    {
      "extension" : [{
        "url" : "http://hl7.org/fhir/tools/StructureDefinition/resource-information",
        "valueString" : "AllergyIntolerance"
      }],
      "reference" : {
        "reference" : "AllergyIntolerance/ex-MHV-allergy-5"
      },
      "name" : "Example 5 of an MHV allergy or intolerance",
      "description" : "IntoleranceCondition record identity 69067 from a mock ProblemTO",
      "exampleCanonical" : "https://department-of-veterans-affairs.github.io/mhv-fhir-phr-mapping/StructureDefinition/VA.MHV.PHR.allergyIntolerance"
    },
    {
      "extension" : [{
        "url" : "http://hl7.org/fhir/tools/StructureDefinition/resource-information",
        "valueString" : "Condition"
      }],
      "reference" : {
        "reference" : "Condition/ex-MHV-condition-5"
      },
      "name" : "Example 5 of an MHV condition",
      "description" : "Example from a mock ProblemTO",
      "exampleCanonical" : "https://department-of-veterans-affairs.github.io/mhv-fhir-phr-mapping/StructureDefinition/VA.MHV.PHR.condition"
    },
    {
      "extension" : [{
        "url" : "http://hl7.org/fhir/tools/StructureDefinition/resource-information",
        "valueString" : "DiagnosticReport"
      }],
      "reference" : {
        "reference" : "DiagnosticReport/ex-MHV-labReport-5"
      },
      "name" : "Example 5 of an MHV labReport",
      "description" : "Example from a mock labReportTO",
      "exampleCanonical" : "https://department-of-veterans-affairs.github.io/mhv-fhir-phr-mapping/StructureDefinition/VA.MHV.PHR.labReport"
    },
    {
      "extension" : [{
        "url" : "http://hl7.org/fhir/tools/StructureDefinition/resource-information",
        "valueString" : "AllergyIntolerance"
      }],
      "reference" : {
        "reference" : "AllergyIntolerance/ex-MHV-allergy-6"
      },
      "name" : "Example 6 of an MHV allergy or intolerance",
      "description" : "IntoleranceCondition record identity 69071 from a mock ProblemTO",
      "exampleCanonical" : "https://department-of-veterans-affairs.github.io/mhv-fhir-phr-mapping/StructureDefinition/VA.MHV.PHR.allergyIntolerance"
    },
    {
      "extension" : [{
        "url" : "http://hl7.org/fhir/tools/StructureDefinition/resource-information",
        "valueString" : "Condition"
      }],
      "reference" : {
        "reference" : "Condition/ex-MHV-condition-6"
      },
      "name" : "Example 6 of an MHV condition",
      "description" : "Example from a mock ProblemTO",
      "exampleCanonical" : "https://department-of-veterans-affairs.github.io/mhv-fhir-phr-mapping/StructureDefinition/VA.MHV.PHR.condition"
    },
    {
      "extension" : [{
        "url" : "http://hl7.org/fhir/tools/StructureDefinition/resource-information",
        "valueString" : "DiagnosticReport"
      }],
      "reference" : {
        "reference" : "DiagnosticReport/ex-MHV-labReport-6"
      },
      "name" : "Example 6 of an MHV labReport",
      "description" : "Example from a mock labReportTO",
      "exampleCanonical" : "https://department-of-veterans-affairs.github.io/mhv-fhir-phr-mapping/StructureDefinition/VA.MHV.PHR.labReport"
    },
    {
      "extension" : [{
        "url" : "http://hl7.org/fhir/tools/StructureDefinition/resource-information",
        "valueString" : "AllergyIntolerance"
      }],
      "reference" : {
        "reference" : "AllergyIntolerance/ex-MHV-allergy-7"
      },
      "name" : "Example 7 of an MHV allergy or intolerance",
      "description" : "IntoleranceCondition record identity 69072 from a mock ProblemTO",
      "exampleCanonical" : "https://department-of-veterans-affairs.github.io/mhv-fhir-phr-mapping/StructureDefinition/VA.MHV.PHR.allergyIntolerance"
    },
    {
      "extension" : [{
        "url" : "http://hl7.org/fhir/tools/StructureDefinition/resource-information",
        "valueString" : "Condition"
      }],
      "reference" : {
        "reference" : "Condition/ex-MHV-condition-7"
      },
      "name" : "Example 7 of an MHV condition",
      "description" : "Example from a mock ProblemTO",
      "exampleCanonical" : "https://department-of-veterans-affairs.github.io/mhv-fhir-phr-mapping/StructureDefinition/VA.MHV.PHR.condition"
    },
    {
      "extension" : [{
        "url" : "http://hl7.org/fhir/tools/StructureDefinition/resource-information",
        "valueString" : "DiagnosticReport"
      }],
      "reference" : {
        "reference" : "DiagnosticReport/ex-MHV-labReport-7"
      },
      "name" : "Example 7 of an MHV labReport",
      "description" : "Example from a mock labReportTO",
      "exampleCanonical" : "https://department-of-veterans-affairs.github.io/mhv-fhir-phr-mapping/StructureDefinition/VA.MHV.PHR.labReport"
    },
    {
      "extension" : [{
        "url" : "http://hl7.org/fhir/tools/StructureDefinition/resource-information",
        "valueString" : "AllergyIntolerance"
      }],
      "reference" : {
        "reference" : "AllergyIntolerance/ex-MHV-allergy-8"
      },
      "name" : "Example 8 of an MHV allergy or intolerance",
      "description" : "IntoleranceCondition record identity 69073 from a mock ProblemTO",
      "exampleCanonical" : "https://department-of-veterans-affairs.github.io/mhv-fhir-phr-mapping/StructureDefinition/VA.MHV.PHR.allergyIntolerance"
    },
    {
      "extension" : [{
        "url" : "http://hl7.org/fhir/tools/StructureDefinition/resource-information",
        "valueString" : "Condition"
      }],
      "reference" : {
        "reference" : "Condition/ex-MHV-condition-8"
      },
      "name" : "Example 8 of an MHV condition",
      "description" : "Example from a mock ProblemTO",
      "exampleCanonical" : "https://department-of-veterans-affairs.github.io/mhv-fhir-phr-mapping/StructureDefinition/VA.MHV.PHR.condition"
    },
    {
      "extension" : [{
        "url" : "http://hl7.org/fhir/tools/StructureDefinition/resource-information",
        "valueString" : "DiagnosticReport"
      }],
      "reference" : {
        "reference" : "DiagnosticReport/ex-MHV-labReport-8"
      },
      "name" : "Example 8 of an MHV labReport",
      "description" : "Example from a mock labReportTO",
      "exampleCanonical" : "https://department-of-veterans-affairs.github.io/mhv-fhir-phr-mapping/StructureDefinition/VA.MHV.PHR.labReport"
    },
    {
      "extension" : [{
        "url" : "http://hl7.org/fhir/tools/StructureDefinition/resource-information",
        "valueString" : "AllergyIntolerance"
      }],
      "reference" : {
        "reference" : "AllergyIntolerance/ex-MHV-allergy-9"
      },
      "name" : "Example 9 of an MHV allergy or intolerance",
      "description" : "IntoleranceCondition record identity 69074 from a mock ProblemTO",
      "exampleCanonical" : "https://department-of-veterans-affairs.github.io/mhv-fhir-phr-mapping/StructureDefinition/VA.MHV.PHR.allergyIntolerance"
    },
    {
      "extension" : [{
        "url" : "http://hl7.org/fhir/tools/StructureDefinition/resource-information",
        "valueString" : "Condition"
      }],
      "reference" : {
        "reference" : "Condition/ex-MHV-condition-9"
      },
      "name" : "Example 9 of an MHV condition",
      "description" : "Example from a mock ProblemTO",
      "exampleCanonical" : "https://department-of-veterans-affairs.github.io/mhv-fhir-phr-mapping/StructureDefinition/VA.MHV.PHR.condition"
    },
    {
      "extension" : [{
        "url" : "http://hl7.org/fhir/tools/StructureDefinition/resource-information",
        "valueString" : "Patient"
      }],
      "reference" : {
        "reference" : "Patient/ex-MHV-patient-1"
      },
      "name" : "Example DAYSHR from PatientTO",
      "description" : "This example is derived off of a mock PatientTO",
      "exampleCanonical" : "https://department-of-veterans-affairs.github.io/mhv-fhir-phr-mapping/StructureDefinition/VA.MHV.PHR.patient"
    },
    {
      "extension" : [{
        "url" : "http://hl7.org/fhir/tools/StructureDefinition/resource-information",
        "valueString" : "Patient"
      }],
      "reference" : {
        "reference" : "Patient/ex-VIA-patient-0"
      },
      "name" : "Example MHVLISAONE from PatientTO",
      "description" : "This example is derived off of a mock PatientTO. It shows where everything that could be in a VIA PatientTO could go. This is not an example of what MHV will populate the Patient like.",
      "exampleBoolean" : true
    },
    {
      "extension" : [{
        "url" : "http://hl7.org/fhir/tools/StructureDefinition/resource-information",
        "valueString" : "Observation"
      }],
      "reference" : {
        "reference" : "Observation/ex-MHV-pain-1"
      },
      "name" : "Example of a MHV pain R4 observation of 10",
      "description" : "holding typical values",
      "exampleCanonical" : "https://department-of-veterans-affairs.github.io/mhv-fhir-phr-mapping/StructureDefinition/VA.MHV.PHR.vitalsPain"
    },
    {
      "extension" : [{
        "url" : "http://hl7.org/fhir/tools/StructureDefinition/resource-information",
        "valueString" : "Observation"
      }],
      "reference" : {
        "reference" : "Observation/ex-MHV-heartRate-1"
      },
      "name" : "Example of an MHV heartRate R4 observation",
      "description" : "Heart Rate holding typical values",
      "exampleCanonical" : "https://department-of-veterans-affairs.github.io/mhv-fhir-phr-mapping/StructureDefinition/VA.MHV.PHR.vitals"
    },
    {
      "extension" : [{
        "url" : "http://hl7.org/fhir/tools/StructureDefinition/resource-information",
        "valueString" : "Patient"
      }],
      "reference" : {
        "reference" : "Patient/ex-MHV-patient-0"
      },
      "name" : "Example of MHV MHVLISAONE",
      "description" : "Only values from eVault",
      "exampleCanonical" : "https://department-of-veterans-affairs.github.io/mhv-fhir-phr-mapping/StructureDefinition/VA.MHV.PHR.patient"
    },
    {
      "extension" : [{
        "url" : "http://hl7.org/fhir/tools/StructureDefinition/resource-information",
        "valueString" : "Patient"
      }],
      "reference" : {
        "reference" : "Patient/ex-MHV-patient-2"
      },
      "name" : "Example ROBERT from PatientTO",
      "description" : "This example is derived off of a mock PatientTO",
      "exampleCanonical" : "https://department-of-veterans-affairs.github.io/mhv-fhir-phr-mapping/StructureDefinition/VA.MHV.PHR.patient"
    },
    {
      "extension" : [{
        "url" : "http://hl7.org/fhir/tools/StructureDefinition/resource-information",
        "valueString" : "ValueSet"
      }],
      "reference" : {
        "reference" : "ValueSet/DocumentReferenceTypeVS"
      },
      "name" : "Known DocumentReference types",
      "description" : "DocumentReference types",
      "exampleBoolean" : false
    },
    {
      "extension" : [{
        "url" : "http://hl7.org/fhir/tools/StructureDefinition/resource-information",
        "valueString" : "ValueSet"
      }],
      "reference" : {
        "reference" : "ValueSet/LabReportVS"
      },
      "name" : "Known Lab Report types",
      "description" : "Lab Report types",
      "exampleBoolean" : false
    },
    {
      "extension" : [{
        "url" : "http://hl7.org/fhir/tools/StructureDefinition/resource-information",
        "valueString" : "ValueSet"
      }],
      "reference" : {
        "reference" : "ValueSet/NoteTypeVS"
      },
      "name" : "Known Note types",
      "description" : "Note types",
      "exampleBoolean" : false
    },
    {
      "extension" : [{
        "url" : "http://hl7.org/fhir/tools/StructureDefinition/resource-information",
        "valueString" : "CapabilityStatement"
      }],
      "reference" : {
        "reference" : "CapabilityStatement/MHVcapabilities"
      },
      "name" : "MHVcapabilities",
      "description" : "CapabilityStatement prototype for MHV as a FHIR Server exposing PHR data",
      "exampleBoolean" : false
    },
    {
      "extension" : [{
        "url" : "http://hl7.org/fhir/tools/StructureDefinition/resource-information",
        "valueString" : "Patient"
      }],
      "reference" : {
        "reference" : "Patient/ex-MHV-patient-89486"
      },
      "name" : "Patient MHVASPXXI",
      "description" : "This example is derived off of a mock patient",
      "exampleCanonical" : "https://department-of-veterans-affairs.github.io/mhv-fhir-phr-mapping/StructureDefinition/VA.MHV.PHR.patient"
    },
    {
      "extension" : [{
        "url" : "http://hl7.org/fhir/tools/StructureDefinition/resource-information",
        "valueString" : "Patient"
      }],
      "reference" : {
        "reference" : "Patient/ex-MHV-patient-27167"
      },
      "name" : "Patient TESTFIVE",
      "description" : "This example is derived off of a mock patient",
      "exampleCanonical" : "https://department-of-veterans-affairs.github.io/mhv-fhir-phr-mapping/StructureDefinition/VA.MHV.PHR.patient"
    },
    {
      "extension" : [{
        "url" : "http://hl7.org/fhir/tools/StructureDefinition/resource-information",
        "valueString" : "Patient"
      }],
      "reference" : {
        "reference" : "Patient/ex-MHV-patient-942104"
      },
      "name" : "Patient TESTFIVE L, MHVSYSTEST",
      "description" : "This example is derived off of a mock patient",
      "exampleCanonical" : "https://department-of-veterans-affairs.github.io/mhv-fhir-phr-mapping/StructureDefinition/VA.MHV.PHR.patient"
    },
    {
      "extension" : [{
        "url" : "http://hl7.org/fhir/tools/StructureDefinition/resource-information",
        "valueString" : "ValueSet"
      }],
      "reference" : {
        "reference" : "ValueSet/AllergyCategoryVS"
      },
      "name" : "Subset of allergy intolerance category",
      "description" : "not all of them",
      "exampleBoolean" : false
    },
    {
      "extension" : [{
        "url" : "http://hl7.org/fhir/tools/StructureDefinition/resource-information",
        "valueString" : "ValueSet"
      }],
      "reference" : {
        "reference" : "ValueSet/ConditionVerificationVS"
      },
      "name" : "Subset of condition verification status",
      "description" : "not all of them",
      "exampleBoolean" : false
    },
    {
      "extension" : [{
        "url" : "http://hl7.org/fhir/tools/StructureDefinition/resource-information",
        "valueString" : "StructureDefinition:resource"
      }],
      "reference" : {
        "reference" : "StructureDefinition/VA.MHV.PHR.documentReference"
      },
      "name" : "VA MHV All DocumentReference",
      "description" : "A profile on the DocumentReference resource that covers all uses of FHIR DocumentReference in the MyHealtheVet FHIR API. This includes Physician Notes, Discharge Summary, ECG/EKG, and Imaging reports.",
      "exampleBoolean" : false
    },
    {
      "extension" : [{
        "url" : "http://hl7.org/fhir/tools/StructureDefinition/resource-information",
        "valueString" : "StructureDefinition:resource"
      }],
      "reference" : {
        "reference" : "StructureDefinition/VA.MHV.PHR.diagnosticReport"
      },
      "name" : "VA MHV DiagnosticReport",
      "description" : "This defines the use for Chem-Hem and \n`DiagnosticReport`, with contained `Observation` and `Specimen` as needed.",
      "exampleBoolean" : false
    },
    {
      "extension" : [{
        "url" : "http://hl7.org/fhir/tools/StructureDefinition/resource-information",
        "valueString" : "StructureDefinition:resource"
      }],
      "reference" : {
        "reference" : "StructureDefinition/VA.MHV.PHR.allergyIntolerance"
      },
      "name" : "VA MHV PHR Allergy and Intolerance",
      "description" : "A profile on the AllergyIntolerance resource for MHV PHR exposing Allergies using FHIR API.",
      "exampleBoolean" : false
    },
    {
      "extension" : [{
        "url" : "http://hl7.org/fhir/tools/StructureDefinition/resource-information",
        "valueString" : "StructureDefinition:resource"
      }],
      "reference" : {
        "reference" : "StructureDefinition/VA.MHV.PHR.chTest"
      },
      "name" : "VA MHV PHR CH labTest.chemistryResults",
      "description" : "A profile showing how HDR labTests.chemistryResults will be exposed using FHIR API to MyHealtheVet PHR.\n\nOne Observation holds one `labTests.chemistryResults`\n- This profile is based on [US-Core Lab](https://hl7.org/fhir/us/core/StructureDefinition-us-core-observation-lab.html)\n\t- category must have `http://terminology.hl7.org/CodeSystem/observation-category#laboratory`\n- `.subject` must be the patient from the DiagnosticReport\n- `valueInterpretation` -> `.interpretation` \n  - `L` -> http://terminology.hl7.org/CodeSystem/v3-ObservationInterpretation#L\n  - 'H' -> http://terminology.hl7.org/CodeSystem/v3-ObservationInterpretation#H\n- `observedStatus` (mock data has `F`, `C`, ) (? final vs preliminary ?)\n- `testIdentifier` -> `.code` -- where \"LN\" is Loinc\n- `referenceRange` -> `.referenceRange.text` -- don't try to break out further as there is little use of this value\n- `labCommentEvents` -> `.note.text`\n- value[x] either String or Quantity with units\n- `observationValue` -> `.valueQuantity.value`\n- `observationUnits.unit` -> `.valueQuantity.unit`\n- `observationUnits.code` -> `.valueQuantity.code` - likely need to adjust some\n- `observationUnits.codingSystem` -> `.valueQuantity.system`\n- `performingOrganization` -> `.performer`\n- given this is contained in the DiagnosticReport, then \n  - effective[x] is presumed from the DiagnosticReport\n  - issued is presumed from the DiagnosticReport\n  - specimen is presumed from the DiagnosticReport\n- will not have a `.hasMember` as this is results not a panel",
      "exampleBoolean" : false
    },
    {
      "extension" : [{
        "url" : "http://hl7.org/fhir/tools/StructureDefinition/resource-information",
        "valueString" : "StructureDefinition:resource"
      }],
      "reference" : {
        "reference" : "StructureDefinition/VA.MHV.PHR.chPanel"
      },
      "name" : "VA MHV PHR CH labTests.orderedTestCode",
      "description" : "A profile showing how HDR labTests.orderedTestCode (Panel) using FHIR API to MyHealtheVet PHR.\n\nOne Observation holds one `labTests.orderedTestCode`\n- This profile is based Observation, as it is not found in us-core\n\t- category must have `http://terminology.hl7.org/CodeSystem/observation-category#laboratory`\n- `.subject` must be the patient from the DiagnosticReport\n- `orderedTestCode -> `.code`\n- Panel is distinguished by \n  - there is no `.value[x]` - as this is just a panel\n  - there is `.hasMember` 1..* - These point at the results observations",
      "exampleBoolean" : false
    },
    {
      "extension" : [{
        "url" : "http://hl7.org/fhir/tools/StructureDefinition/resource-information",
        "valueString" : "StructureDefinition:resource"
      }],
      "reference" : {
        "reference" : "StructureDefinition/VA.MHV.PHR.ecg"
      },
      "name" : "VA MHV PHR ECG",
      "description" : "A profile on the DocumentReference resource for MHV PHR exposing ECG/EKG (ClinicalProcedureTO) using FHIR API.",
      "exampleBoolean" : false
    },
    {
      "extension" : [{
        "url" : "http://hl7.org/fhir/tools/StructureDefinition/resource-information",
        "valueString" : "StructureDefinition:resource"
      }],
      "reference" : {
        "reference" : "StructureDefinition/VA.MHV.PHR.chSpecimen"
      },
      "name" : "VA MHV PHR HDR CH Specimen",
      "description" : "A profile showing how the `labTestPromises.specimen` is mapped into a FHIR Specimen.\n\n- This is usually a contained resource, contained in the Lab Report. The use of contained is for simplicity sake and to limit the need to manage Specimen resource instances\n- must have a type \n  - `Specimen.type.text` <- `labTestPromises.specimen.specimenSource`\n- should have a `collectedDateTime` derived from `labTestPromises.specimen.specimenTakenDate`",
      "exampleBoolean" : false
    },
    {
      "extension" : [{
        "url" : "http://hl7.org/fhir/tools/StructureDefinition/resource-information",
        "valueString" : "StructureDefinition:resource"
      }],
      "reference" : {
        "reference" : "StructureDefinition/VA.MHV.PHR.chReport"
      },
      "name" : "VA MHV PHR HDR Chem-Hem Report",
      "description" : "Profile on DiagnosticReport for Chem-Hem lab report.",
      "exampleBoolean" : false
    },
    {
      "extension" : [{
        "url" : "http://hl7.org/fhir/tools/StructureDefinition/resource-information",
        "valueString" : "StructureDefinition:resource"
      }],
      "reference" : {
        "reference" : "StructureDefinition/VA.MHV.PHR.immunization"
      },
      "name" : "VA MHV PHR Immunization",
      "description" : "A profile on the Immunization that declares how MHV will expose PHR immunization.",
      "exampleBoolean" : false
    },
    {
      "extension" : [{
        "url" : "http://hl7.org/fhir/tools/StructureDefinition/resource-information",
        "valueString" : "StructureDefinition:resource"
      }],
      "reference" : {
        "reference" : "StructureDefinition/VA.MHV.PHR.immunizationReaction"
      },
      "name" : "VA MHV PHR Immunization Reaction",
      "description" : "A profile for the contained Observation indicating an immunization reaction\n\n- status final\n- code.text ImmunizationTO.reaction\n- valueCodeableConcept - SNOMED#401515003 Known present",
      "exampleBoolean" : false
    },
    {
      "extension" : [{
        "url" : "http://hl7.org/fhir/tools/StructureDefinition/resource-information",
        "valueString" : "StructureDefinition:resource"
      }],
      "reference" : {
        "reference" : "StructureDefinition/VA.MHV.PHR.labReport"
      },
      "name" : "VA MHV PHR Lab Report",
      "description" : "A profile showing how LabReportTO is mapped into a FHIR DiagnosticReport, Observation, and Specimen.",
      "exampleBoolean" : false
    },
    {
      "extension" : [{
        "url" : "http://hl7.org/fhir/tools/StructureDefinition/resource-information",
        "valueString" : "StructureDefinition:resource"
      }],
      "reference" : {
        "reference" : "StructureDefinition/VA.MHV.PHR.LabSpecimen"
      },
      "name" : "VA MHV PHR Lab Specimen",
      "description" : "A profile showing how the `LabSpecimenTO` is mapped into a FHIR Specimen.\n\n- This is a contained resource, contained in the Lab Report or the Lab Test. The use of contained is for simplicity sake and to limit the need to manage Specimen resource instances\n- must have a type \n  - `Specimen.type.text` <- `LabSpecimenTO.name`\n  - type should be a code derived from LabSpecimenTO.name\n- should have a `collectedDateTime` derived from `LabSpecimenTO.collectionDate`\n- may have an `identifier` - `Specimen.identifier` <- `LabSpecimenTO.id`\n  - if no `LabSpecimenTO.id` is given, then the Specimen resource must be contained\n- should have an `accessionIdentifier` derived from `LabSpecimenTO.accessionNum`\n\nTODO questions: \n- examples didn't have much populated\n- not clear what site and facility might contain, so can't tell where they would go\n- some examples are likely FHIR Device (old hardware left foot), so this might change",
      "exampleBoolean" : false
    },
    {
      "extension" : [{
        "url" : "http://hl7.org/fhir/tools/StructureDefinition/resource-information",
        "valueString" : "StructureDefinition:resource"
      }],
      "reference" : {
        "reference" : "StructureDefinition/VA.MHV.PHR.labTest"
      },
      "name" : "VA MHV PHR labTest",
      "description" : "A profile showing how LabTestTO and LabResultTO will be exposed using FHIR API to MyHealtheVet PHR.\n\n- This profile is based on US-Core Lab\n- sometimes a contained Specimen is needed",
      "exampleBoolean" : false
    },
    {
      "extension" : [{
        "url" : "http://hl7.org/fhir/tools/StructureDefinition/resource-information",
        "valueString" : "StructureDefinition:resource"
      }],
      "reference" : {
        "reference" : "StructureDefinition/VA.MHV.PHR.location"
      },
      "name" : "VA MHV PHR Location",
      "description" : "A profile on the Location resource for MHV PHR exposing Location using FHIR API.\n\n- based on US-Core for Location\n- `identifier`\n  - system = urn:oid:2.16.840.1.113883.4.349\n- `name` is the name as known\n- always a contained resource, so not exposed RESTfully\n\nNOT USING Mapping to [VIA HospitalLocationTO](StructureDefinition-VA.MHV.PHR.location-mappings.html#mappings-for-via-to-mhv-fhir-phr-hospitallocationto).",
      "exampleBoolean" : false
    },
    {
      "extension" : [{
        "url" : "http://hl7.org/fhir/tools/StructureDefinition/resource-information",
        "valueString" : "StructureDefinition:resource"
      }],
      "reference" : {
        "reference" : "StructureDefinition/VA.MHV.PHR.medicationDispense"
      },
      "name" : "VA MHV PHR medication dispense",
      "description" : "A profile on the MedicationDispense resource for MHV PHR exposing current medications dispense using FHIR API.",
      "exampleBoolean" : false
    },
    {
      "extension" : [{
        "url" : "http://hl7.org/fhir/tools/StructureDefinition/resource-information",
        "valueString" : "StructureDefinition:resource"
      }],
      "reference" : {
        "reference" : "StructureDefinition/VA.MHV.PHR.medicationTracking"
      },
      "name" : "VA MHV PHR medication dispense tracking",
      "description" : "A profile on the SupplyDelivery resource for MHV PHR exposing current medications dispense tracking using FHIR API.",
      "exampleBoolean" : false
    },
    {
      "extension" : [{
        "url" : "http://hl7.org/fhir/tools/StructureDefinition/resource-information",
        "valueString" : "StructureDefinition:resource"
      }],
      "reference" : {
        "reference" : "StructureDefinition/VA.MHV.PHR.medicationRequest"
      },
      "name" : "VA MHV PHR medication request",
      "description" : "A profile on the MedicationRequest resource for MHV PHR exposing current VA prescribed medications using FHIR API.",
      "exampleBoolean" : false
    },
    {
      "extension" : [{
        "url" : "http://hl7.org/fhir/tools/StructureDefinition/resource-information",
        "valueString" : "StructureDefinition:resource"
      }],
      "reference" : {
        "reference" : "StructureDefinition/VA.MHV.PHR.note"
      },
      "name" : "VA MHV PHR Notes",
      "description" : "A profile on the DocumentReference resource for MHV PHR exposing Notes (NoteTO) using FHIR API.",
      "exampleBoolean" : false
    },
    {
      "extension" : [{
        "url" : "http://hl7.org/fhir/tools/StructureDefinition/resource-information",
        "valueString" : "StructureDefinition:resource"
      }],
      "reference" : {
        "reference" : "StructureDefinition/VA.MHV.PHR.organization"
      },
      "name" : "VA MHV PHR Organization",
      "description" : "A profile on the Organization resource for MHV PHR exposing Organization using FHIR API.\n\n- based on US-Core for Organization\n  - must have a status\n  - must have a name\n  - there are other things us-core defines that are not manditory (NPI, CLIA)\n- two identifier types defined TOid and HDRid\n- used for Lab Site. In FHIR R4, the Lab site needs to go into .performer which can't take a Location. (TechnicalDebt)\n- always a contained resource, so not exposed RESTfully\n\nMap to [VIA labSiteID](StructureDefinition-VA.MHV.PHR.organization-mappings.html#mappings-for-via-to-mhv-fhir-phr-labsiteto)\n\nMap to [HDR PerformingOrganization](StructureDefinition-VA.MHV.PHR.organization-mappings.html#mappings-for-hdr-to-mhv-fhir-phr-performingorganization)",
      "exampleBoolean" : false
    },
    {
      "extension" : [{
        "url" : "http://hl7.org/fhir/tools/StructureDefinition/resource-information",
        "valueString" : "StructureDefinition:resource"
      }],
      "reference" : {
        "reference" : "StructureDefinition/VA.MHV.PHR.patient"
      },
      "name" : "VA MHV PHR Patient",
      "description" : "A profile on the Patient resource for MHV PHR exposing Patient using FHIR API.\n\n- based on US-Core for Patient\n- mapping from patient details in eVault (not from VIA/HDR transaction)\n- `identifier`  \n  - `value` = GetPatientId\n  - `system` = `urn:oid:2.16.840.1.113883.4.349`\n  - not using ICN but rather the id value known to eVault. There is concern the ICN is not unique enough.\n- `name` - First and Last Name\n- `gender`\n- `birthDate`\n- `active` = true\n\nmapping concerns - JIRA\n- The Identifier for the ICN is still being discussed\n- identifer.use is not being populated\n- name seems to only populate first and last, but puts them both in given\n- populating identifier with GetPatientId(), not sure that is the same as GetIcn()\n- eVault also has, but are not being used in the FHIR Patient\n  - MiddleName\n  - Ssn\n  - Email\n  - Icn \n- set .meta.profile\n- Would be even better if we could use a common Patient registry. \n\nNOT USING Mapping to [VIA PatientTO](StructureDefinition-VA.MHV.PHR.patient-mappings.html#mappings-for-via-to-mhv-fhir-phr-patientto)",
      "exampleBoolean" : false
    },
    {
      "extension" : [{
        "url" : "http://hl7.org/fhir/tools/StructureDefinition/resource-information",
        "valueString" : "StructureDefinition:resource"
      }],
      "reference" : {
        "reference" : "StructureDefinition/VA.MHV.PHR.practitioner"
      },
      "name" : "VA MHV PHR Practitioner",
      "description" : "A profile on the Practitioner resource for MHV PHR exposing Practitioner using FHIR API.\n\n- NOT based on US-Core for Practitioner, as that makes slicing on VA OID pattern impossible\n- used for VIDF UserTO, and AuthorTO\n- used for HDR PractitionerLite\n- might be used for PersonTO or is that RelatedPerson?\n- always a contained resource, so not exposed RESTfully\n\nMapping to [VIA UserTO](StructureDefinition-VA.MHV.PHR.practitioner-mappings.html#mappings-for-via-to-mhv-fhir-phr-userto) and [VIA AuthorTO](StructureDefinition-VA.MHV.PHR.practitioner-mappings.html#mappings-for-via-to-mhv-fhir-phr-authorto)\n\nMapping to [HDR PractitionerLite](StructureDefinition-VA.MHV.PHR.practitioner-mappings.html#mappings-for-hdr-to-mhv-fhir-phr-practitionerlite)",
      "exampleBoolean" : false
    },
    {
      "extension" : [{
        "url" : "http://hl7.org/fhir/tools/StructureDefinition/resource-information",
        "valueString" : "StructureDefinition:resource"
      }],
      "reference" : {
        "reference" : "StructureDefinition/VA.MHV.PHR.condition"
      },
      "name" : "VA MHV PHR problems",
      "description" : "A profile on the Condition resource for MHV PHR exposing Problems using FHIR API.",
      "exampleBoolean" : false
    },
    {
      "extension" : [{
        "url" : "http://hl7.org/fhir/tools/StructureDefinition/resource-information",
        "valueString" : "StructureDefinition:resource"
      }],
      "reference" : {
        "reference" : "StructureDefinition/VA.MHV.PHR.imaging"
      },
      "name" : "VA MHV PHR Radiology",
      "description" : "A profile on the DocumentReference resource for MHV PHR exposing Radiology note (ImagingExamTO) using FHIR API.",
      "exampleBoolean" : false
    },
    {
      "extension" : [{
        "url" : "http://hl7.org/fhir/tools/StructureDefinition/resource-information",
        "valueString" : "StructureDefinition:resource"
      }],
      "reference" : {
        "reference" : "StructureDefinition/VA.MHV.PHR.vitals"
      },
      "name" : "VA MHV PHR Vital-Signs",
      "description" : "A profile on the Observation resource for MHV PHR exposing Vital-Signs using FHIR API.",
      "exampleBoolean" : false
    },
    {
      "extension" : [{
        "url" : "http://hl7.org/fhir/tools/StructureDefinition/resource-information",
        "valueString" : "StructureDefinition:resource"
      }],
      "reference" : {
        "reference" : "StructureDefinition/VA.MHV.PHR.vitalsBP"
      },
      "name" : "VA MHV PHR Vital-Signs for Blood Pressure",
      "description" : "A profile on the Observation resource for Blood Pressure",
      "exampleBoolean" : false
    },
    {
      "extension" : [{
        "url" : "http://hl7.org/fhir/tools/StructureDefinition/resource-information",
        "valueString" : "StructureDefinition:resource"
      }],
      "reference" : {
        "reference" : "StructureDefinition/VA.MHV.PHR.vitalsPain"
      },
      "name" : "VA MHV PHR Vital-Signs for PAIN",
      "description" : "A profile on the Observation resource for Pain",
      "exampleBoolean" : false
    },
    {
      "extension" : [{
        "url" : "http://hl7.org/fhir/tools/StructureDefinition/resource-information",
        "valueString" : "ConceptMap"
      }],
      "reference" : {
        "reference" : "ConceptMap/ObservationTypeTOVsLoincCode"
      },
      "name" : "Vital Sign ObservationTypeTO.name to Loinc Code",
      "description" : "Map between VitalSignTO.type(ObservationTypeTO.name) VUID/string and LOINC code.",
      "exampleBoolean" : false
    }],
    "page" : {
      "extension" : [{
        "url" : "http://hl7.org/fhir/StructureDefinition/structuredefinition-standards-status",
        "valueCode" : "informative"
      },
      {
        "url" : "http://hl7.org/fhir/tools/StructureDefinition/ig-page-name",
        "valueUrl" : "toc.html"
      }],
      "nameUrl" : "toc.html",
      "title" : "Table of Contents",
      "generation" : "html",
      "page" : [{
        "extension" : [{
          "url" : "http://hl7.org/fhir/StructureDefinition/structuredefinition-standards-status",
          "valueCode" : "informative"
        },
        {
          "url" : "http://hl7.org/fhir/tools/StructureDefinition/ig-page-name",
          "valueUrl" : "index.html"
        }],
        "nameUrl" : "index.html",
        "title" : "Home Page",
        "generation" : "markdown"
      },
      {
        "extension" : [{
          "url" : "http://hl7.org/fhir/StructureDefinition/structuredefinition-standards-status",
          "valueCode" : "informative"
        },
        {
          "url" : "http://hl7.org/fhir/tools/StructureDefinition/ig-page-name",
          "valueUrl" : "api.html"
        }],
        "nameUrl" : "api.html",
        "title" : "API",
        "generation" : "markdown"
      },
      {
        "extension" : [{
          "url" : "http://hl7.org/fhir/StructureDefinition/structuredefinition-standards-status",
          "valueCode" : "informative"
        },
        {
          "url" : "http://hl7.org/fhir/tools/StructureDefinition/ig-page-name",
          "valueUrl" : "background.html"
        }],
        "nameUrl" : "background.html",
        "title" : "Vista Mapping",
        "generation" : "markdown"
      },
      {
        "extension" : [{
          "url" : "http://hl7.org/fhir/StructureDefinition/structuredefinition-standards-status",
          "valueCode" : "informative"
        },
        {
          "url" : "http://hl7.org/fhir/tools/StructureDefinition/ig-page-name",
          "valueUrl" : "utility.html"
        }],
        "nameUrl" : "utility.html",
        "title" : "Utility Functions",
        "generation" : "markdown"
      },
      {
        "extension" : [{
          "url" : "http://hl7.org/fhir/StructureDefinition/structuredefinition-standards-status",
          "valueCode" : "informative"
        },
        {
          "url" : "http://hl7.org/fhir/tools/StructureDefinition/ig-page-name",
          "valueUrl" : "ConvertDate.html"
        }],
        "nameUrl" : "ConvertDate.html",
        "title" : "ConvertDate()",
        "generation" : "markdown"
      },
      {
        "extension" : [{
          "url" : "http://hl7.org/fhir/StructureDefinition/structuredefinition-standards-status",
          "valueCode" : "informative"
        },
        {
          "url" : "http://hl7.org/fhir/tools/StructureDefinition/ig-page-name",
          "valueUrl" : "identifier.html"
        }],
        "nameUrl" : "identifier.html",
        "title" : "Id vs Identifier",
        "generation" : "markdown"
      },
      {
        "extension" : [{
          "url" : "http://hl7.org/fhir/StructureDefinition/structuredefinition-standards-status",
          "valueCode" : "informative"
        },
        {
          "url" : "http://hl7.org/fhir/tools/StructureDefinition/ig-page-name",
          "valueUrl" : "testplan.html"
        }],
        "nameUrl" : "testplan.html",
        "title" : "Test Plan",
        "generation" : "markdown"
      },
      {
        "extension" : [{
          "url" : "http://hl7.org/fhir/StructureDefinition/structuredefinition-standards-status",
          "valueCode" : "informative"
        },
        {
          "url" : "http://hl7.org/fhir/tools/StructureDefinition/ig-page-name",
          "valueUrl" : "downloads.html"
        }],
        "nameUrl" : "downloads.html",
        "title" : "Downloads",
        "generation" : "markdown"
      }]
    },
    "parameter" : [{
      "code" : "path-resource",
      "value" : "fsh-generated/resources"
    },
    {
      "code" : "path-resource",
      "value" : "input/examples"
    },
    {
      "code" : "path-resource",
      "value" : "input/resources"
    },
    {
      "code" : "path-resource",
      "value" : "input/capabilities"
    },
    {
      "code" : "path-resource",
      "value" : "input/extensions"
    },
    {
      "code" : "path-resource",
      "value" : "input/models"
    },
    {
      "code" : "path-resource",
      "value" : "input/operations"
    },
    {
      "code" : "path-resource",
      "value" : "input/profiles"
    },
    {
      "code" : "path-resource",
      "value" : "input/vocabulary"
    },
    {
      "code" : "path-resource",
      "value" : "input/testing"
    },
    {
      "code" : "path-resource",
      "value" : "input/history"
    },
    {
      "code" : "path-pages",
      "value" : "template/config"
    },
    {
      "code" : "path-pages",
      "value" : "input/images"
    },
    {
      "code" : "path-tx-cache",
      "value" : "input-cache/txcache"
    }]
  }
}