{
  "resourceType" : "Location",
  "id" : "ex-MHV-location-2938",
  "meta" : {
    "profile" : ["https://johnmoehrke.github.io/MHV-PHR/StructureDefinition/VA.MHV.PHR.location"]
  },
  "text" : {
    "status" : "generated",
    "div" : "<div xmlns=\"http://www.w3.org/1999/xhtml\"><p><b>Generated Narrative: Location</b><a name=\"ex-MHV-location-2938\"> </a></p><div style=\"display: inline-block; background-color: #d9e0e7; padding: 6px; margin: 4px; border: 1px solid #8da1b4; border-radius: 5px; line-height: 60%\"><p style=\"margin-bottom: 0px\">Resource Location &quot;ex-MHV-location-2938&quot; </p><p style=\"margin-bottom: 0px\">Profile: <a href=\"StructureDefinition-VA.MHV.PHR.location.html\">VA MHV PHR Location</a></p></div><p><b>identifier</b>: id:\u00a0HospitalLocationTO.2938\u00a0(use:\u00a0USUAL)</p><p><b>name</b>: PCT_O PATIL (F/U)</p></div>"
  },
  "identifier" : [{
    "use" : "usual",
    "system" : "urn:oid:2.16.840.1.113883.4.349.4",
    "value" : "HospitalLocationTO.2938"
  }],
  "name" : "PCT_O PATIL (F/U)"
}