{
  "resourceType" : "Location",
  "id" : "ex-MHV-location-552",
  "meta" : {
    "profile" : ["https://johnmoehrke.github.io/MHV-PHR/StructureDefinition/VA.MHV.PHR.location"]
  },
  "text" : {
    "status" : "generated",
    "div" : "<div xmlns=\"http://www.w3.org/1999/xhtml\"><p><b>Generated Narrative: Location</b><a name=\"ex-MHV-location-552\"> </a></p><div style=\"display: inline-block; background-color: #d9e0e7; padding: 6px; margin: 4px; border: 1px solid #8da1b4; border-radius: 5px; line-height: 60%\"><p style=\"margin-bottom: 0px\">Resource Location &quot;ex-MHV-location-552&quot; </p><p style=\"margin-bottom: 0px\">Profile: <a href=\"StructureDefinition-VA.MHV.PHR.location.html\">VA MHV PHR Location</a></p></div><p><b>identifier</b>: id: 552 (use: OFFICIAL)</p><p><b>name</b>: DAYTON</p></div>"
  },
  "identifier" : [{
    "use" : "official",
    "system" : "https://johnmoehrke.github.io/MHV-PHR/Vista/111/HospitalLocationTO",
    "value" : "552"
  }],
  "name" : "DAYTON"
}