{
  "resourceType" : "Observation",
  "id" : "bdd34c98-cfa0-445f-b1b2-390da2d6c239",
  "meta" : {
    "profile" : ["https://department-of-veterans-affairs.github.io/mhv-fhir-phr-mapping/StructureDefinition/VA.MHV.PHR.vitalsBP"]
  },
  "text" : {
    "status" : "generated",
    "div" : "<div xmlns=\"http://www.w3.org/1999/xhtml\"><p class=\"res-header-id\"><b>Generated Narrative: Observation bdd34c98-cfa0-445f-b1b2-390da2d6c239</b></p><a name=\"bdd34c98-cfa0-445f-b1b2-390da2d6c239\"> </a><a name=\"hcbdd34c98-cfa0-445f-b1b2-390da2d6c239\"> </a><a name=\"bdd34c98-cfa0-445f-b1b2-390da2d6c239-en-US\"> </a><p><b>identifier</b>: <code>urn:oid:2.16.840.1.113883.4.349.4.989</code>/VitalSignTO.6003543\u00a0(use:\u00a0usual,\u00a0)</p><p><b>status</b>: Final</p><p><b>category</b>: <span title=\"Codes:{http://terminology.hl7.org/CodeSystem/observation-category vital-signs}\">Vital Signs</span></p><p><b>code</b>: <span title=\"Codes:{http://loinc.org 85354-9}\">BLOOD PRESSURE</span></p><p><b>subject</b>: <a href=\"Patient-ex-MHV-patient-2.html\">ROBERT MHVLISAONE  Male, DoB: 1000-01-01 ( urn:oid:2.16.840.1.113883.4.349#2\u00a0(use:\u00a0usual,\u00a0))</a></p><p><b>effective</b>: 2004-09-24 10:42:17+0000</p><p><b>performer</b>: Location 2938</p><blockquote><p><b>component</b></p><p><b>code</b>: <span title=\"Codes:{http://loinc.org 8480-6}\">Systolic blood pressure</span></p><p><b>value</b>: 158 mmHg<span style=\"background: LightGoldenRodYellow\"> (Details: UCUM  codemm[Hg] = 'mm[Hg]')</span></p></blockquote><blockquote><p><b>component</b></p><p><b>code</b>: <span title=\"Codes:{http://loinc.org 8462-4}\">Diastolic blood pressure</span></p><p><b>value</b>: 75 mmHg<span style=\"background: LightGoldenRodYellow\"> (Details: UCUM  codemm[Hg] = 'mm[Hg]')</span></p></blockquote><hr/><blockquote><p class=\"res-header-id\"><b>Generated Narrative: Location  #ex-MHV-location-2938</b></p><a name=\"bdd34c98-cfa0-445f-b1b2-390da2d6c239/ex-MHV-location-2938\"> </a><a name=\"hcbdd34c98-cfa0-445f-b1b2-390da2d6c239/ex-MHV-location-2938\"> </a><a name=\"bdd34c98-cfa0-445f-b1b2-390da2d6c239/ex-MHV-location-2938-en-US\"> </a><p><b>identifier</b>: <code>urn:oid:2.16.840.1.113883.4.349.4.989</code>/HospitalLocationTO.2938\u00a0(use:\u00a0usual,\u00a0)</p><p><b>name</b>: PCT_O PATIL (F/U)</p></blockquote></div>"
  },
  "contained" : [{
    "resourceType" : "Location",
    "id" : "ex-MHV-location-2938",
    "meta" : {
      "profile" : ["https://department-of-veterans-affairs.github.io/mhv-fhir-phr-mapping/StructureDefinition/VA.MHV.PHR.location"]
    },
    "identifier" : [{
      "use" : "usual",
      "system" : "urn:oid:2.16.840.1.113883.4.349.4.989",
      "value" : "HospitalLocationTO.2938"
    }],
    "name" : "PCT_O PATIL (F/U)"
  }],
  "identifier" : [{
    "use" : "usual",
    "system" : "urn:oid:2.16.840.1.113883.4.349.4.989",
    "value" : "VitalSignTO.6003543"
  }],
  "status" : "final",
  "category" : [{
    "coding" : [{
      "system" : "http://terminology.hl7.org/CodeSystem/observation-category",
      "code" : "vital-signs"
    }]
  }],
  "code" : {
    "coding" : [{
      "system" : "http://loinc.org",
      "code" : "85354-9",
      "display" : "Blood pressure panel with all children optional"
    }],
    "text" : "BLOOD PRESSURE"
  },
  "subject" : {
    "reference" : "Patient/ex-MHV-patient-2"
  },
  "effectiveDateTime" : "2004-09-24T10:42:17Z",
  "performer" : [{
    "extension" : [{
      "url" : "http://hl7.org/fhir/StructureDefinition/alternate-reference",
      "valueReference" : {
        "reference" : "#ex-MHV-location-2938"
      }
    }],
    "display" : "Location 2938"
  }],
  "component" : [{
    "code" : {
      "coding" : [{
        "system" : "http://loinc.org",
        "code" : "8480-6",
        "display" : "Systolic blood pressure"
      }]
    },
    "valueQuantity" : {
      "value" : 158,
      "unit" : "mmHg",
      "system" : "http://unitsofmeasure.org",
      "code" : "mm[Hg]"
    }
  },
  {
    "code" : {
      "coding" : [{
        "system" : "http://loinc.org",
        "code" : "8462-4",
        "display" : "Diastolic blood pressure"
      }]
    },
    "valueQuantity" : {
      "value" : 75,
      "unit" : "mmHg",
      "system" : "http://unitsofmeasure.org",
      "code" : "mm[Hg]"
    }
  }]
}