{
  "resourceType" : "Observation",
  "id" : "540c9727-1228-4993-99ec-8e1e8031e334",
  "meta" : {
    "profile" : ["https://department-of-veterans-affairs.github.io/mhv-fhir-phr-mapping/StructureDefinition/VA.MHV.PHR.vitals"]
  },
  "text" : {
    "status" : "generated",
    "div" : "<div xmlns=\"http://www.w3.org/1999/xhtml\"><p class=\"res-header-id\"><b>Generated Narrative: Observation 540c9727-1228-4993-99ec-8e1e8031e334</b></p><a name=\"540c9727-1228-4993-99ec-8e1e8031e334\"> </a><a name=\"hc540c9727-1228-4993-99ec-8e1e8031e334\"> </a><a name=\"540c9727-1228-4993-99ec-8e1e8031e334-en-US\"> </a><p><b>identifier</b>: <code>urn:oid:2.16.840.1.113883.4.349.4.989</code>/VitalSignTO.2870654\u00a0(use:\u00a0usual,\u00a0)</p><p><b>status</b>: Final</p><p><b>category</b>: <span title=\"Codes:{http://terminology.hl7.org/CodeSystem/observation-category vital-signs}\">Vital Signs</span></p><p><b>code</b>: <span title=\"Codes:{http://loinc.org 8302-2}\">HEIGHT</span></p><p><b>subject</b>: <a href=\"Patient-ex-MHV-patient-2.html\">ROBERT MHVLISAONE  Male, DoB: 1000-01-01 ( urn:oid:2.16.840.1.113883.4.349#2\u00a0(use:\u00a0usual,\u00a0))</a></p><p><b>effective</b>: 2000-09-14 13:00:00+0000</p><p><b>performer</b>: Location 2171</p><p><b>value</b>: 71 in_i<span style=\"background: LightGoldenRodYellow\"> (Details: UCUM  code[in_i] = '[in_i]')</span></p><hr/><blockquote><p class=\"res-header-id\"><b>Generated Narrative: Location  #location-2171</b></p><a name=\"540c9727-1228-4993-99ec-8e1e8031e334/location-2171\"> </a><a name=\"hc540c9727-1228-4993-99ec-8e1e8031e334/location-2171\"> </a><a name=\"540c9727-1228-4993-99ec-8e1e8031e334/location-2171-en-US\"> </a><p><b>identifier</b>: <code>urn:oid:2.16.840.1.113883.4.349.4.989</code>/HospitalLocationTO.2171\u00a0(use:\u00a0usual,\u00a0)</p><p><b>name</b>: ZZZHEMATOLOGY II</p></blockquote></div>"
  },
  "contained" : [{
    "resourceType" : "Location",
    "id" : "location-2171",
    "meta" : {
      "profile" : ["https://department-of-veterans-affairs.github.io/mhv-fhir-phr-mapping/StructureDefinition/VA.MHV.PHR.location"]
    },
    "identifier" : [{
      "use" : "usual",
      "system" : "urn:oid:2.16.840.1.113883.4.349.4.989",
      "value" : "HospitalLocationTO.2171"
    }],
    "name" : "ZZZHEMATOLOGY II"
  }],
  "identifier" : [{
    "use" : "usual",
    "system" : "urn:oid:2.16.840.1.113883.4.349.4.989",
    "value" : "VitalSignTO.2870654"
  }],
  "status" : "final",
  "category" : [{
    "coding" : [{
      "system" : "http://terminology.hl7.org/CodeSystem/observation-category",
      "code" : "vital-signs"
    }]
  }],
  "code" : {
    "coding" : [{
      "system" : "http://loinc.org",
      "code" : "8302-2",
      "display" : "Body height"
    }],
    "text" : "HEIGHT"
  },
  "subject" : {
    "reference" : "Patient/ex-MHV-patient-2"
  },
  "effectiveDateTime" : "2000-09-14T13:00:00Z",
  "performer" : [{
    "extension" : [{
      "url" : "http://hl7.org/fhir/StructureDefinition/alternate-reference",
      "valueReference" : {
        "reference" : "#location-2171"
      }
    }],
    "display" : "Location 2171"
  }],
  "valueQuantity" : {
    "value" : 71,
    "unit" : "in_i",
    "system" : "http://unitsofmeasure.org",
    "code" : "[in_i]"
  }
}