{
  "resourceType" : "Observation",
  "id" : "7078ea83-bd93-49a7-8e23-a6a69e02ccc9",
  "meta" : {
    "profile" : ["https://department-of-veterans-affairs.github.io/mhv-fhir-phr-mapping/StructureDefinition/VA.MHV.PHR.vitals"]
  },
  "text" : {
    "status" : "generated",
    "div" : "<div xmlns=\"http://www.w3.org/1999/xhtml\"><p><b>Generated Narrative: Observation </b><a name=\"7078ea83-bd93-49a7-8e23-a6a69e02ccc9\"> </a><a name=\"hc7078ea83-bd93-49a7-8e23-a6a69e02ccc9\"> </a></p><div style=\"display: inline-block; background-color: #d9e0e7; padding: 6px; margin: 4px; border: 1px solid #8da1b4; border-radius: 5px; line-height: 60%\"><p style=\"margin-bottom: 0px\">ResourceObservation &quot;7078ea83-bd93-49a7-8e23-a6a69e02ccc9&quot; </p><p style=\"margin-bottom: 0px\">Profile: <a href=\"StructureDefinition-VA.MHV.PHR.vitals.html\">VA MHV PHR Vital-Signs</a></p></div><p><b>identifier</b>: <code>urn:oid:2.16.840.1.113883.4.349.4.989</code>/VitalSignTO.2807287\u00a0(use:\u00a0usual)</p><p><b>status</b>: final</p><p><b>category</b>: Vital Signs <span style=\"background: LightGoldenRodYellow; margin: 4px; border: 1px solid khaki\"> (<a href=\"http://terminology.hl7.org/5.5.0/CodeSystem-observation-category.html\">Observation Category Codes</a>#vital-signs)</span></p><p><b>code</b>: PULSE <span style=\"background: LightGoldenRodYellow; margin: 4px; border: 1px solid khaki\"> (<a href=\"https://loinc.org/\">LOINC</a>#8867-4 &quot;Heart rate&quot;)</span></p><p><b>subject</b>: <a href=\"Patient-ex-MHV-patient-2.html\">Patient/ex-MHV-patient-2</a> &quot; MHVLISAONE&quot;</p><p><b>effective</b>: 2000-07-18 13:21:00+0000</p><p><b>performer</b>: <span>: Location 1439</span></p><p><b>value</b>: 62 /min<span style=\"background: LightGoldenRodYellow\"> (Details: UCUM  code/min = '/min')</span></p><hr/><blockquote><p><b>Generated Narrative: Location  #location-1439</b><a name=\"location-1439\"> </a><a name=\"hclocation-1439\"> </a></p><p><b>identifier</b>: <code>urn:oid:2.16.840.1.113883.4.349.4.989</code>/HospitalLocationTO.1439\u00a0(use:\u00a0usual)</p><p><b>name</b>: ZZZPCT_G MANGAS P.(HYP)</p></blockquote></div>"
  },
  "contained" : [{
    "resourceType" : "Location",
    "id" : "location-1439",
    "meta" : {
      "profile" : ["https://department-of-veterans-affairs.github.io/mhv-fhir-phr-mapping/StructureDefinition/VA.MHV.PHR.location"]
    },
    "identifier" : [{
      "use" : "usual",
      "system" : "urn:oid:2.16.840.1.113883.4.349.4.989",
      "value" : "HospitalLocationTO.1439"
    }],
    "name" : "ZZZPCT_G MANGAS P.(HYP)"
  }],
  "identifier" : [{
    "use" : "usual",
    "system" : "urn:oid:2.16.840.1.113883.4.349.4.989",
    "value" : "VitalSignTO.2807287"
  }],
  "status" : "final",
  "category" : [{
    "coding" : [{
      "system" : "http://terminology.hl7.org/CodeSystem/observation-category",
      "code" : "vital-signs"
    }]
  }],
  "code" : {
    "coding" : [{
      "system" : "http://loinc.org",
      "code" : "8867-4",
      "display" : "Heart rate"
    }],
    "text" : "PULSE"
  },
  "subject" : {
    "reference" : "Patient/ex-MHV-patient-2"
  },
  "effectiveDateTime" : "2000-07-18T13:21:00Z",
  "performer" : [{
    "extension" : [{
      "url" : "http://hl7.org/fhir/StructureDefinition/alternate-reference",
      "valueReference" : {
        "reference" : "#location-1439"
      }
    }],
    "display" : "Location 1439"
  }],
  "valueQuantity" : {
    "value" : 62,
    "unit" : "/min",
    "system" : "http://unitsofmeasure.org",
    "code" : "/min"
  }
}