{
  "resourceType" : "Observation",
  "id" : "eb5a55bb-4513-4d08-9735-bd3453b14345",
  "meta" : {
    "profile" : ["https://department-of-veterans-affairs.github.io/mhv-fhir-phr-mapping/StructureDefinition/VA.MHV.PHR.vitals"]
  },
  "text" : {
    "status" : "generated",
    "div" : "<div xmlns=\"http://www.w3.org/1999/xhtml\"><p><b>Generated Narrative: Observation </b><a name=\"eb5a55bb-4513-4d08-9735-bd3453b14345\"> </a><a name=\"hceb5a55bb-4513-4d08-9735-bd3453b14345\"> </a></p><div style=\"display: inline-block; background-color: #d9e0e7; padding: 6px; margin: 4px; border: 1px solid #8da1b4; border-radius: 5px; line-height: 60%\"><p style=\"margin-bottom: 0px\">ResourceObservation &quot;eb5a55bb-4513-4d08-9735-bd3453b14345&quot; </p><p style=\"margin-bottom: 0px\">Profile: <a href=\"StructureDefinition-VA.MHV.PHR.vitals.html\">VA MHV PHR Vital-Signs</a></p></div><p><b>identifier</b>: <code>urn:oid:2.16.840.1.113883.4.349.4.989</code>/VitalSignTO.2699439\u00a0(use:\u00a0usual)</p><p><b>status</b>: final</p><p><b>category</b>: Vital Signs <span style=\"background: LightGoldenRodYellow; margin: 4px; border: 1px solid khaki\"> (<a href=\"http://terminology.hl7.org/5.5.0/CodeSystem-observation-category.html\">Observation Category Codes</a>#vital-signs)</span></p><p><b>code</b>: TEMPERATURE <span style=\"background: LightGoldenRodYellow; margin: 4px; border: 1px solid khaki\"> (<a href=\"https://loinc.org/\">LOINC</a>#8310-5 &quot;Body temperature&quot;)</span></p><p><b>subject</b>: <a href=\"Patient-ex-MHV-patient-2.html\">Patient/ex-MHV-patient-2</a> &quot; MHVLISAONE&quot;</p><p><b>effective</b>: 2000-04-05 09:51:00+0000</p><p><b>performer</b>: <span>: Location 1921</span></p><p><b>value</b>: 99.1 degree Fahrenheit<span style=\"background: LightGoldenRodYellow\"> (Details: UCUM  code[degF] = '[degF]')</span></p><hr/><blockquote><p><b>Generated Narrative: Location  #location-1921</b><a name=\"location-1921\"> </a><a name=\"hclocation-1921\"> </a></p><p><b>identifier</b>: <code>urn:oid:2.16.840.1.113883.4.349.4.989</code>/HospitalLocationTO.1921\u00a0(use:\u00a0usual)</p><p><b>name</b>: PCT_G</p></blockquote></div>"
  },
  "contained" : [{
    "resourceType" : "Location",
    "id" : "location-1921",
    "meta" : {
      "profile" : ["https://department-of-veterans-affairs.github.io/mhv-fhir-phr-mapping/StructureDefinition/VA.MHV.PHR.location"]
    },
    "identifier" : [{
      "use" : "usual",
      "system" : "urn:oid:2.16.840.1.113883.4.349.4.989",
      "value" : "HospitalLocationTO.1921"
    }],
    "name" : "PCT_G"
  }],
  "identifier" : [{
    "use" : "usual",
    "system" : "urn:oid:2.16.840.1.113883.4.349.4.989",
    "value" : "VitalSignTO.2699439"
  }],
  "status" : "final",
  "category" : [{
    "coding" : [{
      "system" : "http://terminology.hl7.org/CodeSystem/observation-category",
      "code" : "vital-signs"
    }]
  }],
  "code" : {
    "coding" : [{
      "system" : "http://loinc.org",
      "code" : "8310-5",
      "display" : "Body temperature"
    }],
    "text" : "TEMPERATURE"
  },
  "subject" : {
    "reference" : "Patient/ex-MHV-patient-2"
  },
  "effectiveDateTime" : "2000-04-05T09:51:00Z",
  "performer" : [{
    "extension" : [{
      "url" : "http://hl7.org/fhir/StructureDefinition/alternate-reference",
      "valueReference" : {
        "reference" : "#location-1921"
      }
    }],
    "display" : "Location 1921"
  }],
  "valueQuantity" : {
    "value" : 99.1,
    "unit" : "degree Fahrenheit",
    "system" : "http://unitsofmeasure.org",
    "code" : "[degF]"
  }
}