{
  "resourceType" : "Observation",
  "id" : "784fef00-044d-4da6-9e77-07214741113f",
  "meta" : {
    "profile" : ["https://department-of-veterans-affairs.github.io/mhv-fhir-phr-mapping/StructureDefinition/VA.MHV.PHR.vitals"]
  },
  "text" : {
    "status" : "generated",
    "div" : "<div xmlns=\"http://www.w3.org/1999/xhtml\"><p class=\"res-header-id\"><b>Generated Narrative: Observation 784fef00-044d-4da6-9e77-07214741113f</b></p><a name=\"784fef00-044d-4da6-9e77-07214741113f\"> </a><a name=\"hc784fef00-044d-4da6-9e77-07214741113f\"> </a><a name=\"784fef00-044d-4da6-9e77-07214741113f-en-US\"> </a><p><b>identifier</b>: <code>urn:oid:2.16.840.1.113883.4.349.4.989</code>/VitalSignTO.2982646\u00a0(use:\u00a0usual,\u00a0)</p><p><b>status</b>: Final</p><p><b>category</b>: <span title=\"Codes:{http://terminology.hl7.org/CodeSystem/observation-category vital-signs}\">Vital Signs</span></p><p><b>code</b>: <span title=\"Codes:{http://loinc.org 8867-4}\">PULSE</span></p><p><b>subject</b>: <a href=\"Patient-ex-MHV-patient-2.html\">ROBERT MHVLISAONE  Male, DoB: 1000-01-01 ( urn:oid:2.16.840.1.113883.4.349#2\u00a0(use:\u00a0usual,\u00a0))</a></p><p><b>effective</b>: 2000-12-14 09:05:00+0000</p><p><b>performer</b>: Location 1921</p><p><b>value</b>: 90 /min<span style=\"background: LightGoldenRodYellow\"> (Details: UCUM  code/min = '/min')</span></p><hr/><blockquote><p class=\"res-header-id\"><b>Generated Narrative: Location  #location-1921</b></p><a name=\"784fef00-044d-4da6-9e77-07214741113f/location-1921\"> </a><a name=\"hc784fef00-044d-4da6-9e77-07214741113f/location-1921\"> </a><a name=\"784fef00-044d-4da6-9e77-07214741113f/location-1921-en-US\"> </a><p><b>identifier</b>: <code>urn:oid:2.16.840.1.113883.4.349.4.989</code>/HospitalLocationTO.1921\u00a0(use:\u00a0usual,\u00a0)</p><p><b>name</b>: PCT_G</p></blockquote></div>"
  },
  "contained" : [{
    "resourceType" : "Location",
    "id" : "location-1921",
    "meta" : {
      "profile" : ["https://department-of-veterans-affairs.github.io/mhv-fhir-phr-mapping/StructureDefinition/VA.MHV.PHR.location"]
    },
    "identifier" : [{
      "use" : "usual",
      "system" : "urn:oid:2.16.840.1.113883.4.349.4.989",
      "value" : "HospitalLocationTO.1921"
    }],
    "name" : "PCT_G"
  }],
  "identifier" : [{
    "use" : "usual",
    "system" : "urn:oid:2.16.840.1.113883.4.349.4.989",
    "value" : "VitalSignTO.2982646"
  }],
  "status" : "final",
  "category" : [{
    "coding" : [{
      "system" : "http://terminology.hl7.org/CodeSystem/observation-category",
      "code" : "vital-signs"
    }]
  }],
  "code" : {
    "coding" : [{
      "system" : "http://loinc.org",
      "code" : "8867-4",
      "display" : "Heart rate"
    }],
    "text" : "PULSE"
  },
  "subject" : {
    "reference" : "Patient/ex-MHV-patient-2"
  },
  "effectiveDateTime" : "2000-12-14T09:05:00Z",
  "performer" : [{
    "extension" : [{
      "url" : "http://hl7.org/fhir/StructureDefinition/alternate-reference",
      "valueReference" : {
        "reference" : "#location-1921"
      }
    }],
    "display" : "Location 1921"
  }],
  "valueQuantity" : {
    "value" : 90,
    "unit" : "/min",
    "system" : "http://unitsofmeasure.org",
    "code" : "/min"
  }
}