{
  "resourceType" : "Observation",
  "id" : "8f92c275-7be5-4f9f-81ca-9c1eb58b91c8",
  "meta" : {
    "profile" : ["https://department-of-veterans-affairs.github.io/mhv-fhir-phr-mapping/StructureDefinition/VA.MHV.PHR.vitalsOx"]
  },
  "text" : {
    "status" : "generated",
    "div" : "<div xmlns=\"http://www.w3.org/1999/xhtml\"><p><b>Generated Narrative: Observation </b><a name=\"8f92c275-7be5-4f9f-81ca-9c1eb58b91c8\"> </a><a name=\"hc8f92c275-7be5-4f9f-81ca-9c1eb58b91c8\"> </a></p><div style=\"display: inline-block; background-color: #d9e0e7; padding: 6px; margin: 4px; border: 1px solid #8da1b4; border-radius: 5px; line-height: 60%\"><p style=\"margin-bottom: 0px\">ResourceObservation &quot;8f92c275-7be5-4f9f-81ca-9c1eb58b91c8&quot; </p><p style=\"margin-bottom: 0px\">Profile: <a href=\"StructureDefinition-VA.MHV.PHR.vitalsOx.html\">VA MHV PHR Pulse Oximetry Vital-Signs</a></p></div><p><b>identifier</b>: <code>urn:oid:2.16.840.1.113883.4.349.4.989</code>/VitalSignTO.6544222\u00a0(use:\u00a0usual)</p><p><b>status</b>: final</p><p><b>category</b>: Vital Signs <span style=\"background: LightGoldenRodYellow; margin: 4px; border: 1px solid khaki\"> (<a href=\"http://terminology.hl7.org/5.5.0/CodeSystem-observation-category.html\">Observation Category Codes</a>#vital-signs)</span></p><p><b>code</b>: PULSE OXIMETRY <span style=\"background: LightGoldenRodYellow; margin: 4px; border: 1px solid khaki\"> (<a href=\"https://loinc.org/\">LOINC</a>#59408-5; <a href=\"https://loinc.org/\">LOINC</a>#2708-6 &quot;Oxygen saturation in Arterial blood&quot;)</span></p><p><b>subject</b>: <a href=\"Patient-ex-MHV-patient-3.html\">Patient/ex-MHV-patient-3</a> &quot; CASEYLAST&quot;</p><p><b>effective</b>: 2022-08-08 10:51:24+0000</p><p><b>performer</b>: <span>: AC AMOD</span></p><p><b>value</b>: 95 %<span style=\"background: LightGoldenRodYellow\"> (Details: UCUM  code% = '%')</span></p><hr/><blockquote><p><b>Generated Narrative: Location  #location-3713</b><a name=\"location-3713\"> </a><a name=\"hclocation-3713\"> </a></p><p><b>identifier</b>: <code>urn:oid:2.16.840.1.113883.4.349.4.989</code>/HospitalLocationTO.3713\u00a0(use:\u00a0usual)</p><p><b>name</b>: 000-EYE NON TREATMENT (LOC)</p></blockquote></div>"
  },
  "contained" : [{
    "resourceType" : "Location",
    "id" : "location-3713",
    "meta" : {
      "profile" : ["https://department-of-veterans-affairs.github.io/mhv-fhir-phr-mapping/StructureDefinition/VA.MHV.PHR.location"]
    },
    "identifier" : [{
      "use" : "usual",
      "system" : "urn:oid:2.16.840.1.113883.4.349.4.989",
      "value" : "HospitalLocationTO.3713"
    }],
    "name" : "000-EYE NON TREATMENT (LOC)"
  }],
  "identifier" : [{
    "use" : "usual",
    "system" : "urn:oid:2.16.840.1.113883.4.349.4.989",
    "value" : "VitalSignTO.6544222"
  }],
  "status" : "final",
  "category" : [{
    "coding" : [{
      "system" : "http://terminology.hl7.org/CodeSystem/observation-category",
      "code" : "vital-signs"
    }]
  }],
  "code" : {
    "coding" : [{
      "system" : "http://loinc.org",
      "code" : "59408-5"
    },
    {
      "system" : "http://loinc.org",
      "code" : "2708-6",
      "display" : "Oxygen saturation in Arterial blood"
    }],
    "text" : "PULSE OXIMETRY"
  },
  "subject" : {
    "reference" : "Patient/ex-MHV-patient-3"
  },
  "effectiveDateTime" : "2022-08-08T10:51:24Z",
  "performer" : [{
    "extension" : [{
      "url" : "http://hl7.org/fhir/StructureDefinition/alternate-reference",
      "valueReference" : {
        "reference" : "#location-3713"
      }
    }],
    "display" : "AC AMOD"
  }],
  "valueQuantity" : {
    "value" : 95,
    "unit" : "%",
    "system" : "http://unitsofmeasure.org",
    "code" : "%"
  }
}