{
  "resourceType" : "Observation",
  "id" : "83781361-bf52-4363-84ce-97ce6cd67118",
  "meta" : {
    "profile" : ["https://department-of-veterans-affairs.github.io/mhv-fhir-phr-mapping/StructureDefinition/VA.MHV.PHR.vitalsPain"]
  },
  "text" : {
    "status" : "generated",
    "div" : "<div xmlns=\"http://www.w3.org/1999/xhtml\"><p class=\"res-header-id\"><b>Generated Narrative: Observation 83781361-bf52-4363-84ce-97ce6cd67118</b></p><a name=\"83781361-bf52-4363-84ce-97ce6cd67118\"> </a><a name=\"hc83781361-bf52-4363-84ce-97ce6cd67118\"> </a><a name=\"83781361-bf52-4363-84ce-97ce6cd67118-en-US\"> </a><p><b>identifier</b>: <code>urn:oid:2.16.840.1.113883.4.349.4.989</code>/VitalSignTO.3122812\u00a0(use:\u00a0usual,\u00a0)</p><p><b>status</b>: Final</p><p><b>category</b>: <span title=\"Codes:{http://terminology.hl7.org/CodeSystem/observation-category vital-signs}\">Vital Signs</span></p><p><b>code</b>: <span title=\"Codes:{http://loinc.org 72514-3}\">PAIN</span></p><p><b>subject</b>: <a href=\"Patient-ex-MHV-patient-2.html\">ROBERT MHVLISAONE  Male, DoB: 1000-01-01 ( urn:oid:2.16.840.1.113883.4.349#2\u00a0(use:\u00a0usual,\u00a0))</a></p><p><b>effective</b>: 2001-03-22 10:26:00+0000</p><p><b>performer</b>: Location 2938</p><p><b>value</b>: 0</p><hr/><blockquote><p class=\"res-header-id\"><b>Generated Narrative: Location  #ex-MHV-location-2938</b></p><a name=\"83781361-bf52-4363-84ce-97ce6cd67118/ex-MHV-location-2938\"> </a><a name=\"hc83781361-bf52-4363-84ce-97ce6cd67118/ex-MHV-location-2938\"> </a><a name=\"83781361-bf52-4363-84ce-97ce6cd67118/ex-MHV-location-2938-en-US\"> </a><p><b>identifier</b>: <code>urn:oid:2.16.840.1.113883.4.349.4.989</code>/HospitalLocationTO.2938\u00a0(use:\u00a0usual,\u00a0)</p><p><b>name</b>: PCT_O PATIL (F/U)</p></blockquote></div>"
  },
  "contained" : [{
    "resourceType" : "Location",
    "id" : "ex-MHV-location-2938",
    "meta" : {
      "profile" : ["https://department-of-veterans-affairs.github.io/mhv-fhir-phr-mapping/StructureDefinition/VA.MHV.PHR.location"]
    },
    "identifier" : [{
      "use" : "usual",
      "system" : "urn:oid:2.16.840.1.113883.4.349.4.989",
      "value" : "HospitalLocationTO.2938"
    }],
    "name" : "PCT_O PATIL (F/U)"
  }],
  "identifier" : [{
    "use" : "usual",
    "system" : "urn:oid:2.16.840.1.113883.4.349.4.989",
    "value" : "VitalSignTO.3122812"
  }],
  "status" : "final",
  "category" : [{
    "coding" : [{
      "system" : "http://terminology.hl7.org/CodeSystem/observation-category",
      "code" : "vital-signs"
    }]
  }],
  "code" : {
    "coding" : [{
      "system" : "http://loinc.org",
      "code" : "72514-3",
      "display" : "Pain severity - 0-10 verbal numeric rating [Score] - Reported"
    }],
    "text" : "PAIN"
  },
  "subject" : {
    "reference" : "Patient/ex-MHV-patient-2"
  },
  "effectiveDateTime" : "2001-03-22T10:26:00Z",
  "performer" : [{
    "extension" : [{
      "url" : "http://hl7.org/fhir/StructureDefinition/alternate-reference",
      "valueReference" : {
        "reference" : "#ex-MHV-location-2938"
      }
    }],
    "display" : "Location 2938"
  }],
  "valueInteger" : 0
}