{
  "resourceType" : "Observation",
  "id" : "34d37063-ea9e-4ff2-bdfb-c1cb6593524a",
  "meta" : {
    "profile" : ["https://department-of-veterans-affairs.github.io/mhv-fhir-phr-mapping/StructureDefinition/VA.MHV.PHR.vitals"]
  },
  "text" : {
    "status" : "generated",
    "div" : "<div xmlns=\"http://www.w3.org/1999/xhtml\"><p class=\"res-header-id\"><b>Generated Narrative: Observation 34d37063-ea9e-4ff2-bdfb-c1cb6593524a</b></p><a name=\"34d37063-ea9e-4ff2-bdfb-c1cb6593524a\"> </a><a name=\"hc34d37063-ea9e-4ff2-bdfb-c1cb6593524a\"> </a><a name=\"34d37063-ea9e-4ff2-bdfb-c1cb6593524a-en-US\"> </a><p><b>identifier</b>: <code>urn:oid:2.16.840.1.113883.4.349.4.989</code>/VitalSignTO.6544226\u00a0(use:\u00a0usual,\u00a0)</p><p><b>status</b>: Final</p><p><b>category</b>: <span title=\"Codes:{http://terminology.hl7.org/CodeSystem/observation-category vital-signs}\">Vital Signs</span></p><p><b>code</b>: <span title=\"Codes:{http://loinc.org 29463-7}\">WEIGHT</span></p><p><b>subject</b>: <a href=\"Patient-ex-MHV-patient-3.html\">CASEYONE CASEYLAST  Unknown, DoB: 1000-01-01 ( urn:oid:2.16.840.1.113883.4.349#3\u00a0(use:\u00a0usual,\u00a0))</a></p><p><b>effective</b>: 2022-08-08 10:51:24+0000</p><p><b>performer</b>: AC AMOD</p><p><b>value</b>: 190 pounds<span style=\"background: LightGoldenRodYellow\"> (Details: UCUM  code[lb_av] = '[lb_av]')</span></p><hr/><blockquote><p class=\"res-header-id\"><b>Generated Narrative: Location  #location-3713</b></p><a name=\"34d37063-ea9e-4ff2-bdfb-c1cb6593524a/location-3713\"> </a><a name=\"hc34d37063-ea9e-4ff2-bdfb-c1cb6593524a/location-3713\"> </a><a name=\"34d37063-ea9e-4ff2-bdfb-c1cb6593524a/location-3713-en-US\"> </a><p><b>identifier</b>: <code>urn:oid:2.16.840.1.113883.4.349.4.989</code>/HospitalLocationTO.3713\u00a0(use:\u00a0usual,\u00a0)</p><p><b>name</b>: 000-EYE NON TREATMENT (LOC)</p></blockquote></div>"
  },
  "contained" : [{
    "resourceType" : "Location",
    "id" : "location-3713",
    "meta" : {
      "profile" : ["https://department-of-veterans-affairs.github.io/mhv-fhir-phr-mapping/StructureDefinition/VA.MHV.PHR.location"]
    },
    "identifier" : [{
      "use" : "usual",
      "system" : "urn:oid:2.16.840.1.113883.4.349.4.989",
      "value" : "HospitalLocationTO.3713"
    }],
    "name" : "000-EYE NON TREATMENT (LOC)"
  }],
  "identifier" : [{
    "use" : "usual",
    "system" : "urn:oid:2.16.840.1.113883.4.349.4.989",
    "value" : "VitalSignTO.6544226"
  }],
  "status" : "final",
  "category" : [{
    "coding" : [{
      "system" : "http://terminology.hl7.org/CodeSystem/observation-category",
      "code" : "vital-signs"
    }]
  }],
  "code" : {
    "coding" : [{
      "system" : "http://loinc.org",
      "code" : "29463-7",
      "display" : "Body weight"
    }],
    "text" : "WEIGHT"
  },
  "subject" : {
    "reference" : "Patient/ex-MHV-patient-3"
  },
  "effectiveDateTime" : "2022-08-08T10:51:24Z",
  "performer" : [{
    "extension" : [{
      "url" : "http://hl7.org/fhir/StructureDefinition/alternate-reference",
      "valueReference" : {
        "reference" : "#location-3713"
      }
    }],
    "display" : "AC AMOD"
  }],
  "valueQuantity" : {
    "value" : 190,
    "unit" : "pounds",
    "system" : "http://unitsofmeasure.org",
    "code" : "[lb_av]"
  }
}