{
  "resourceType" : "Observation",
  "id" : "984bc2b8-713c-4012-8fe1-ee599bde4721",
  "meta" : {
    "profile" : ["https://department-of-veterans-affairs.github.io/mhv-fhir-phr-mapping/StructureDefinition/VA.MHV.PHR.vitalsPain"]
  },
  "text" : {
    "status" : "generated",
    "div" : "<div xmlns=\"http://www.w3.org/1999/xhtml\"><p class=\"res-header-id\"><b>Generated Narrative: Observation 984bc2b8-713c-4012-8fe1-ee599bde4721</b></p><a name=\"984bc2b8-713c-4012-8fe1-ee599bde4721\"> </a><a name=\"hc984bc2b8-713c-4012-8fe1-ee599bde4721\"> </a><a name=\"984bc2b8-713c-4012-8fe1-ee599bde4721-en-US\"> </a><p><b>identifier</b>: <code>urn:oid:2.16.840.1.113883.4.349.4.989</code>/VitalSignTO.2841125\u00a0(use:\u00a0usual,\u00a0)</p><p><b>status</b>: Final</p><p><b>category</b>: <span title=\"Codes:{http://terminology.hl7.org/CodeSystem/observation-category vital-signs}\">Vital Signs</span></p><p><b>code</b>: <span title=\"Codes:{http://loinc.org 72514-3}\">PAIN</span></p><p><b>subject</b>: <a href=\"Patient-ex-MHV-patient-2.html\">ROBERT MHVLISAONE  Male, DoB: 1000-01-01 ( urn:oid:2.16.840.1.113883.4.349#2\u00a0(use:\u00a0usual,\u00a0))</a></p><p><b>effective</b>: 2000-08-17 01:00:00+0000</p><p><b>performer</b>: Location 2171</p><p><b>value</b>: 0</p><hr/><blockquote><p class=\"res-header-id\"><b>Generated Narrative: Location  #location-2171</b></p><a name=\"984bc2b8-713c-4012-8fe1-ee599bde4721/location-2171\"> </a><a name=\"hc984bc2b8-713c-4012-8fe1-ee599bde4721/location-2171\"> </a><a name=\"984bc2b8-713c-4012-8fe1-ee599bde4721/location-2171-en-US\"> </a><p><b>identifier</b>: <code>urn:oid:2.16.840.1.113883.4.349.4.989</code>/HospitalLocationTO.2171\u00a0(use:\u00a0usual,\u00a0)</p><p><b>name</b>: ZZZHEMATOLOGY II</p></blockquote></div>"
  },
  "contained" : [{
    "resourceType" : "Location",
    "id" : "location-2171",
    "meta" : {
      "profile" : ["https://department-of-veterans-affairs.github.io/mhv-fhir-phr-mapping/StructureDefinition/VA.MHV.PHR.location"]
    },
    "identifier" : [{
      "use" : "usual",
      "system" : "urn:oid:2.16.840.1.113883.4.349.4.989",
      "value" : "HospitalLocationTO.2171"
    }],
    "name" : "ZZZHEMATOLOGY II"
  }],
  "identifier" : [{
    "use" : "usual",
    "system" : "urn:oid:2.16.840.1.113883.4.349.4.989",
    "value" : "VitalSignTO.2841125"
  }],
  "status" : "final",
  "category" : [{
    "coding" : [{
      "system" : "http://terminology.hl7.org/CodeSystem/observation-category",
      "code" : "vital-signs"
    }]
  }],
  "code" : {
    "coding" : [{
      "system" : "http://loinc.org",
      "code" : "72514-3",
      "display" : "Pain severity - 0-10 verbal numeric rating [Score] - Reported"
    }],
    "text" : "PAIN"
  },
  "subject" : {
    "reference" : "Patient/ex-MHV-patient-2"
  },
  "effectiveDateTime" : "2000-08-17T01:00:00Z",
  "performer" : [{
    "extension" : [{
      "url" : "http://hl7.org/fhir/StructureDefinition/alternate-reference",
      "valueReference" : {
        "reference" : "#location-2171"
      }
    }],
    "display" : "Location 2171"
  }],
  "valueInteger" : 0
}