{
  "resourceType" : "Observation",
  "id" : "57964868-ef5a-4038-9b14-b2c4fba9926f",
  "meta" : {
    "profile" : ["https://department-of-veterans-affairs.github.io/mhv-fhir-phr-mapping/StructureDefinition/VA.MHV.PHR.vitals"]
  },
  "text" : {
    "status" : "generated",
    "div" : "<div xmlns=\"http://www.w3.org/1999/xhtml\"><p><b>Generated Narrative: Observation</b><a name=\"57964868-ef5a-4038-9b14-b2c4fba9926f\"> </a></p><div style=\"display: inline-block; background-color: #d9e0e7; padding: 6px; margin: 4px; border: 1px solid #8da1b4; border-radius: 5px; line-height: 60%\"><p style=\"margin-bottom: 0px\">Resource Observation &quot;57964868-ef5a-4038-9b14-b2c4fba9926f&quot; </p><p style=\"margin-bottom: 0px\">Profile: <a href=\"StructureDefinition-VA.MHV.PHR.vitals.html\">VA MHV PHR Vital-Signs</a></p></div><p><b>identifier</b>: id:\u00a0VitalSignTO.6544224\u00a0(use:\u00a0USUAL)</p><p><b>status</b>: final</p><p><b>category</b>: Vital Signs <span style=\"background: LightGoldenRodYellow; margin: 4px; border: 1px solid khaki\"> (<a href=\"http://terminology.hl7.org/5.0.0/CodeSystem-observation-category.html\">Observation Category Codes</a>#vital-signs)</span></p><p><b>code</b>: CIRCUMFERENCE/GIRTH <span style=\"background: LightGoldenRodYellow; margin: 4px; border: 1px solid khaki\"> (<a href=\"https://loinc.org/\">LOINC</a>#9844-2 &quot;Body region Circumference&quot;)</span></p><p><b>subject</b>: <a href=\"Patient-ex-MHV-patient-3.html\">Patient/ex-MHV-patient-3</a> &quot; CASEYLAST&quot;</p><p><b>effective</b>: 2022-08-08 10:51:24+0000</p><p><b>performer</b>: <span>: AC AMOD</span></p><p><b>value</b>: 80 inches<span style=\"background: LightGoldenRodYellow\"> (Details: UCUM code [in_i] = '[in_i]')</span></p><p><b>bodySite</b>: Abdomen <span style=\"background: LightGoldenRodYellow; margin: 4px; border: 1px solid khaki\"> (<a href=\"https://browser.ihtsdotools.org/\">SNOMED CT</a>#818983003)</span></p><blockquote><p><b>component</b></p><p><b>code</b>: LEFT <span style=\"background: LightGoldenRodYellow; margin: 4px; border: 1px solid khaki\"> (unknown#4688660)</span></p><p><b>dataAbsentReason</b>: Not Applicable <span style=\"background: LightGoldenRodYellow; margin: 4px; border: 1px solid khaki\"> (<a href=\"http://terminology.hl7.org/5.0.0/CodeSystem-data-absent-reason.html\">DataAbsentReason</a>#not-applicable)</span></p></blockquote><blockquote><p><b>component</b></p><p><b>code</b>: ABDOMINAL <span style=\"background: LightGoldenRodYellow; margin: 4px; border: 1px solid khaki\"> (unknown#4688633)</span></p><p><b>dataAbsentReason</b>: Not Applicable <span style=\"background: LightGoldenRodYellow; margin: 4px; border: 1px solid khaki\"> (<a href=\"http://terminology.hl7.org/5.0.0/CodeSystem-data-absent-reason.html\">DataAbsentReason</a>#not-applicable)</span></p></blockquote><hr/><blockquote><p><b>Generated Narrative: Location #location-3713</b><a name=\"location-3713\"> </a></p><p><b>identifier</b>: id:\u00a0HospitalLocationTO.3713\u00a0(use:\u00a0USUAL)</p><p><b>name</b>: 000-EYE NON TREATMENT (LOC)</p></blockquote></div>"
  },
  "contained" : [{
    "resourceType" : "Location",
    "id" : "location-3713",
    "meta" : {
      "profile" : ["https://department-of-veterans-affairs.github.io/mhv-fhir-phr-mapping/StructureDefinition/VA.MHV.PHR.location"]
    },
    "identifier" : [{
      "use" : "usual",
      "system" : "urn:oid:2.16.840.1.113883.4.349.4.989",
      "value" : "HospitalLocationTO.3713"
    }],
    "name" : "000-EYE NON TREATMENT (LOC)"
  }],
  "identifier" : [{
    "use" : "usual",
    "system" : "urn:oid:2.16.840.1.113883.4.349.4.989",
    "value" : "VitalSignTO.6544224"
  }],
  "status" : "final",
  "category" : [{
    "coding" : [{
      "system" : "http://terminology.hl7.org/CodeSystem/observation-category",
      "code" : "vital-signs"
    }]
  }],
  "code" : {
    "coding" : [{
      "system" : "http://loinc.org",
      "code" : "9844-2",
      "display" : "Body region Circumference"
    }],
    "text" : "CIRCUMFERENCE/GIRTH"
  },
  "subject" : {
    "reference" : "Patient/ex-MHV-patient-3"
  },
  "effectiveDateTime" : "2022-08-08T10:51:24Z",
  "performer" : [{
    "extension" : [{
      "url" : "http://hl7.org/fhir/StructureDefinition/alternate-reference",
      "valueReference" : {
        "reference" : "#location-3713"
      }
    }],
    "display" : "AC AMOD"
  }],
  "valueQuantity" : {
    "value" : 80,
    "unit" : "inches",
    "system" : "http://unitsofmeasure.org",
    "code" : "[in_i]"
  },
  "bodySite" : {
    "coding" : [{
      "system" : "http://snomed.info/sct",
      "code" : "818983003",
      "display" : "Abdomen"
    }]
  },
  "component" : [{
    "code" : {
      "coding" : [{
        "system" : "urn:oid:2.16.840.1.113883.6.233",
        "code" : "4688660",
        "display" : "LEFT"
      }]
    },
    "dataAbsentReason" : {
      "coding" : [{
        "system" : "http://terminology.hl7.org/CodeSystem/data-absent-reason",
        "code" : "not-applicable"
      }]
    }
  },
  {
    "code" : {
      "coding" : [{
        "system" : "urn:oid:2.16.840.1.113883.6.233",
        "code" : "4688633",
        "display" : "ABDOMINAL"
      }]
    },
    "dataAbsentReason" : {
      "coding" : [{
        "system" : "http://terminology.hl7.org/CodeSystem/data-absent-reason",
        "code" : "not-applicable"
      }]
    }
  }]
}