{
  "resourceType" : "Observation",
  "id" : "ded3b233-a77f-4d68-a124-adb4b42d2689",
  "meta" : {
    "profile" : ["https://department-of-veterans-affairs.github.io/mhv-fhir-phr-mapping/StructureDefinition/VA.MHV.PHR.vitalsPain"]
  },
  "text" : {
    "status" : "generated",
    "div" : "<div xmlns=\"http://www.w3.org/1999/xhtml\"><p class=\"res-header-id\"><b>Generated Narrative: Observation ded3b233-a77f-4d68-a124-adb4b42d2689</b></p><a name=\"ded3b233-a77f-4d68-a124-adb4b42d2689\"> </a><a name=\"hcded3b233-a77f-4d68-a124-adb4b42d2689\"> </a><a name=\"ded3b233-a77f-4d68-a124-adb4b42d2689-en-US\"> </a><p><b>identifier</b>: <code>urn:oid:2.16.840.1.113883.4.349.4.989</code>/VitalSignTO.3011573\u00a0(use:\u00a0usual,\u00a0)</p><p><b>status</b>: Final</p><p><b>category</b>: <span title=\"Codes:{http://terminology.hl7.org/CodeSystem/observation-category vital-signs}\">Vital Signs</span></p><p><b>code</b>: <span title=\"Codes:{http://loinc.org 72514-3}\">PAIN</span></p><p><b>subject</b>: <a href=\"Patient-ex-MHV-patient-2.html\">ROBERT MHVLISAONE  Male, DoB: 1000-01-01 ( urn:oid:2.16.840.1.113883.4.349#2\u00a0(use:\u00a0usual,\u00a0))</a></p><p><b>effective</b>: 2001-01-11 09:55:00+0000</p><p><b>performer</b>: Location 1148</p><p><b>value</b>: 0</p><hr/><blockquote><p class=\"res-header-id\"><b>Generated Narrative: Location  #location-1148</b></p><a name=\"ded3b233-a77f-4d68-a124-adb4b42d2689/location-1148\"> </a><a name=\"hcded3b233-a77f-4d68-a124-adb4b42d2689/location-1148\"> </a><a name=\"ded3b233-a77f-4d68-a124-adb4b42d2689/location-1148-en-US\"> </a><p><b>identifier</b>: <code>urn:oid:2.16.840.1.113883.4.349.4.989</code>/HospitalLocationTO.1148\u00a0(use:\u00a0usual,\u00a0)</p><p><b>name</b>: SLEEP F/U 2</p></blockquote></div>"
  },
  "contained" : [{
    "resourceType" : "Location",
    "id" : "location-1148",
    "meta" : {
      "profile" : ["https://department-of-veterans-affairs.github.io/mhv-fhir-phr-mapping/StructureDefinition/VA.MHV.PHR.location"]
    },
    "identifier" : [{
      "use" : "usual",
      "system" : "urn:oid:2.16.840.1.113883.4.349.4.989",
      "value" : "HospitalLocationTO.1148"
    }],
    "name" : "SLEEP F/U 2"
  }],
  "identifier" : [{
    "use" : "usual",
    "system" : "urn:oid:2.16.840.1.113883.4.349.4.989",
    "value" : "VitalSignTO.3011573"
  }],
  "status" : "final",
  "category" : [{
    "coding" : [{
      "system" : "http://terminology.hl7.org/CodeSystem/observation-category",
      "code" : "vital-signs"
    }]
  }],
  "code" : {
    "coding" : [{
      "system" : "http://loinc.org",
      "code" : "72514-3",
      "display" : "Pain severity - 0-10 verbal numeric rating [Score] - Reported"
    }],
    "text" : "PAIN"
  },
  "subject" : {
    "reference" : "Patient/ex-MHV-patient-2"
  },
  "effectiveDateTime" : "2001-01-11T09:55:00Z",
  "performer" : [{
    "extension" : [{
      "url" : "http://hl7.org/fhir/StructureDefinition/alternate-reference",
      "valueReference" : {
        "reference" : "#location-1148"
      }
    }],
    "display" : "Location 1148"
  }],
  "valueInteger" : 0
}