{
  "resourceType" : "Observation",
  "id" : "ex-MHV-oximetry-1",
  "meta" : {
    "profile" : ["https://department-of-veterans-affairs.github.io/mhv-fhir-phr-mapping/StructureDefinition/VA.MHV.PHR.vitalsOx"]
  },
  "text" : {
    "status" : "extensions",
    "div" : "<div xmlns=\"http://www.w3.org/1999/xhtml\"><p><b>Generated Narrative: Observation</b><a name=\"ex-MHV-oximetry-1\"> </a><a name=\"hcex-MHV-oximetry-1\"> </a></p><div style=\"display: inline-block; background-color: #d9e0e7; padding: 6px; margin: 4px; border: 1px solid #8da1b4; border-radius: 5px; line-height: 60%\"><p style=\"margin-bottom: 0px\">ResourceObservation &quot;ex-MHV-oximetry-1&quot; </p><p style=\"margin-bottom: 0px\">Profile: <a href=\"StructureDefinition-VA.MHV.PHR.vitalsOx.html\">VA MHV PHR Pulse Oximetry Vital-Signs</a></p></div><p><b>Device Code</b>: Oxygen nasal cannula <span style=\"background: LightGoldenRodYellow; margin: 4px; border: 1px solid khaki\"> (<a href=\"https://browser.ihtsdotools.org/\">SNOWMED CT</a>#336623009)</span></p><p><b>identifier</b>: <code>urn:oid:2.16.840.1.113883.4.349.4.989</code>/VitalSignTO.6544753\u00a0(use:\u00a0usual)</p><p><b>status</b>: final</p><p><b>category</b>: Vital Signs <span style=\"background: LightGoldenRodYellow; margin: 4px; border: 1px solid khaki\"> (<a href=\"http://terminology.hl7.org/5.5.0/CodeSystem-observation-category.html\">Observation Category Codes</a>#vital-signs)</span></p><p><b>code</b>: PULSE OXIMETRY <span style=\"background: LightGoldenRodYellow; margin: 4px; border: 1px solid khaki\"> (<a href=\"https://loinc.org/\">LOINC</a>#59408-5; <a href=\"https://loinc.org/\">LOINC</a>#2708-6 &quot;Oxygen saturation in Arterial blood&quot;)</span></p><p><b>subject</b>: <a href=\"Patient-ex-MHV-patient-2.html\">Patient/ex-MHV-patient-2</a> &quot; MHVLISAONE&quot;</p><p><b>effective</b>: 2023-10-26 11:33:31-0500</p><p><b>performer</b>: <span>: Location 3713</span></p><p><b>value</b>: 95 percent<span style=\"background: LightGoldenRodYellow\"> (Details: UCUM code % = '%')</span></p><h3>Components</h3><table class=\"grid\"><tr><td style=\"display: none\">-</td><td><b>Code</b></td><td><b>DataAbsentReason</b></td></tr><tr><td style=\"display: none\">*</td><td>NASAL CANNULA <span style=\"background: LightGoldenRodYellow; margin: 4px; border: 1px solid khaki\"> (unknown#4688666)</span></td><td>Not Applicable <span style=\"background: LightGoldenRodYellow; margin: 4px; border: 1px solid khaki\"> (<a href=\"http://terminology.hl7.org/5.5.0/CodeSystem-data-absent-reason.html\">DataAbsentReason</a>#not-applicable)</span></td></tr></table><hr/><blockquote><p><b>Generated Narrative: Location #location-3713</b><a name=\"location-3713\"> </a><a name=\"hclocation-3713\"> </a></p><p><b>identifier</b>: <code>urn:oid:2.16.840.1.113883.4.349.4.989</code>/HospitalLocationTO.3713\u00a0(use:\u00a0usual)</p><p><b>name</b>: 000-EYE NON TREATMENT (LOC)</p></blockquote></div>"
  },
  "contained" : [{
    "resourceType" : "Location",
    "id" : "location-3713",
    "meta" : {
      "profile" : ["https://department-of-veterans-affairs.github.io/mhv-fhir-phr-mapping/StructureDefinition/VA.MHV.PHR.location"]
    },
    "identifier" : [{
      "use" : "usual",
      "system" : "urn:oid:2.16.840.1.113883.4.349.4.989",
      "value" : "HospitalLocationTO.3713"
    }],
    "name" : "000-EYE NON TREATMENT (LOC)"
  }],
  "extension" : [{
    "url" : "http://hl7.org/fhir/StructureDefinition/observation-deviceCode",
    "valueCodeableConcept" : {
      "coding" : [{
        "system" : "http://snomed.info/sct",
        "code" : "336623009",
        "display" : "Oxygen nasal cannula"
      }]
    }
  }],
  "identifier" : [{
    "use" : "usual",
    "system" : "urn:oid:2.16.840.1.113883.4.349.4.989",
    "value" : "VitalSignTO.6544753"
  }],
  "status" : "final",
  "category" : [{
    "coding" : [{
      "system" : "http://terminology.hl7.org/CodeSystem/observation-category",
      "code" : "vital-signs"
    }]
  }],
  "code" : {
    "coding" : [{
      "system" : "http://loinc.org",
      "code" : "59408-5"
    },
    {
      "system" : "http://loinc.org",
      "code" : "2708-6",
      "display" : "Oxygen saturation in Arterial blood"
    }],
    "text" : "PULSE OXIMETRY"
  },
  "subject" : {
    "reference" : "Patient/ex-MHV-patient-2"
  },
  "effectiveDateTime" : "2023-10-26T11:33:31-05:00",
  "performer" : [{
    "extension" : [{
      "url" : "http://hl7.org/fhir/StructureDefinition/alternate-reference",
      "valueReference" : {
        "reference" : "#location-3713"
      }
    }],
    "display" : "Location 3713"
  }],
  "valueQuantity" : {
    "value" : 95,
    "unit" : "percent",
    "system" : "http://unitsofmeasure.org",
    "code" : "%"
  },
  "component" : [{
    "code" : {
      "coding" : [{
        "system" : "urn:oid:2.16.840.1.113883.6.233",
        "code" : "4688666",
        "display" : "NASAL CANNULA"
      }]
    },
    "dataAbsentReason" : {
      "coding" : [{
        "system" : "http://terminology.hl7.org/CodeSystem/data-absent-reason",
        "code" : "not-applicable"
      }]
    }
  }]
}