{
  "resourceType" : "Observation",
  "id" : "1724ffd2-624f-477b-b022-758185b6281c",
  "meta" : {
    "profile" : ["https://department-of-veterans-affairs.github.io/mhv-fhir-phr-mapping/StructureDefinition/VA.MHV.PHR.vitals"]
  },
  "text" : {
    "status" : "generated",
    "div" : "<div xmlns=\"http://www.w3.org/1999/xhtml\"><p><b>Generated Narrative: Observation</b><a name=\"1724ffd2-624f-477b-b022-758185b6281c\"> </a><a name=\"hc1724ffd2-624f-477b-b022-758185b6281c\"> </a></p><div style=\"display: inline-block; background-color: #d9e0e7; padding: 6px; margin: 4px; border: 1px solid #8da1b4; border-radius: 5px; line-height: 60%\"><p style=\"margin-bottom: 0px\">ResourceObservation &quot;1724ffd2-624f-477b-b022-758185b6281c&quot; </p><p style=\"margin-bottom: 0px\">Profile: <a href=\"StructureDefinition-VA.MHV.PHR.vitals.html\">VA MHV PHR Vital-Signs</a></p></div><p><b>identifier</b>: <code>urn:oid:2.16.840.1.113883.4.349.4.989</code>/VitalSignTO.4479143\u00a0(use:\u00a0usual)</p><p><b>status</b>: final</p><p><b>category</b>: Vital Signs <span style=\"background: LightGoldenRodYellow; margin: 4px; border: 1px solid khaki\"> (<a href=\"http://terminology.hl7.org/5.5.0/CodeSystem-observation-category.html\">Observation Category Codes</a>#vital-signs)</span></p><p><b>code</b>: TEMPERATURE <span style=\"background: LightGoldenRodYellow; margin: 4px; border: 1px solid khaki\"> (<a href=\"https://loinc.org/\">LOINC</a>#8310-5 &quot;Body temperature&quot;)</span></p><p><b>subject</b>: <a href=\"Patient-ex-MHV-patient-2.html\">Patient/ex-MHV-patient-2</a> &quot; MHVLISAONE&quot;</p><p><b>effective</b>: 2003-01-24 10:08:00+0000</p><p><b>performer</b>: <span>: Location 2938</span></p><p><b>value</b>: 97.4 degree Fahrenheit<span style=\"background: LightGoldenRodYellow\"> (Details: UCUM code [degF] = '[degF]')</span></p><hr/><blockquote><p><b>Generated Narrative: Location #ex-MHV-location-2938</b><a name=\"ex-MHV-location-2938\"> </a><a name=\"hcex-MHV-location-2938\"> </a></p><p><b>identifier</b>: <code>urn:oid:2.16.840.1.113883.4.349.4.989</code>/HospitalLocationTO.2938\u00a0(use:\u00a0usual)</p><p><b>name</b>: PCT_O PATIL (F/U)</p></blockquote></div>"
  },
  "contained" : [{
    "resourceType" : "Location",
    "id" : "ex-MHV-location-2938",
    "meta" : {
      "profile" : ["https://department-of-veterans-affairs.github.io/mhv-fhir-phr-mapping/StructureDefinition/VA.MHV.PHR.location"]
    },
    "identifier" : [{
      "use" : "usual",
      "system" : "urn:oid:2.16.840.1.113883.4.349.4.989",
      "value" : "HospitalLocationTO.2938"
    }],
    "name" : "PCT_O PATIL (F/U)"
  }],
  "identifier" : [{
    "use" : "usual",
    "system" : "urn:oid:2.16.840.1.113883.4.349.4.989",
    "value" : "VitalSignTO.4479143"
  }],
  "status" : "final",
  "category" : [{
    "coding" : [{
      "system" : "http://terminology.hl7.org/CodeSystem/observation-category",
      "code" : "vital-signs"
    }]
  }],
  "code" : {
    "coding" : [{
      "system" : "http://loinc.org",
      "code" : "8310-5",
      "display" : "Body temperature"
    }],
    "text" : "TEMPERATURE"
  },
  "subject" : {
    "reference" : "Patient/ex-MHV-patient-2"
  },
  "effectiveDateTime" : "2003-01-24T10:08:00Z",
  "performer" : [{
    "extension" : [{
      "url" : "http://hl7.org/fhir/StructureDefinition/alternate-reference",
      "valueReference" : {
        "reference" : "#ex-MHV-location-2938"
      }
    }],
    "display" : "Location 2938"
  }],
  "valueQuantity" : {
    "value" : 97.4,
    "unit" : "degree Fahrenheit",
    "system" : "http://unitsofmeasure.org",
    "code" : "[degF]"
  }
}