{
  "resourceType" : "Observation",
  "id" : "5f72a042-728a-4b51-9705-0c2883efa2b7",
  "meta" : {
    "profile" : ["https://department-of-veterans-affairs.github.io/mhv-fhir-phr-mapping/StructureDefinition/VA.MHV.PHR.vitals"]
  },
  "text" : {
    "status" : "generated",
    "div" : "<div xmlns=\"http://www.w3.org/1999/xhtml\"><p class=\"res-header-id\"><b>Generated Narrative: Observation 5f72a042-728a-4b51-9705-0c2883efa2b7</b></p><a name=\"5f72a042-728a-4b51-9705-0c2883efa2b7\"> </a><a name=\"hc5f72a042-728a-4b51-9705-0c2883efa2b7\"> </a><a name=\"5f72a042-728a-4b51-9705-0c2883efa2b7-en-US\"> </a><p><b>identifier</b>: <code>urn:oid:2.16.840.1.113883.4.349.4.989</code>/VitalSignTO.6544816\u00a0(use:\u00a0usual,\u00a0)</p><p><b>status</b>: Final</p><p><b>category</b>: <span title=\"Codes:{http://terminology.hl7.org/CodeSystem/observation-category vital-signs}\">Vital Signs</span></p><p><b>code</b>: <span title=\"Codes:{http://loinc.org 8867-4}\">PULSE</span></p><p><b>subject</b>: <a href=\"Patient-ex-MHV-patient-3.html\">CASEYONE CASEYLAST  Unknown, DoB: 1000-01-01 ( urn:oid:2.16.840.1.113883.4.349#3\u00a0(use:\u00a0usual,\u00a0))</a></p><p><b>effective</b>: 2023-12-12 09:55:14+0000</p><p><b>performer</b>: CARDIO RESEARCH</p><p><b>value</b>: 70 /min<span style=\"background: LightGoldenRodYellow\"> (Details: UCUM  code/min = '/min')</span></p><hr/><blockquote><p class=\"res-header-id\"><b>Generated Narrative: Location  #location-3713</b></p><a name=\"5f72a042-728a-4b51-9705-0c2883efa2b7/location-3713\"> </a><a name=\"hc5f72a042-728a-4b51-9705-0c2883efa2b7/location-3713\"> </a><a name=\"5f72a042-728a-4b51-9705-0c2883efa2b7/location-3713-en-US\"> </a><p><b>identifier</b>: <code>urn:oid:2.16.840.1.113883.4.349.4.989</code>/HospitalLocationTO.3713\u00a0(use:\u00a0usual,\u00a0)</p><p><b>name</b>: 000-EYE NON TREATMENT (LOC)</p></blockquote></div>"
  },
  "contained" : [{
    "resourceType" : "Location",
    "id" : "location-3713",
    "meta" : {
      "profile" : ["https://department-of-veterans-affairs.github.io/mhv-fhir-phr-mapping/StructureDefinition/VA.MHV.PHR.location"]
    },
    "identifier" : [{
      "use" : "usual",
      "system" : "urn:oid:2.16.840.1.113883.4.349.4.989",
      "value" : "HospitalLocationTO.3713"
    }],
    "name" : "000-EYE NON TREATMENT (LOC)"
  }],
  "identifier" : [{
    "use" : "usual",
    "system" : "urn:oid:2.16.840.1.113883.4.349.4.989",
    "value" : "VitalSignTO.6544816"
  }],
  "status" : "final",
  "category" : [{
    "coding" : [{
      "system" : "http://terminology.hl7.org/CodeSystem/observation-category",
      "code" : "vital-signs"
    }]
  }],
  "code" : {
    "coding" : [{
      "system" : "http://loinc.org",
      "code" : "8867-4",
      "display" : "Heart rate"
    }],
    "text" : "PULSE"
  },
  "subject" : {
    "reference" : "Patient/ex-MHV-patient-3"
  },
  "effectiveDateTime" : "2023-12-12T09:55:14Z",
  "performer" : [{
    "extension" : [{
      "url" : "http://hl7.org/fhir/StructureDefinition/alternate-reference",
      "valueReference" : {
        "reference" : "#location-3713"
      }
    }],
    "display" : "CARDIO RESEARCH"
  }],
  "valueQuantity" : {
    "value" : 70,
    "unit" : "/min",
    "system" : "http://unitsofmeasure.org",
    "code" : "/min"
  }
}