{
  "resourceType" : "Observation",
  "id" : "1664af28-8cae-4c8e-9d8b-3d39bf61987c",
  "meta" : {
    "profile" : ["https://department-of-veterans-affairs.github.io/mhv-fhir-phr-mapping/StructureDefinition/VA.MHV.PHR.vitals"]
  },
  "text" : {
    "status" : "generated",
    "div" : "<div xmlns=\"http://www.w3.org/1999/xhtml\"><p class=\"res-header-id\"><b>Generated Narrative: Observation 1664af28-8cae-4c8e-9d8b-3d39bf61987c</b></p><a name=\"1664af28-8cae-4c8e-9d8b-3d39bf61987c\"> </a><a name=\"hc1664af28-8cae-4c8e-9d8b-3d39bf61987c\"> </a><a name=\"1664af28-8cae-4c8e-9d8b-3d39bf61987c-en-US\"> </a><p><b>identifier</b>: <code>urn:oid:2.16.840.1.113883.4.349.4.989</code>/VitalSignTO.6544822\u00a0(use:\u00a0usual,\u00a0)</p><p><b>status</b>: Final</p><p><b>category</b>: <span title=\"Codes:{http://terminology.hl7.org/CodeSystem/observation-category vital-signs}\">Vital Signs</span></p><p><b>code</b>: <span title=\"Codes:{http://loinc.org 8302-2}\">HEIGHT</span></p><p><b>subject</b>: <a href=\"Patient-ex-MHV-patient-3.html\">CASEYONE CASEYLAST  Unknown, DoB: 1000-01-01 ( urn:oid:2.16.840.1.113883.4.349#3\u00a0(use:\u00a0usual,\u00a0))</a></p><p><b>effective</b>: 2023-12-12 09:55:14+0000</p><p><b>performer</b>: CARDIO RESEARCH</p><p><b>dataAbsentReason</b>: <span title=\"Codes:{http://terminology.hl7.org/CodeSystem/data-absent-reason unknown}\">Unknown</span></p><hr/><blockquote><p class=\"res-header-id\"><b>Generated Narrative: Location  #location-3713</b></p><a name=\"1664af28-8cae-4c8e-9d8b-3d39bf61987c/location-3713\"> </a><a name=\"hc1664af28-8cae-4c8e-9d8b-3d39bf61987c/location-3713\"> </a><a name=\"1664af28-8cae-4c8e-9d8b-3d39bf61987c/location-3713-en-US\"> </a><p><b>identifier</b>: <code>urn:oid:2.16.840.1.113883.4.349.4.989</code>/HospitalLocationTO.3713\u00a0(use:\u00a0usual,\u00a0)</p><p><b>name</b>: 000-EYE NON TREATMENT (LOC)</p></blockquote></div>"
  },
  "contained" : [{
    "resourceType" : "Location",
    "id" : "location-3713",
    "meta" : {
      "profile" : ["https://department-of-veterans-affairs.github.io/mhv-fhir-phr-mapping/StructureDefinition/VA.MHV.PHR.location"]
    },
    "identifier" : [{
      "use" : "usual",
      "system" : "urn:oid:2.16.840.1.113883.4.349.4.989",
      "value" : "HospitalLocationTO.3713"
    }],
    "name" : "000-EYE NON TREATMENT (LOC)"
  }],
  "identifier" : [{
    "use" : "usual",
    "system" : "urn:oid:2.16.840.1.113883.4.349.4.989",
    "value" : "VitalSignTO.6544822"
  }],
  "status" : "final",
  "category" : [{
    "coding" : [{
      "system" : "http://terminology.hl7.org/CodeSystem/observation-category",
      "code" : "vital-signs"
    }]
  }],
  "code" : {
    "coding" : [{
      "system" : "http://loinc.org",
      "code" : "8302-2",
      "display" : "Body height"
    }],
    "text" : "HEIGHT"
  },
  "subject" : {
    "reference" : "Patient/ex-MHV-patient-3"
  },
  "effectiveDateTime" : "2023-12-12T09:55:14Z",
  "performer" : [{
    "extension" : [{
      "url" : "http://hl7.org/fhir/StructureDefinition/alternate-reference",
      "valueReference" : {
        "reference" : "#location-3713"
      }
    }],
    "display" : "CARDIO RESEARCH"
  }],
  "dataAbsentReason" : {
    "coding" : [{
      "system" : "http://terminology.hl7.org/CodeSystem/data-absent-reason",
      "code" : "unknown"
    }]
  }
}