{
  "resourceType" : "Observation",
  "id" : "ex-MHV-vitals-1",
  "meta" : {
    "profile" : ["https://johnmoehrke.github.io/MHV-PHR/StructureDefinition/VA.MHV.PHR.vitalsBP"]
  },
  "text" : {
    "status" : "generated",
    "div" : "<div xmlns=\"http://www.w3.org/1999/xhtml\"><p><b>Generated Narrative: Observation</b><a name=\"ex-MHV-vitals-1\"> </a></p><div style=\"display: inline-block; background-color: #d9e0e7; padding: 6px; margin: 4px; border: 1px solid #8da1b4; border-radius: 5px; line-height: 60%\"><p style=\"margin-bottom: 0px\">Resource Observation &quot;ex-MHV-vitals-1&quot; </p><p style=\"margin-bottom: 0px\">Profile: <a href=\"StructureDefinition-VA.MHV.PHR.vitalsBP.html\">VA MHV PHR Vital-Signs for Blood Pressure</a></p></div><p><b>identifier</b>: id:\u00a0VitalSignTO.6003810\u00a0(use:\u00a0USUAL)</p><p><b>status</b>: final</p><p><b>category</b>: Vital Signs <span style=\"background: LightGoldenRodYellow; margin: 4px; border: 1px solid khaki\"> (<a href=\"http://terminology.hl7.org/5.0.0/CodeSystem-observation-category.html\">Observation Category Codes</a>#vital-signs)</span></p><p><b>code</b>: BLOOD PRESSURE <span style=\"background: LightGoldenRodYellow; margin: 4px; border: 1px solid khaki\"> (<a href=\"https://loinc.org/\">LOINC</a>#85354-9 &quot;Blood pressure panel with all children optional&quot;)</span></p><p><b>subject</b>: <a href=\"Patient-ex-MHV-patient-2.html\">Patient/ex-MHV-patient-2</a> &quot; MHVLISAONE&quot;</p><p><b>effective</b>: 2004-09-24 11:17:54+0000</p><blockquote><p><b>component</b></p><p><b>code</b>: Systolic blood pressure <span style=\"background: LightGoldenRodYellow; margin: 4px; border: 1px solid khaki\"> (<a href=\"https://loinc.org/\">LOINC</a>#8480-6)</span></p><p><b>value</b>: 126 mmHg<span style=\"background: LightGoldenRodYellow\"> (Details: UCUM code mm[Hg] = 'mm[Hg]')</span></p></blockquote><blockquote><p><b>component</b></p><p><b>code</b>: Diastolic blood pressure <span style=\"background: LightGoldenRodYellow; margin: 4px; border: 1px solid khaki\"> (<a href=\"https://loinc.org/\">LOINC</a>#8462-4)</span></p><p><b>value</b>: 70 mmHg<span style=\"background: LightGoldenRodYellow\"> (Details: UCUM code mm[Hg] = 'mm[Hg]')</span></p></blockquote></div>"
  },
  "identifier" : [{
    "use" : "usual",
    "system" : "urn:oid:2.16.840.1.113883.4.349.4.989",
    "value" : "VitalSignTO.6003810"
  }],
  "status" : "final",
  "category" : [{
    "coding" : [{
      "system" : "http://terminology.hl7.org/CodeSystem/observation-category",
      "code" : "vital-signs"
    }]
  }],
  "code" : {
    "coding" : [{
      "system" : "http://loinc.org",
      "code" : "85354-9",
      "display" : "Blood pressure panel with all children optional"
    }],
    "text" : "BLOOD PRESSURE"
  },
  "subject" : {
    "reference" : "Patient/ex-MHV-patient-2"
  },
  "effectiveDateTime" : "2004-09-24T11:17:54Z",
  "component" : [{
    "code" : {
      "coding" : [{
        "system" : "http://loinc.org",
        "code" : "8480-6",
        "display" : "Systolic blood pressure"
      }]
    },
    "valueQuantity" : {
      "value" : 126,
      "unit" : "mmHg",
      "system" : "http://unitsofmeasure.org",
      "code" : "mm[Hg]"
    }
  },
  {
    "code" : {
      "coding" : [{
        "system" : "http://loinc.org",
        "code" : "8462-4",
        "display" : "Diastolic blood pressure"
      }]
    },
    "valueQuantity" : {
      "value" : 70,
      "unit" : "mmHg",
      "system" : "http://unitsofmeasure.org",
      "code" : "mm[Hg]"
    }
  }]
}