{
  "resourceType" : "Patient",
  "id" : "ex-MHV-patient-1",
  "meta" : {
    "profile" : ["https://department-of-veterans-affairs.github.io/mhv-fhir-phr-mapping/StructureDefinition/VA.MHV.PHR.patient"]
  },
  "text" : {
    "status" : "generated",
    "div" : "<div xmlns=\"http://www.w3.org/1999/xhtml\"><p class=\"res-header-id\"><b>Generated Narrative: Patient ex-MHV-patient-1</b></p><a name=\"ex-MHV-patient-1\"> </a><a name=\"hcex-MHV-patient-1\"> </a><a name=\"ex-MHV-patient-1-en-US\"> </a><p style=\"border: 1px #661aff solid; background-color: #e6e6ff; padding: 10px;\">MTPZEROTWO DAYTSHR  Male, DoB: 1000-01-01 ( urn:oid:2.16.840.1.113883.4.349#1\u00a0(use:\u00a0usual,\u00a0))</p><hr/></div>"
  },
  "identifier" : [{
    "use" : "usual",
    "system" : "urn:oid:2.16.840.1.113883.4.349",
    "value" : "1"
  }],
  "name" : [{
    "family" : "DAYTSHR",
    "given" : ["MTPZEROTWO"]
  }],
  "gender" : "male",
  "birthDate" : "1000-01-01"
}