{
  "resourceType" : "Patient",
  "id" : "ex-MHV-patient-1",
  "meta" : {
    "profile" : ["https://johnmoehrke.github.io/MHV-PHR/StructureDefinition/VA.MHV.PHR.patient"]
  },
  "text" : {
    "status" : "generated",
    "div" : "<div xmlns=\"http://www.w3.org/1999/xhtml\"><p style=\"border: 1px #661aff solid; background-color: #e6e6ff; padding: 10px;\"><b>MTPZEROTWO DAYTSHR </b> male, DoB: 1000-01-01 ( id:\u00a01\u00a0(use:\u00a0USUAL))</p><hr/></div>"
  },
  "identifier" : [{
    "use" : "usual",
    "system" : "urn:oid:2.16.840.1.113883.4.349",
    "value" : "1"
  }],
  "name" : [{
    "family" : "DAYTSHR",
    "given" : ["MTPZEROTWO"]
  }],
  "gender" : "male",
  "birthDate" : "1000-01-01"
}