{
  "resourceType" : "Patient",
  "id" : "ex-MHV-patient-942104",
  "meta" : {
    "profile" : ["https://department-of-veterans-affairs.github.io/mhv-fhir-phr-mapping/StructureDefinition/VA.MHV.PHR.patient"]
  },
  "text" : {
    "status" : "generated",
    "div" : "<div xmlns=\"http://www.w3.org/1999/xhtml\"><p class=\"res-header-id\"><b>Generated Narrative: Patient ex-MHV-patient-942104</b></p><a name=\"ex-MHV-patient-942104\"> </a><a name=\"hcex-MHV-patient-942104\"> </a><a name=\"ex-MHV-patient-942104-en-US\"> </a><p style=\"border: 1px #661aff solid; background-color: #e6e6ff; padding: 10px;\">L MHVSYSTEST  Unknown, DoB: 1000-01-01 ( urn:oid:2.16.840.1.113883.4.349#942104\u00a0(use:\u00a0usual,\u00a0))</p><hr/></div>"
  },
  "identifier" : [{
    "use" : "usual",
    "system" : "urn:oid:2.16.840.1.113883.4.349",
    "value" : "942104"
  }],
  "name" : [{
    "use" : "usual",
    "family" : "MHVSYSTEST",
    "given" : ["L"]
  }],
  "gender" : "unknown",
  "birthDate" : "1000-01-01"
}