{
  "resourceType" : "Patient",
  "id" : "ex-MHV-patient-942104",
  "meta" : {
    "profile" : ["https://johnmoehrke.github.io/MHV-PHR/StructureDefinition/VA.MHV.PHR.patient"]
  },
  "text" : {
    "status" : "generated",
    "div" : "<div xmlns=\"http://www.w3.org/1999/xhtml\"><p style=\"border: 1px #661aff solid; background-color: #e6e6ff; padding: 10px;\"><b>L TESTFIVE MHVSYSTEST </b> unknown, DoB Unknown ( id:\u00a0942104\u00a0(use:\u00a0OFFICIAL))</p><hr/></div>"
  },
  "identifier" : [{
    "use" : "official",
    "system" : "http://va.gov/systems/USVHA",
    "value" : "942104",
    "assigner" : {
      "display" : "979"
    }
  }],
  "name" : [{
    "use" : "usual",
    "family" : "MHVSYSTEST",
    "given" : ["L",
    "TESTFIVE"]
  }],
  "gender" : "unknown"
}