{
  "resourceType" : "Patient",
  "id" : "ex-MHV-patient-0",
  "meta" : {
    "profile" : ["https://johnmoehrke.github.io/MHV-PHR/StructureDefinition/VA.MHV.PHR.patient"]
  },
  "text" : {
    "status" : "generated",
    "div" : "<div xmlns=\"http://www.w3.org/1999/xhtml\"><p style=\"border: 1px #661aff solid; background-color: #e6e6ff; padding: 10px;\"><b>ROBERT MHVLISAONE </b> male, DoB: 1962-08-09 ( id:\u00a00\u00a0(use:\u00a0USUAL))</p><hr/><table class=\"grid\"><tr><td style=\"background-color: #f3f5da\" title=\"Record is active\">Active:</td><td colspan=\"3\">true</td></tr></table></div>"
  },
  "identifier" : [{
    "use" : "usual",
    "system" : "urn:oid:2.16.840.1.113883.4.349",
    "value" : "0"
  }],
  "active" : true,
  "name" : [{
    "family" : "MHVLISAONE",
    "given" : ["ROBERT"]
  }],
  "gender" : "male",
  "birthDate" : "1962-08-09"
}