{
  "resourceType" : "Patient",
  "id" : "27659",
  "meta" : {
    "profile" : ["https://department-of-veterans-affairs.github.io/mhv-fhir-phr-mapping/StructureDefinition/VA.MHV.PHR.patient"]
  },
  "text" : {
    "status" : "generated",
    "div" : "<div xmlns=\"http://www.w3.org/1999/xhtml\"><p style=\"border: 1px #661aff solid; background-color: #e6e6ff; padding: 10px;\"><b>unknown test </b> unknown, DoB: 1000-01-01 ( id:\u00a027659\u00a0(use:\u00a0USUAL))</p><hr/></div>"
  },
  "identifier" : [{
    "use" : "usual",
    "system" : "urn:oid:2.16.840.1.113883.4.349",
    "value" : "27659"
  }],
  "name" : [{
    "family" : "test",
    "given" : ["unknown"]
  }],
  "gender" : "unknown",
  "birthDate" : "1000-01-01"
}