{
  "resourceType" : "Practitioner",
  "id" : "ex-MHV-practitioner-14934-VA552",
  "text" : {
    "status" : "generated",
    "div" : "<div xmlns=\"http://www.w3.org/1999/xhtml\"><p><b>Generated Narrative: Practitioner</b><a name=\"ex-MHV-practitioner-14934-VA552\"> </a></p><div style=\"display: inline-block; background-color: #d9e0e7; padding: 6px; margin: 4px; border: 1px solid #8da1b4; border-radius: 5px; line-height: 60%\"><p style=\"margin-bottom: 0px\">Resource Practitioner &quot;ex-MHV-practitioner-14934-VA552&quot; </p></div><p><b>identifier</b>: id:\u00a014934-VA552</p><p><b>name</b>: LISA A HALL </p></div>"
  },
  "identifier" : [{
    "system" : "http://va.gov/systems/99VA4",
    "value" : "14934-VA552"
  }],
  "name" : [{
    "family" : "HALL",
    "given" : ["LISA",
    "A"]
  }]
}