{
  "resourceType" : "Practitioner",
  "id" : "ex-MHV-practitioner-22572",
  "meta" : {
    "profile" : ["https://johnmoehrke.github.io/MHV-PHR/StructureDefinition/VA.MHV.PHR.practitioner"]
  },
  "text" : {
    "status" : "generated",
    "div" : "<div xmlns=\"http://www.w3.org/1999/xhtml\"><p><b>Generated Narrative: Practitioner</b><a name=\"ex-MHV-practitioner-22572\"> </a></p><div style=\"display: inline-block; background-color: #d9e0e7; padding: 6px; margin: 4px; border: 1px solid #8da1b4; border-radius: 5px; line-height: 60%\"><p style=\"margin-bottom: 0px\">Resource Practitioner &quot;ex-MHV-practitioner-22572&quot; </p><p style=\"margin-bottom: 0px\">Profile: <a href=\"StructureDefinition-VA.MHV.PHR.practitioner.html\">VA MHV PHR Practitioner</a></p></div><p><b>identifier</b>: id: 22572 (use: USUAL)</p><p><b>name</b>: FELKLEY,KENNETH E</p></div>"
  },
  "identifier" : [{
    "use" : "usual",
    "system" : "https://johnmoehrke.github.io/MHV-PHR/Vista/111/AuthorTO.id",
    "value" : "22572"
  }],
  "name" : [{
    "text" : "FELKLEY,KENNETH E",
    "family" : "FELKLEY",
    "given" : ["KENNETH",
    "E"]
  }]
}