{
  "resourceType" : "Practitioner",
  "id" : "ex-MHV-practitioner-110",
  "meta" : {
    "profile" : ["https://department-of-veterans-affairs.github.io/mhv-fhir-phr-mapping/StructureDefinition/VA.MHV.PHR.practitioner"]
  },
  "text" : {
    "status" : "generated",
    "div" : "<div xmlns=\"http://www.w3.org/1999/xhtml\"><p><b>Generated Narrative: Practitioner</b><a name=\"ex-MHV-practitioner-110\"> </a></p><div style=\"display: inline-block; background-color: #d9e0e7; padding: 6px; margin: 4px; border: 1px solid #8da1b4; border-radius: 5px; line-height: 60%\"><p style=\"margin-bottom: 0px\">Resource Practitioner &quot;ex-MHV-practitioner-110&quot; </p><p style=\"margin-bottom: 0px\">Profile: <a href=\"StructureDefinition-VA.MHV.PHR.practitioner.html\">VA MHV PHR Practitioner</a></p></div><p><b>identifier</b>: id:\u00a0AuthorTO.110\u00a0(use:\u00a0USUAL)</p><p><b>name</b>: MANGAS,PHYLLIS A</p></div>"
  },
  "identifier" : [{
    "use" : "usual",
    "system" : "urn:oid:2.16.840.1.113883.4.349.4.989",
    "value" : "AuthorTO.110"
  }],
  "name" : [{
    "text" : "MANGAS,PHYLLIS A",
    "family" : "MANGAS",
    "given" : ["PHYLLIS",
    "A"]
  }]
}