{
  "resourceType" : "ValueSet",
  "id" : "ConditionVerificationVS",
  "text" : {
    "status" : "extensions",
    "div" : "<div xmlns=\"http://www.w3.org/1999/xhtml\"><ul><li>Include these codes as defined in <a href=\"http://terminology.hl7.org/3.1.0/CodeSystem-condition-ver-status.html\"><code>http://terminology.hl7.org/CodeSystem/condition-ver-status</code></a><table class=\"none\"><tr><td style=\"white-space:nowrap\"><b>Code</b></td><td><b>Display</b></td><td><b>Definition</b></td></tr><tr><td><a href=\"http://terminology.hl7.org/3.1.0/CodeSystem-condition-ver-status.html#condition-ver-status-confirmed\">confirmed</a></td><td>Confirmed</td><td>There is sufficient diagnostic and/or clinical evidence to treat this as a confirmed condition.</td></tr><tr><td><a href=\"http://terminology.hl7.org/3.1.0/CodeSystem-condition-ver-status.html#condition-ver-status-unconfirmed\">unconfirmed</a></td><td>Unconfirmed</td><td>There is not sufficient diagnostic and/or clinical evidence to treat this as a confirmed condition.</td></tr></table></li></ul></div>"
  },
  "extension" : [{
    "url" : "http://hl7.org/fhir/StructureDefinition/structuredefinition-fmm",
    "valueInteger" : 1,
    "_valueInteger" : {
      "extension" : [{
        "url" : "http://hl7.org/fhir/StructureDefinition/structuredefinition-conformance-derivedFrom",
        "valueCanonical" : "https://johnmoehrke.github.io/MHV-PHR/ImplementationGuide/va.mhv.phr.example"
      }]
    }
  },
  {
    "url" : "http://hl7.org/fhir/StructureDefinition/structuredefinition-standards-status",
    "valueCode" : "trial-use",
    "_valueCode" : {
      "extension" : [{
        "url" : "http://hl7.org/fhir/StructureDefinition/structuredefinition-conformance-derivedFrom",
        "valueCanonical" : "https://johnmoehrke.github.io/MHV-PHR/ImplementationGuide/va.mhv.phr.example"
      }]
    }
  }],
  "url" : "https://johnmoehrke.github.io/MHV-PHR/ValueSet/ConditionVerificationVS",
  "version" : "0.1.16-beta",
  "name" : "ConditionVerificationVS",
  "title" : "Subset of condition verification status",
  "status" : "active",
  "experimental" : false,
  "date" : "2023-06-13T14:37:26-05:00",
  "publisher" : "John Moehrke (himself)",
  "contact" : [{
    "name" : "John Moehrke (himself)",
    "telecom" : [{
      "system" : "url",
      "value" : "http://healthcaresecprivacy.blogspot.com"
    },
    {
      "system" : "email",
      "value" : "JohnMoehrke@gmail.com"
    }]
  },
  {
    "name" : "John Moehrke (himself)",
    "telecom" : [{
      "system" : "email",
      "value" : "JohnMoehrke@gmail.com"
    }]
  }],
  "description" : "not all of them",
  "jurisdiction" : [{
    "coding" : [{
      "system" : "urn:iso:std:iso:3166",
      "code" : "US"
    }]
  }],
  "compose" : {
    "include" : [{
      "system" : "http://terminology.hl7.org/CodeSystem/condition-ver-status",
      "concept" : [{
        "code" : "confirmed"
      },
      {
        "code" : "unconfirmed"
      }]
    }]
  }
}