{
  "resourceType" : "ValueSet",
  "id" : "NoteTypeVS",
  "text" : {
    "status" : "generated",
    "div" : "<div xmlns=\"http://www.w3.org/1999/xhtml\"><ul><li>Include these codes as defined in <a href=\"http://loinc.org\"><code>http://loinc.org</code></a><table class=\"none\"><tr><td style=\"white-space:nowrap\"><b>Code</b></td><td><b>Display</b></td></tr><tr><td><a href=\"https://loinc.org/83320-2/\">83320-2</a></td><td>Allergy and Immunology Adverse event note</td></tr><tr><td><a href=\"https://loinc.org/11505-5/\">11505-5</a></td><td>Physician procedure note</td></tr><tr><td><a href=\"https://loinc.org/18842-5/\">18842-5</a></td><td>Discharge summary</td></tr></table></li></ul></div>"
  },
  "extension" : [{
    "url" : "http://hl7.org/fhir/StructureDefinition/structuredefinition-fmm",
    "valueInteger" : 0,
    "_valueInteger" : {
      "extension" : [{
        "url" : "http://hl7.org/fhir/StructureDefinition/structuredefinition-conformance-derivedFrom",
        "valueCanonical" : "https://johnmoehrke.github.io/MHV-PHR/ImplementationGuide/va.mhv.phr.example"
      }]
    }
  },
  {
    "url" : "http://hl7.org/fhir/StructureDefinition/structuredefinition-standards-status",
    "valueCode" : "trial-use",
    "_valueCode" : {
      "extension" : [{
        "url" : "http://hl7.org/fhir/StructureDefinition/structuredefinition-conformance-derivedFrom",
        "valueCanonical" : "https://johnmoehrke.github.io/MHV-PHR/ImplementationGuide/va.mhv.phr.example"
      }]
    }
  }],
  "url" : "https://johnmoehrke.github.io/MHV-PHR/ValueSet/NoteTypeVS",
  "version" : "0.1.10-beta",
  "name" : "NoteTypeVS",
  "title" : "Known Note types",
  "status" : "active",
  "experimental" : false,
  "date" : "2023-04-17T19:11:15-05:00",
  "publisher" : "John Moehrke (himself)",
  "contact" : [{
    "name" : "John Moehrke (himself)",
    "telecom" : [{
      "system" : "url",
      "value" : "http://healthcaresecprivacy.blogspot.com"
    },
    {
      "system" : "email",
      "value" : "JohnMoehrke@gmail.com"
    }]
  },
  {
    "name" : "John Moehrke (himself)",
    "telecom" : [{
      "system" : "email",
      "value" : "JohnMoehrke@gmail.com"
    }]
  }],
  "description" : "Note types",
  "jurisdiction" : [{
    "coding" : [{
      "system" : "urn:iso:std:iso:3166",
      "code" : "US"
    }]
  }],
  "compose" : {
    "include" : [{
      "system" : "http://loinc.org",
      "concept" : [{
        "code" : "83320-2",
        "display" : "Allergy and Immunology Adverse event note"
      },
      {
        "code" : "11505-5",
        "display" : "Physician procedure note"
      },
      {
        "code" : "18842-5",
        "display" : "Discharge summary"
      }]
    }]
  }
}